pesq,pesq_noisy,stoi,stoi_noisy,estoi,estoi_noisy,si_sdr,si_sdr_noisy,snr,snr_noisy,segsnr,segsnr_noisy,pesq_available,snr_gain,si_sdr_gain,pesq_gain,stoi_gain,method,id,category,speaker,bg_snr_db,n_events,reverb,proc_s,rtf
2.904052734375,2.904052734375,0.9392513839277192,0.9392513839277192,0.8979937823407009,0.8979937823407009,7.619858012062335,7.619858012062335,7.6246279145337095,7.6246279145337095,31.466082961330567,31.466082961330567,True,0.0,0.0,0.0,0.0,unprocessed,gunshot/0000,gunshot,5142,9.22,1,False,3.00002284348011e-06,7.500057108700275e-07
1.5394258499145508,1.5394258499145508,0.9448730121563927,0.9448730121563927,0.795431619513726,0.795431619513726,3.8898251641682484,3.8898251641682484,4.061065805240029,4.061065805240029,6.504926798527301,6.504926798527301,True,0.0,0.0,0.0,0.0,unprocessed,gunshot/0001,gunshot,4077,6.72,2,True,4.899920895695686e-06,1.2249802239239216e-06
3.8241806030273438,3.8241806030273438,0.9991601878089545,0.9991601878089545,0.9987642805724912,0.9987642805724914,32.4280733093195,32.4280733093195,32.428150441176896,32.428150441176896,33.87255013161075,33.87255013161075,True,0.0,0.0,0.0,0.0,unprocessed,gunshot/0002,gunshot,1580,9.58,1,False,3.0999071896076202e-06,7.749767974019051e-07
3.2802019119262695,3.2802019119262695,0.999155808874499,0.999155808874499,0.9993977756636857,0.9993977756636857,21.23588325904676,21.23588325904676,21.223436513052864,21.223436513052864,34.29290191554085,34.29290191554085,True,0.0,0.0,0.0,0.0,unprocessed,gunshot/0003,gunshot,1580,11.33,1,False,3.200024366378784e-06,8.00006091594696e-07
2.1303906440734863,2.1303906440734863,0.9656478159174423,0.9656478159174423,0.9605218117374777,0.9605218117374777,14.744720727573906,14.744720727573906,14.771672366428001,14.771672366428001,32.4709188398653,32.4709188398653,True,0.0,0.0,0.0,0.0,unprocessed,gunshot/0004,gunshot,5105,2.83,1,False,3.8000289350748062e-06,9.500072337687016e-07
2.3308281898498535,2.3308281898498535,0.967282204811773,0.967282204811773,0.9526583812540728,0.9526583812540728,14.082138686995728,14.082138686995728,14.210158345576806,14.210158345576806,25.853959049399343,25.853959049399343,True,0.0,0.0,0.0,0.0,unprocessed,gunshot/0005,gunshot,1320,13.14,2,True,2.6999041438102722e-06,6.749760359525681e-07
2.5386340618133545,2.5386340618133545,0.9373646321149858,0.9373646321149858,0.9141024175116549,0.9141024175116551,12.289392605750873,12.289392605750873,12.292903805835188,12.292903805835188,28.604809240916882,28.604809240916882,True,0.0,0.0,0.0,0.0,unprocessed,gunshot/0006,gunshot,4970,5.21,2,False,3.2999087125062943e-06,8.249771781265736e-07
3.6611926555633545,3.6611926555633545,0.9978782759580714,0.9978782759580714,0.9906142697928068,0.9906142697928068,18.32438379139716,18.32438379139716,18.32477192495645,18.32477192495645,31.10180239482355,31.10180239482355,True,0.0,0.0,0.0,0.0,unprocessed,gunshot/0007,gunshot,8455,1.13,1,False,2.8999056667089462e-06,7.249764166772366e-07
3.373321056365967,3.373321056365967,0.9966061567394492,0.9966061567394492,0.9843872915505535,0.9843872915505535,20.303751696669387,20.303751696669387,20.180851501176956,20.180851501176956,19.691713223459104,19.691713223459104,True,0.0,0.0,0.0,0.0,unprocessed,gunshot/0008,gunshot,7021,8.37,1,True,2.500135451555252e-06,6.25033862888813e-07
3.700113534927368,3.700113534927368,0.999980125202178,0.999980125202178,0.9999095705636887,0.9999095705636887,21.835894844071024,21.835894844071024,21.83545999257789,21.83545999257789,34.283970890901536,34.283970890901536,True,0.0,0.0,0.0,0.0,unprocessed,gunshot/0009,gunshot,3570,13.71,1,False,3.0999071896076202e-06,7.749767974019051e-07
3.348283052444458,3.348283052444458,0.9936651049605969,0.9936651049605969,0.9863322791430371,0.9863322791430371,22.617725253910134,22.617725253910134,22.627662076423952,22.627662076423952,33.51485092559595,33.51485092559595,True,0.0,0.0,0.0,0.0,unprocessed,gunshot/0010,gunshot,7021,11.06,3,False,3.00002284348011e-06,7.500057108700275e-07
1.4315348863601685,1.4315348863601685,0.8722144162944097,0.8722144162944097,0.8551212865623332,0.8551212865623332,11.545662158087444,11.545662158087444,11.525186555715766,11.525186555715766,18.738865191601896,18.738865191601896,True,0.0,0.0,0.0,0.0,unprocessed,gunshot/0011,gunshot,1995,-2.54,3,True,3.600027412176132e-06,9.00006853044033e-07
1.1247618198394775,1.1247618198394775,0.7225321617577584,0.7225321617577584,0.6249429373831376,0.6249429373831376,7.061636062130839,7.061636062130839,7.780283916955631,7.780283916955631,6.308895438037296,6.308895438037296,True,0.0,0.0,0.0,0.0,unprocessed,gunshot/0012,gunshot,2094,11.86,4,True,3.2999087125062943e-06,8.249771781265736e-07
1.8405494689941406,1.8405494689941406,0.9869787791276866,0.9869787791276866,0.9296502955165734,0.9296502955165734,17.19845262972559,17.19845262972559,17.15396879130763,17.15396879130763,12.616785595955701,12.616785595955701,True,0.0,0.0,0.0,0.0,unprocessed,gunshot/0013,gunshot,4992,10.92,1,True,3.100140020251274e-06,7.750350050628185e-07
1.4429727792739868,1.4429727792739868,0.8573056034202945,0.8573056034202945,0.7696371039229729,0.7696371039229729,5.962757826382743,5.962757826382743,5.909421271284958,5.909421271284958,5.763838574173529,5.763838574173529,True,0.0,0.0,0.0,0.0,unprocessed,gunshot/0014,gunshot,1284,1.59,1,True,3.600027412176132e-06,9.00006853044033e-07
3.018339157104492,3.018339157104492,0.9792692034110322,0.9792692034110322,0.9610517341775598,0.9610517341775598,18.762176023456306,18.762176023456306,18.807330977160454,18.807330977160454,28.465060915983454,28.465060915983454,True,0.0,0.0,0.0,0.0,unprocessed,gunshot/0015,gunshot,2830,-1.98,3,False,2.6999041438102722e-06,6.749760359525681e-07
1.4192157983779907,1.4192157983779907,0.8332438127309634,0.8332438127309634,0.7997469984685525,0.7997469984685525,5.962764260675427,5.962764260675427,5.954921998941379,5.954921998941379,26.21903407503641,26.21903407503641,True,0.0,0.0,0.0,0.0,unprocessed,gunshot/0016,gunshot,1320,3.01,4,False,3.100140020251274e-06,7.750350050628185e-07
2.9453930854797363,2.9453930854797363,0.976471083529024,0.976471083529024,0.9370140955662599,0.9370140955662599,16.787782597755175,16.787782597755175,16.802485443432136,16.802485443432136,32.83681945471342,32.83681945471342,True,0.0,0.0,0.0,0.0,unprocessed,gunshot/0017,gunshot,8230,5.26,1,False,3.600027412176132e-06,9.00006853044033e-07
1.7746329307556152,1.7746329307556152,0.9568031176304082,0.9568031176304082,0.9077988674435065,0.9077988674435065,15.140418899836616,15.140418899836616,15.119747572487901,15.119747572487901,11.69092485426706,11.69092485426706,True,0.0,0.0,0.0,0.0,unprocessed,gunshot/0018,gunshot,1995,-1.98,1,True,3.2999087125062943e-06,8.249771781265736e-07
1.580939769744873,1.580939769744873,0.8521507090943204,0.8521507090943204,0.7531974096772147,0.7531974096772146,10.080741931232742,10.080741931232742,9.970798267051235,9.970798267051235,7.192263601817268,7.192263601817268,True,0.0,0.0,0.0,0.0,unprocessed,gunshot/0019,gunshot,5105,4.13,1,True,3.200024366378784e-06,8.00006091594696e-07
1.7958990335464478,1.7958990335464478,0.9540305302628918,0.9540305302628918,0.9097465439227654,0.9097465439227654,14.678451983895762,14.678451983895762,14.71848547636367,14.71848547636367,13.494357798459268,13.494357798459268,True,0.0,0.0,0.0,0.0,unprocessed,gunshot/0020,gunshot,4992,3.94,1,True,2.6999041438102722e-06,6.749760359525681e-07
1.5523087978363037,1.5523087978363037,0.8692749430753263,0.8692749430753263,0.6926858655921981,0.6926858655921979,8.486678550739192,8.486678550739192,8.47544300717844,8.47544300717844,6.697507474303119,6.697507474303119,True,0.0,0.0,0.0,0.0,unprocessed,gunshot/0021,gunshot,4446,-2.77,3,True,3.00002284348011e-06,7.500057108700275e-07
1.7121474742889404,1.7121474742889404,0.9320473306696448,0.9320473306696448,0.8357971987601467,0.8357971987601467,7.596093047539379,7.596093047539379,7.749026986080817,7.749026986080817,6.205574102324926,6.205574102324926,True,0.0,0.0,0.0,0.0,unprocessed,gunshot/0022,gunshot,5639,-4.66,1,True,2.800021320581436e-06,7.00005330145359e-07
3.8682658672332764,3.8682658672332764,0.9961493786783836,0.9961493786783836,0.9922030584941203,0.9922030584941203,22.449354445289373,22.449354445289373,22.448401960896373,22.448401960896373,32.695880307825725,32.695880307825725,True,0.0,0.0,0.0,0.0,unprocessed,gunshot/0023,gunshot,7127,5.22,1,False,3.100140020251274e-06,7.750350050628185e-07
3.096214771270752,3.096214771270752,0.9887856800522831,0.9887856800522831,0.9703508532284336,0.9703508532284336,25.493024469016508,25.493024469016508,25.49261926612555,25.49261926612555,28.93068670330149,28.93068670330149,True,0.0,0.0,0.0,0.0,unprocessed,gunshot/0024,gunshot,3570,12.62,3,False,3.2999087125062943e-06,8.249771781265736e-07
2.964982748031616,2.964982748031616,0.9360440696029446,0.9360440696029446,0.885875362576922,0.8858753625769219,14.940689545658701,14.940689545658701,14.949427416314666,14.949427416314666,12.8524571646692,12.8524571646692,True,0.0,0.0,0.0,0.0,unprocessed,gunshot/0025,gunshot,3729,5.7,1,True,3.8000289350748062e-06,9.500072337687016e-07
4.057178020477295,4.057178020477295,0.9942465704605404,0.9942465704605404,0.9915412615807163,0.9915412615807163,29.30817794650356,29.30817794650356,29.305183764418974,29.305183764418974,33.790191171898286,33.790191171898286,True,0.0,0.0,0.0,0.0,unprocessed,gunshot/0026,gunshot,5142,11.88,1,False,3.899913281202316e-06,9.74978320300579e-07
2.210749387741089,2.210749387741089,0.9888699276059765,0.9888699276059765,0.969450284054044,0.9694502840540438,22.839259535131603,22.839259535131603,22.8366492029217,22.8366492029217,32.28137258269652,32.28137258269652,True,0.0,0.0,0.0,0.0,unprocessed,gunshot/0027,gunshot,3570,3.34,1,False,3.999797627329826e-06,9.999494068324566e-07
2.0998780727386475,2.0998780727386475,0.8881053100852631,0.8881053100852631,0.7980772252658729,0.7980772252658731,10.12985189398903,10.12985189398903,10.330191720884137,10.330191720884137,8.782391138333024,8.782391138333024,True,0.0,0.0,0.0,0.0,unprocessed,gunshot/0028,gunshot,7176,3.43,1,True,4.00003045797348e-06,1.00000761449337e-06
1.6113640069961548,1.6113640069961548,0.9440989231632242,0.9440989231632242,0.8617190572670731,0.8617190572670731,9.253002780708801,9.253002780708801,9.163843870777594,9.163843870777594,6.680474870124393,6.680474870124393,True,0.0,0.0,0.0,0.0,unprocessed,gunshot/0029,gunshot,61,12.42,1,True,3.500143066048622e-06,8.750357665121555e-07
3.784499168395996,3.784499168395996,0.9993069829815102,0.9993069829815102,0.9973775250079822,0.9973775250079822,24.973043613416003,24.973043613416003,25.00366576308543,25.00366576308543,34.2801090108866,34.2801090108866,True,0.0,0.0,0.0,0.0,unprocessed,gunshot/0030,gunshot,4077,-1.14,2,False,4.399800673127174e-06,1.0999501682817936e-06
2.801285982131958,2.801285982131958,0.9967419053509738,0.9967419053509738,0.9882101385151594,0.9882101385151594,24.89685331897228,24.89685331897228,24.937263438799384,24.937263438799384,32.37705211948643,32.37705211948643,True,0.0,0.0,0.0,0.0,unprocessed,gunshot/0031,gunshot,5105,5.14,1,False,2.6999041438102722e-06,6.749760359525681e-07
3.70805025100708,3.70805025100708,0.9972075116152871,0.9972075116152871,0.9901157629088955,0.9901157629088955,31.684657967499295,31.684657967499295,31.684873803383354,31.684873803383354,33.527254321714,33.527254321714,True,0.0,0.0,0.0,0.0,unprocessed,gunshot/0032,gunshot,2300,5.47,1,False,3.600027412176132e-06,9.00006853044033e-07
3.3162176609039307,3.3162176609039307,0.9844728162257828,0.9844728162257828,0.9840611439832098,0.9840611439832099,29.815673339509836,29.815673339509836,29.816888651381678,29.816888651381678,32.45788592104724,32.45788592104724,True,0.0,0.0,0.0,0.0,unprocessed,gunshot/0033,gunshot,1995,1.91,3,False,2.8999056667089462e-06,7.249764166772366e-07
2.9979519844055176,2.9979519844055176,0.9720718278462086,0.9720718278462086,0.9627006425733492,0.9627006425733492,23.868667955807364,23.868667955807364,23.867812350005938,23.867812350005938,31.359621355634456,31.359621355634456,True,0.0,0.0,0.0,0.0,unprocessed,gunshot/0034,gunshot,6930,-2.63,4,False,2.7997884899377823e-06,6.999471224844456e-07
3.813833236694336,3.813833236694336,0.9809855905355719,0.9809855905355719,0.9766605760630884,0.9766605760630884,27.408547444285603,27.408547444285603,27.409013909207978,27.409013909207978,33.087946597416405,33.087946597416405,True,0.0,0.0,0.0,0.0,unprocessed,gunshot/0035,gunshot,7021,9.1,2,False,3.200024366378784e-06,8.00006091594696e-07
2.151745319366455,2.151745319366455,0.9536359020016125,0.9536359020016125,0.8597532151377031,0.8597532151377031,12.663889184934305,12.663889184934305,12.57529148808677,12.57529148808677,9.616123192212923,9.616123192212923,True,0.0,0.0,0.0,0.0,unprocessed,gunshot/0036,gunshot,7176,0.77,1,True,2.8999056667089462e-06,7.249764166772366e-07
1.7918202877044678,1.7918202877044678,0.9546680656083038,0.9546680656083038,0.9223325549770376,0.9223325549770376,13.886980617118347,13.886980617118347,13.877623938834684,13.877623938834684,12.95586824738309,12.95586824738309,True,0.0,0.0,0.0,0.0,unprocessed,gunshot/0037,gunshot,1221,-0.94,2,True,5.00003807246685e-06,1.2500095181167126e-06
1.6046476364135742,1.6046476364135742,0.6501305161483576,0.6501305161483576,0.6116905841175294,0.6116905841175293,6.483545377076975,6.483545377076975,6.4301264358287735,6.4301264358287735,3.5187827993736396,3.5187827993736396,True,0.0,0.0,0.0,0.0,unprocessed,gunshot/0038,gunshot,1188,-3.9,2,True,3.00002284348011e-06,7.500057108700275e-07
2.6224205493927,2.6224205493927,0.9960554949830396,0.9960554949830396,0.9933303592291285,0.9933303592291284,15.268964200950151,15.268964200950151,15.266292030906047,15.266292030906047,33.22104063622742,33.22104063622742,True,0.0,0.0,0.0,0.0,unprocessed,gunshot/0039,gunshot,1995,-1.6,1,False,3.0999071896076202e-06,7.749767974019051e-07
1.4958078861236572,1.4958078861236572,0.9611775446532674,0.9611775446532674,0.8592126209173033,0.8592126209173034,11.384130464874804,11.384130464874804,11.394962114250305,11.394962114250305,10.408361098431135,10.408361098431135,True,0.0,0.0,0.0,0.0,unprocessed,artillery/0000,artillery,5142,-1.34,3,True,3.8000289350748062e-06,9.500072337687016e-07
3.522458076477051,3.522458076477051,0.9546245609070334,0.9546245609070334,0.9457731680978337,0.9457731680978337,26.433743555467085,26.433743555467085,26.435414299350704,26.435414299350704,31.936787044800926,31.936787044800926,True,0.0,0.0,0.0,0.0,unprocessed,artillery/0001,artillery,61,14.31,1,False,3.00002284348011e-06,7.500057108700275e-07
2.640202760696411,2.640202760696411,0.9861622260325548,0.9861622260325548,0.9585078058750427,0.9585078058750428,15.774632525101975,15.774632525101975,15.773335308387972,15.773335308387972,30.535479848986064,30.535479848986064,True,0.0,0.0,0.0,0.0,unprocessed,artillery/0002,artillery,8463,11.2,1,False,3.400025889277458e-06,8.500064723193645e-07
1.8417468070983887,1.8417468070983887,0.9438138792491091,0.9438138792491091,0.9115808364358192,0.9115808364358192,16.04117407345299,16.04117407345299,15.975038129140565,15.975038129140565,13.000182334370848,13.000182334370848,True,0.0,0.0,0.0,0.0,unprocessed,artillery/0003,artillery,3570,10.35,1,True,3.400025889277458e-06,8.500064723193645e-07
1.9858102798461914,1.9858102798461914,0.9780144844325018,0.9780144844325018,0.9624688140305595,0.9624688140305595,13.866019047049969,13.866019047049969,13.859238553394267,13.859238553394267,27.900968262567577,27.900968262567577,True,0.0,0.0,0.0,0.0,unprocessed,artillery/0004,artillery,3570,6.43,2,False,2.499902620911598e-06,6.249756552278996e-07
1.5547269582748413,1.5547269582748413,0.9455205544985449,0.9455205544985449,0.850335725543336,0.850335725543336,9.611813912458368,9.611813912458368,9.607414558494712,9.607414558494712,7.833085838336332,7.833085838336332,True,0.0,0.0,0.0,0.0,unprocessed,artillery/0005,artillery,7127,8.98,2,True,3.8000289350748062e-06,9.500072337687016e-07
2.744131565093994,2.744131565093994,0.9910847931063335,0.9910847931063335,0.978004153800134,0.978004153800134,14.757554679570175,14.757554679570175,14.726509876976985,14.726509876976985,32.781950732732255,32.781950732732255,True,0.0,0.0,0.0,0.0,unprocessed,artillery/0006,artillery,3575,2.99,1,False,2.800021320581436e-06,7.00005330145359e-07
2.348884105682373,2.348884105682373,0.9784549076103608,0.9784549076103608,0.9242136331674867,0.9242136331674866,14.29722550530933,14.29722550530933,14.29424721695722,14.29424721695722,11.202739702627024,11.202739702627024,True,0.0,0.0,0.0,0.0,unprocessed,artillery/0007,artillery,8463,0.05,1,True,3.0999071896076202e-06,7.749767974019051e-07
1.3254265785217285,1.3254265785217285,0.9351461212679377,0.9351461212679377,0.803378636506789,0.8033786365067889,7.184281673433738,7.184281673433738,7.193796039177994,7.193796039177994,5.654519757238873,5.654519757238873,True,0.0,0.0,0.0,0.0,unprocessed,artillery/0008,artillery,1995,14.31,1,True,2.600019797682762e-06,6.500049494206905e-07
1.737135648727417,1.737135648727417,0.9436018488933542,0.9436018488933542,0.8632820154851824,0.8632820154851824,12.572762545610436,12.572762545610436,12.5927479771632,12.5927479771632,12.211486541578623,12.211486541578623,True,0.0,0.0,0.0,0.0,unprocessed,artillery/0009,artillery,8463,11.34,2,True,3.00002284348011e-06,7.500057108700275e-07
1.4030582904815674,1.4030582904815674,0.8918866626657266,0.8918866626657266,0.8097903929472584,0.8097903929472584,5.676839251410658,5.676839251410658,5.712409317840281,5.712409317840281,8.274776079443532,8.274776079443532,True,0.0,0.0,0.0,0.0,unprocessed,artillery/0010,artillery,3729,0.2,2,True,2.7997884899377823e-06,6.999471224844456e-07
1.938246488571167,1.938246488571167,0.9199024714989409,0.9199024714989409,0.848384272956249,0.8483842729562489,6.727625381836914,6.727625381836914,6.739790978664571,6.739790978664571,22.683108488164834,22.683108488164834,True,0.0,0.0,0.0,0.0,unprocessed,artillery/0011,artillery,61,6.51,3,False,3.300141543149948e-06,8.25035385787487e-07
3.6788511276245117,3.6788511276245117,0.9476684815153461,0.9476684815153461,0.9239654302034105,0.9239654302034105,17.544970910411116,17.544970910411116,17.54649439198439,17.54649439198439,30.57205535721678,30.57205535721678,True,0.0,0.0,0.0,0.0,unprocessed,artillery/0012,artillery,1320,10.67,1,False,3.700144588947296e-06,9.25036147236824e-07
2.671621799468994,2.671621799468994,0.9715478002507233,0.9715478002507233,0.9428033010822938,0.9428033010822938,9.04347413086578,9.04347413086578,9.03330672193524,9.03330672193524,27.75745451545966,27.75745451545966,True,0.0,0.0,0.0,0.0,unprocessed,artillery/0013,artillery,7176,9.2,2,False,3.8000289350748062e-06,9.500072337687016e-07
4.212928295135498,4.212928295135498,0.9999999999981743,0.9999999999981743,0.9999999998646354,0.9999999998646354,31.996702265758493,31.996702265758493,31.996988356274024,31.996988356274024,34.68149434307514,34.68149434307514,True,0.0,0.0,0.0,0.0,unprocessed,artillery/0014,artillery,1221,7.03,1,False,2.800021320581436e-06,7.00005330145359e-07
1.071121096611023,1.071121096611023,0.7096617583080232,0.7096617583080232,0.5115238422143792,0.5115238422143792,-6.042669880586184,-6.042669880586184,-6.458306175109466,-6.458306175109466,-4.860234720111669,-4.860234720111669,True,0.0,0.0,0.0,0.0,unprocessed,artillery/0015,artillery,3570,-1.42,3,True,2.800021320581436e-06,7.00005330145359e-07
1.3433012962341309,1.3433012962341309,0.777119526231093,0.777119526231093,0.6189616798757059,0.6189616798757059,4.1283752712774255,4.1283752712774255,4.18061755566384,4.18061755566384,2.876270360232661,2.876270360232661,True,0.0,0.0,0.0,0.0,unprocessed,artillery/0016,artillery,672,-1.54,1,True,2.9001384973526e-06,7.2503462433815e-07
1.3871972560882568,1.3871972560882568,0.9335875921186497,0.9335875921186497,0.8658044453721391,0.8658044453721391,7.3343586589140415,7.3343586589140415,7.112216510431434,7.112216510431434,14.352034965321506,14.352034965321506,True,0.0,0.0,0.0,0.0,unprocessed,artillery/0017,artillery,1995,12.89,2,True,3.200024366378784e-06,8.00006091594696e-07
1.1226747035980225,1.1226747035980225,0.7983485978229912,0.7983485978229912,0.6536598828977005,0.6536598828977006,2.5835746612264416,2.5835746612264416,2.629552972343342,2.629552972343342,4.863092530267289,4.863092530267289,True,0.0,0.0,0.0,0.0,unprocessed,artillery/0018,artillery,6930,8.83,3,True,3.00002284348011e-06,7.500057108700275e-07
3.8816487789154053,3.8816487789154053,0.9958876624175725,0.9958876624175725,0.9920318018746729,0.9920318018746729,25.020966021134456,25.020966021134456,25.01814204829827,25.01814204829827,32.924818385387276,32.924818385387276,True,0.0,0.0,0.0,0.0,unprocessed,artillery/0019,artillery,4970,7.64,1,False,2.800021320581436e-06,7.00005330145359e-07
1.0726245641708374,1.0726245641708374,0.7558202779173321,0.7558202779173321,0.6763762533753305,0.6763762533753305,-5.0041682594618395,-5.0041682594618395,-5.112909523310848,-5.112909523310848,5.0897386387088375,5.0897386387088375,True,0.0,0.0,0.0,0.0,unprocessed,artillery/0020,artillery,5105,7.21,3,True,2.800021320581436e-06,7.00005330145359e-07
3.762181282043457,3.762181282043457,0.9851262369589641,0.9851262369589641,0.9692513761121107,0.9692513761121107,23.426960906759568,23.426960906759568,23.4285058035333,23.4285058035333,31.912886404331427,31.912886404331427,True,0.0,0.0,0.0,0.0,unprocessed,artillery/0021,artillery,8230,3.57,2,False,2.9001384973526e-06,7.2503462433815e-07
2.708359479904175,2.708359479904175,0.8997028505688128,0.8997028505688128,0.8381417807513002,0.8381417807513002,8.655026145574437,8.655026145574437,8.555498300950177,8.555498300950177,25.441792004416662,25.441792004416662,True,0.0,0.0,0.0,0.0,unprocessed,artillery/0022,artillery,908,2.31,4,False,2.7997884899377823e-06,6.999471224844456e-07
2.2987170219421387,2.2987170219421387,0.988238627919491,0.988238627919491,0.9493623714807949,0.9493623714807949,18.25886124040508,18.25886124040508,18.23677880252735,18.23677880252735,30.790678522787253,30.790678522787253,True,0.0,0.0,0.0,0.0,unprocessed,artillery/0023,artillery,1284,-0.07,1,False,3.500143066048622e-06,8.750357665121555e-07
1.5654195547103882,1.5654195547103882,0.8774031218732643,0.8774031218732643,0.773192544470931,0.7731925444709309,6.3497631290322545,6.3497631290322545,6.364890868158274,6.364890868158274,10.673723507395186,10.673723507395186,True,0.0,0.0,0.0,0.0,unprocessed,artillery/0024,artillery,4077,0.21,2,True,2.700136974453926e-06,6.750342436134815e-07
3.1438937187194824,3.1438937187194824,0.976085742941298,0.976085742941298,0.9760433466199568,0.9760433466199568,20.799138086695343,20.799138086695343,20.797772577793058,20.797772577793058,33.452147788095374,33.452147788095374,True,0.0,0.0,0.0,0.0,unprocessed,artillery/0025,artillery,5639,-3.31,1,False,3.400025889277458e-06,8.500064723193645e-07
1.1974414587020874,1.1974414587020874,0.8290441138858492,0.8290441138858492,0.7378709975240131,0.7378709975240131,-1.544462728591949,-1.544462728591949,-1.5173403156576186,-1.5173403156576186,4.805011751282054,4.805011751282054,True,0.0,0.0,0.0,0.0,unprocessed,artillery/0026,artillery,8230,-2.5,3,True,2.800021320581436e-06,7.00005330145359e-07
1.4701931476593018,1.4701931476593018,0.9231508046330641,0.9231508046330641,0.8961302064315753,0.8961302064315754,0.618397925147431,0.618397925147431,0.5720076050013343,0.5720076050013343,24.455842225820216,24.455842225820216,True,0.0,0.0,0.0,0.0,unprocessed,artillery/0027,artillery,1284,6.61,1,True,3.6999117583036423e-06,9.249779395759106e-07
3.8151824474334717,3.8151824474334717,0.9703871467024997,0.9703871467024997,0.9621077524215361,0.962107752421536,29.735825840346255,29.735825840346255,29.736229670022656,29.736229670022656,32.81937571547339,32.81937571547339,True,0.0,0.0,0.0,0.0,unprocessed,artillery/0028,artillery,237,13.02,1,False,5.800044164061546e-06,1.4500110410153866e-06
1.4538698196411133,1.4538698196411133,0.9104263722254483,0.9104263722254483,0.8267608381476867,0.8267608381476866,10.005324771271027,10.005324771271027,10.190809557160616,10.190809557160616,7.961262746199835,7.961262746199835,True,0.0,0.0,0.0,0.0,unprocessed,artillery/0029,artillery,1320,4.62,1,True,4.00003045797348e-06,1.00000761449337e-06
3.5065927505493164,3.5065927505493164,0.9839461804558133,0.9839461804558133,0.9746630552128188,0.9746630552128188,22.51745890404312,22.51745890404312,22.519524595227082,22.519524595227082,33.68763640511914,33.68763640511914,True,0.0,0.0,0.0,0.0,unprocessed,artillery/0030,artillery,3575,4.21,1,False,2.800021320581436e-06,7.00005330145359e-07
4.347370624542236,4.347370624542236,0.9999995948937619,0.9999995948937619,0.9999895754307384,0.9999895754307384,29.72951312027253,29.72951312027253,29.72868475808109,29.72868475808109,34.71393965987072,34.71393965987072,True,0.0,0.0,0.0,0.0,unprocessed,artillery/0031,artillery,4992,11.56,1,False,3.200024366378784e-06,8.00006091594696e-07
1.2540524005889893,1.2540524005889893,0.8316634363152334,0.8316634363152334,0.6856421859599098,0.6856421859599098,1.3217618946806056,1.3217618946806056,1.3586973363377126,1.3586973363377126,4.58304904737581,4.58304904737581,True,0.0,0.0,0.0,0.0,unprocessed,artillery/0032,artillery,2961,1.02,1,True,3.0999071896076202e-06,7.749767974019051e-07
2.2580339908599854,2.2580339908599854,0.9640482129869336,0.9640482129869336,0.9098693962003027,0.9098693962003027,10.465529178037723,10.465529178037723,10.465948494348993,10.465948494348993,16.01575242595497,16.01575242595497,True,0.0,0.0,0.0,0.0,unprocessed,artillery/0033,artillery,61,9.85,3,True,3.400025889277458e-06,8.500064723193645e-07
3.065403461456299,3.065403461456299,0.9774547226349695,0.9774547226349695,0.9485848702634252,0.9485848702634252,11.520524035566932,11.520524035566932,11.488815947856885,11.488815947856885,30.6008465318667,30.6008465318667,True,0.0,0.0,0.0,0.0,unprocessed,artillery/0034,artillery,61,3.04,1,False,3.100140020251274e-06,7.750350050628185e-07
2.990842342376709,2.990842342376709,0.9946003961134525,0.9946003961134525,0.9660612999813726,0.9660612999813728,19.94322167633368,19.94322167633368,19.920075432502,19.920075432502,30.832052939989342,30.832052939989342,True,0.0,0.0,0.0,0.0,unprocessed,artillery/0035,artillery,3570,7.39,1,False,2.700136974453926e-06,6.750342436134815e-07
1.35262131690979,1.35262131690979,0.9267724010668558,0.9267724010668558,0.8483399124834937,0.8483399124834937,9.58671249515711,9.58671249515711,9.58662721568299,9.58662721568299,10.022272092784858,10.022272092784858,True,0.0,0.0,0.0,0.0,unprocessed,artillery/0036,artillery,1580,1.66,3,True,3.00002284348011e-06,7.500057108700275e-07
1.1067508459091187,1.1067508459091187,0.8218804251677727,0.8218804251677727,0.6601811345502315,0.6601811345502315,-2.1168160857976597,-2.1168160857976597,-2.356057021009366,-2.356057021009366,4.747849062006388,4.747849062006388,True,0.0,0.0,0.0,0.0,unprocessed,artillery/0037,artillery,8463,2.13,4,True,2.0099803805351257e-05,5.024950951337814e-06
1.3991546630859375,1.3991546630859375,0.9057358311461743,0.9057358311461743,0.7147420224976055,0.7147420224976055,2.261197736178283,2.261197736178283,2.3552072340683714,2.3552072340683714,5.547406127003421,5.547406127003421,True,0.0,0.0,0.0,0.0,unprocessed,artillery/0038,artillery,4077,4.09,2,True,3.00002284348011e-06,7.500057108700275e-07
2.9392755031585693,2.9392755031585693,0.9530110110469103,0.9530110110469103,0.9110434592825523,0.9110434592825521,17.285843934018125,17.285843934018125,17.27234456488409,17.27234456488409,31.366148502076303,31.366148502076303,True,0.0,0.0,0.0,0.0,unprocessed,artillery/0039,artillery,672,12.71,1,False,2.800021320581436e-06,7.00005330145359e-07
1.0949034690856934,1.0949034690856934,0.8643381986058809,0.8643381986058809,0.6598212891983697,0.6598212891983697,4.847275127128363,4.847275127128363,4.867922434984063,4.867922434984063,1.5440976824592183,1.5440976824592183,True,0.0,0.0,0.0,0.0,unprocessed,rotor/0000,rotor,4446,5.34,0,False,3.00002284348011e-06,7.500057108700275e-07
1.113064169883728,1.113064169883728,0.8460764116012166,0.8460764116012166,0.6562525346527991,0.6562525346527991,4.513514372717359,4.513514372717359,4.58493521022197,4.58493521022197,2.7578531488039175,2.7578531488039175,True,0.0,0.0,0.0,0.0,unprocessed,rotor/0001,rotor,237,7.83,0,True,3.600027412176132e-06,9.00006853044033e-07
1.2212241888046265,1.2212241888046265,0.7397967584191633,0.7397967584191633,0.6177930687518118,0.6177930687518118,-7.774369683437944,-7.774369683437944,-7.181034294774422,-7.181034294774422,3.680122806367749,3.680122806367749,True,0.0,0.0,0.0,0.0,unprocessed,rotor/0002,rotor,7729,-4.23,0,True,3.6999117583036423e-06,9.249779395759106e-07
2.0808966159820557,2.0808966159820557,0.9263301227356507,0.9263301227356507,0.8871039540537934,0.8871039540537934,-1.5599488247952595,-1.5599488247952595,-1.493827301340914,-1.493827301340914,24.10168503912609,24.10168503912609,True,0.0,0.0,0.0,0.0,unprocessed,rotor/0003,rotor,8455,-1.29,0,False,3.1997915357351303e-06,7.999478839337826e-07
1.129776954650879,1.129776954650879,0.8936905149170817,0.8936905149170817,0.6787851641087576,0.6787851641087578,5.065408494226156,5.065408494226156,5.121085710970275,5.121085710970275,1.9034655721015599,1.9034655721015599,True,0.0,0.0,0.0,0.0,unprocessed,rotor/0004,rotor,6829,5.46,0,False,2.6999041438102722e-06,6.749760359525681e-07
1.0340322256088257,1.0340322256088257,0.7361588147997011,0.7361588147997011,0.4327615757683198,0.43276157576831975,-10.528017516096416,-10.528017516096416,-10.430414455498976,-10.430414455498976,-7.513708356811896,-7.513708356811896,True,0.0,0.0,0.0,0.0,unprocessed,rotor/0005,rotor,4992,3.44,0,True,2.800021320581436e-06,7.00005330145359e-07
1.018254041671753,1.018254041671753,0.7203976936261365,0.7203976936261365,0.4867699168063599,0.48676991680635995,-7.080401322003688,-7.080401322003688,-7.123182021512406,-7.123182021512406,-7.06137300442337,-7.06137300442337,True,0.0,0.0,0.0,0.0,unprocessed,rotor/0006,rotor,4992,2.74,0,True,2.8999056667089462e-06,7.249764166772366e-07
1.030236005783081,1.030236005783081,0.719052881079604,0.719052881079604,0.4867050112312393,0.4867050112312393,0.15968808663348547,0.15968808663348547,0.23851937399899736,0.23851937399899736,-2.8283791527707054,-2.8283791527707054,True,0.0,0.0,0.0,0.0,unprocessed,rotor/0007,rotor,2094,0.24,0,False,3.300141543149948e-06,8.25035385787487e-07
1.0616166591644287,1.0616166591644287,0.7642099323800566,0.7642099323800566,0.4870332189582268,0.4870332189582268,3.564650943062842,3.564650943062842,3.57640961042889,3.57640961042889,3.0194843889428977,3.0194843889428977,True,0.0,0.0,0.0,0.0,unprocessed,rotor/0008,rotor,6930,3.64,0,False,2.9001384973526e-06,7.2503462433815e-07
1.0274473428726196,1.0274473428726196,0.7273380208919111,0.7273380208919111,0.5390138353814338,0.5390138353814338,-1.803773121241056,-1.803773121241056,-1.676144337853665,-1.676144337853665,-1.9875127608995335,-1.9875127608995335,True,0.0,0.0,0.0,0.0,unprocessed,rotor/0009,rotor,2300,-1.59,0,False,2.800021320581436e-06,7.00005330145359e-07
1.0569887161254883,1.0569887161254883,0.7650141538645743,0.7650141538645743,0.5691068616884621,0.5691068616884621,-10.510252626347896,-10.510252626347896,-9.701824843816196,-9.701824843816196,0.006490169940559099,0.006490169940559099,True,0.0,0.0,0.0,0.0,unprocessed,rotor/0010,rotor,4077,-1.18,0,True,2.800021320581436e-06,7.00005330145359e-07
1.3474161624908447,1.3474161624908447,0.8834293378666497,0.8834293378666497,0.7440898165904049,0.7440898165904049,5.13962163823133,5.13962163823133,5.058915201605171,5.058915201605171,3.090364278385098,3.090364278385098,True,0.0,0.0,0.0,0.0,unprocessed,rotor/0011,rotor,7127,9.02,0,True,2.6999041438102722e-06,6.749760359525681e-07
1.6055223941802979,1.6055223941802979,0.9070750765604321,0.9070750765604321,0.6815952190317407,0.6815952190317408,10.585268559774342,10.585268559774342,10.594319969758832,10.594319969758832,2.9367863056317196,2.9367863056317196,True,0.0,0.0,0.0,0.0,unprocessed,rotor/0012,rotor,2961,10.63,0,False,2.6999041438102722e-06,6.749760359525681e-07
1.0459495782852173,1.0459495782852173,0.7448403917752912,0.7448403917752912,0.47254302618510335,0.47254302618510313,0.2661575270358932,0.2661575270358932,0.41342694239260763,0.41342694239260763,-2.2273771724959777,-2.2273771724959777,True,0.0,0.0,0.0,0.0,unprocessed,rotor/0013,rotor,2300,9.94,0,True,3.00002284348011e-06,7.500057108700275e-07
1.183483600616455,1.183483600616455,0.8817133012959656,0.8817133012959656,0.6647821113333539,0.6647821113333539,6.070581750802063,6.070581750802063,6.064782516304005,6.064782516304005,4.532874527244162,4.532874527244162,True,0.0,0.0,0.0,0.0,unprocessed,rotor/0014,rotor,7729,11.31,0,True,3.4999102354049683e-06,8.749775588512421e-07
1.3997846841812134,1.3997846841812134,0.8321938704482099,0.8321938704482099,0.626013995592972,0.626013995592972,3.4469617723534074,3.4469617723534074,3.3993442717817137,3.3993442717817137,-1.1281000369672565,-1.1281000369672565,True,0.0,0.0,0.0,0.0,unprocessed,rotor/0015,rotor,3729,8.32,0,True,3.700144588947296e-06,9.25036147236824e-07
1.142737865447998,1.142737865447998,0.7896409002951456,0.7896409002951456,0.546897238443255,0.546897238443255,2.118087149600221,2.118087149600221,2.0929749109311673,2.0929749109311673,-1.982358802292735,-1.982358802292735,True,0.0,0.0,0.0,0.0,unprocessed,rotor/0016,rotor,908,8.63,0,True,2.6999041438102722e-06,6.749760359525681e-07
1.067007064819336,1.067007064819336,0.5916014996556545,0.5916014996556545,0.3645861417024268,0.36458614170242676,-6.4791166617042,-6.4791166617042,-6.572613434075821,-6.572613434075821,-7.454064255836807,-7.454064255836807,True,0.0,0.0,0.0,0.0,unprocessed,rotor/0017,rotor,3729,2.63,0,True,4.00003045797348e-06,1.00000761449337e-06
1.0585259199142456,1.0585259199142456,0.6019916398462659,0.6019916398462659,0.3014833856353219,0.30148338563532195,-6.068854213639455,-6.068854213639455,-6.1300292977304505,-6.1300292977304505,-7.44027742372873,-7.44027742372873,True,0.0,0.0,0.0,0.0,unprocessed,rotor/0018,rotor,5639,6.94,0,True,3.0999071896076202e-06,7.749767974019051e-07
1.3008520603179932,1.3008520603179932,0.8645898668407191,0.8645898668407191,0.7550126186065482,0.7550126186065481,-2.5018097616391755,-2.5018097616391755,-2.6882901091125038,-2.6882901091125038,16.500107539181602,16.500107539181602,True,0.0,0.0,0.0,0.0,unprocessed,rotor/0019,rotor,2300,-2.31,0,False,3.200024366378784e-06,8.00006091594696e-07
1.043225646018982,1.043225646018982,0.7285277971020403,0.7285277971020403,0.4228757547451662,0.42287575474516625,-8.610570411917225,-8.610570411917225,-8.739368516040638,-8.739368516040638,-7.745475937403302,-7.745475937403302,True,0.0,0.0,0.0,0.0,unprocessed,rotor/0020,rotor,121,-1.13,0,True,2.8999056667089462e-06,7.249764166772366e-07
1.0505588054656982,1.0505588054656982,0.6991873056134124,0.6991873056134124,0.47966433335293807,0.47966433335293807,-8.987647702624786,-8.987647702624786,-8.646693960846873,-8.646693960846873,-7.993226097583613,-7.993226097583613,True,0.0,0.0,0.0,0.0,unprocessed,rotor/0021,rotor,908,4.25,0,True,3.400025889277458e-06,8.500064723193645e-07
1.5535838603973389,1.5535838603973389,0.9115636640538656,0.9115636640538656,0.7972784371039012,0.7972784371039012,3.343736233500532,3.343736233500532,3.3563065803997363,3.3563065803997363,18.22767803978323,18.22767803978323,True,0.0,0.0,0.0,0.0,unprocessed,rotor/0022,rotor,7176,3.89,0,False,2.499902620911598e-06,6.249756552278996e-07
2.128204345703125,2.128204345703125,0.8570118923642944,0.8570118923642944,0.7191350825165229,0.719135082516523,12.948186889326621,12.948186889326621,12.975524792641377,12.975524792641377,6.768189269650383,6.768189269650383,True,0.0,0.0,0.0,0.0,unprocessed,rotor/0023,rotor,7127,12.98,0,False,3.300141543149948e-06,8.25035385787487e-07
1.4120486974716187,1.4120486974716187,0.918519579174187,0.918519579174187,0.8229144823385248,0.8229144823385248,10.858672888817738,10.858672888817738,10.8667871298198,10.8667871298198,7.319888115458585,7.319888115458585,True,0.0,0.0,0.0,0.0,unprocessed,rotor/0024,rotor,3575,10.89,0,False,3.100140020251274e-06,7.750350050628185e-07
1.313738465309143,1.313738465309143,0.8886816958451328,0.8886816958451328,0.6060887146186568,0.6060887146186568,10.0514088545997,10.0514088545997,10.060862761569538,10.060862761569538,3.4836525801230263,3.4836525801230263,True,0.0,0.0,0.0,0.0,unprocessed,rotor/0025,rotor,2961,10.41,0,False,3.6999117583036423e-06,9.249779395759106e-07
1.0266023874282837,1.0266023874282837,0.5901085442426108,0.5901085442426108,0.34493692657154523,0.34493692657154534,-18.449834081590645,-18.449834081590645,-18.440715599753666,-18.440715599753666,-9.827832276413305,-9.827832276413305,True,0.0,0.0,0.0,0.0,unprocessed,rotor/0026,rotor,8455,2.38,0,True,2.700136974453926e-06,6.750342436134815e-07
1.0419306755065918,1.0419306755065918,0.6401752590308376,0.6401752590308376,0.4121032383931518,0.4121032383931518,-4.479079335997495,-4.479079335997495,-3.8142243823068784,-3.8142243823068784,-5.259946170107037,-5.259946170107037,True,0.0,0.0,0.0,0.0,unprocessed,rotor/0027,rotor,1221,4.84,0,True,2.800021320581436e-06,7.00005330145359e-07
1.0604698657989502,1.0604698657989502,0.6412267301302487,0.6412267301302487,0.34491655675700184,0.3449165567570018,-6.617500035563779,-6.617500035563779,-6.506750438574024,-6.506750438574024,-7.331043572523291,-7.331043572523291,True,0.0,0.0,0.0,0.0,unprocessed,rotor/0028,rotor,2830,4.79,0,True,4.400033503770828e-06,1.100008375942707e-06
1.377245545387268,1.377245545387268,0.780637654694878,0.780637654694878,0.6051172435407278,0.6051172435407278,5.014296576510834,5.014296576510834,5.018239700319088,5.018239700319088,2.8478507950365795,2.8478507950365795,True,0.0,0.0,0.0,0.0,unprocessed,rotor/0029,rotor,61,5.02,0,False,3.600027412176132e-06,9.00006853044033e-07
1.0145018100738525,1.0145018100738525,0.4681069176314138,0.4681069176314138,0.2780354506456014,0.2780354506456014,-12.232659452721297,-12.232659452721297,-10.804424182778511,-10.804424182778511,-9.133607314457217,-9.133607314457217,True,0.0,0.0,0.0,0.0,unprocessed,rotor/0030,rotor,2830,-2.75,0,True,2.800021320581436e-06,7.00005330145359e-07
1.8288044929504395,1.8288044929504395,0.9518947327183986,0.9518947327183986,0.9198992705509298,0.9198992705509298,-4.651553662579536,-4.651553662579536,-4.654624477740713,-4.654624477740713,25.378605411947394,25.378605411947394,True,0.0,0.0,0.0,0.0,unprocessed,rotor/0031,rotor,237,-3.97,0,False,2.800021320581436e-06,7.00005330145359e-07
1.0990262031555176,1.0990262031555176,0.8914101951078033,0.8914101951078033,0.7442232135380658,0.7442232135380658,6.101361514379672,6.101361514379672,6.117906482104222,6.117906482104222,5.965884066056363,5.965884066056363,True,0.0,0.0,0.0,0.0,unprocessed,rotor/0032,rotor,4992,6.7,0,False,4.200031980872154e-06,1.0500079952180386e-06
1.8000190258026123,1.8000190258026123,0.9425652559895025,0.9425652559895025,0.8756225740691046,0.8756225740691046,13.68573654188065,13.68573654188065,13.678107492198466,13.678107492198466,9.552692611961426,9.552692611961426,True,0.0,0.0,0.0,0.0,unprocessed,rotor/0033,rotor,3575,13.7,0,False,3.100140020251274e-06,7.750350050628185e-07
1.5326902866363525,1.5326902866363525,0.9111512177585248,0.9111512177585248,0.7636541089053595,0.7636541089053595,10.945575418907511,10.945575418907511,10.903713631189548,10.903713631189548,5.557671011469405,5.557671011469405,True,0.0,0.0,0.0,0.0,unprocessed,rotor/0034,rotor,4507,11.53,0,False,3.0999071896076202e-06,7.749767974019051e-07
1.5560624599456787,1.5560624599456787,0.9106974089948022,0.9106974089948022,0.7204381931499951,0.7204381931499951,5.837981065681639,5.837981065681639,5.875348345404849,5.875348345404849,0.45872887032789916,0.45872887032789916,True,0.0,0.0,0.0,0.0,unprocessed,rotor/0035,rotor,8463,8.3,0,True,4.899920895695686e-06,1.2249802239239216e-06
1.0566751956939697,1.0566751956939697,0.7124866324221408,0.7124866324221408,0.5112449216207097,0.5112449216207097,-4.194018468526324,-4.194018468526324,-4.210464980972906,-4.210464980972906,-4.627584704786041,-4.627584704786041,True,0.0,0.0,0.0,0.0,unprocessed,rotor/0036,rotor,237,-3.48,0,False,4.299916326999664e-06,1.074979081749916e-06
1.16263747215271,1.16263747215271,0.5394419448537838,0.5394419448537838,0.24909819133607614,0.24909819133607594,-6.525314559609608,-6.525314559609608,-6.393453926140839,-6.393453926140839,-7.24632217651795,-7.24632217651795,True,0.0,0.0,0.0,0.0,unprocessed,rotor/0037,rotor,1188,5.82,0,True,2.500135451555252e-06,6.25033862888813e-07
1.1276427507400513,1.1276427507400513,0.8159885270298407,0.8159885270298407,0.6461617930390716,0.6461617930390716,0.4747864846685476,0.4747864846685476,0.43017109162387296,0.43017109162387296,-2.478876787270066,-2.478876787270066,True,0.0,0.0,0.0,0.0,unprocessed,rotor/0038,rotor,1284,2.3,0,True,2.800021320581436e-06,7.00005330145359e-07
1.3179563283920288,1.3179563283920288,0.8172314737755257,0.8172314737755257,0.6184529784671895,0.6184529784671894,7.490000615252729,7.490000615252729,7.516585655001369,7.516585655001369,2.571379398585055,2.571379398585055,True,0.0,0.0,0.0,0.0,unprocessed,rotor/0039,rotor,61,7.52,0,False,2.8999056667089462e-06,7.249764166772366e-07
1.3730735778808594,1.3730735778808594,0.9606057150718232,0.9606057150718232,0.7854734755685202,0.7854734755685202,13.230548834309184,13.230548834309184,13.225648878914676,13.225648878914676,10.704125249919294,10.704125249919294,True,0.0,0.0,0.0,0.0,unprocessed,engine/0000,engine,121,14.19,0,False,4.09991480410099e-06,1.0249787010252476e-06
1.095259189605713,1.095259189605713,0.737796394000406,0.737796394000406,0.4822132456055894,0.4822132456055894,1.9399353640755224,1.9399353640755224,1.8316227960346068,1.8316227960346068,0.29555623701937866,0.29555623701937866,True,0.0,0.0,0.0,0.0,unprocessed,engine/0001,engine,121,10.16,0,True,3.200024366378784e-06,8.00006091594696e-07
1.311739206314087,1.311739206314087,0.9799709761352026,0.9799709761352026,0.9320003883519142,0.9320003883519141,8.009533144336364,8.009533144336364,8.031502256769512,8.031502256769512,4.8967926065872955,4.8967926065872955,True,0.0,0.0,0.0,0.0,unprocessed,engine/0002,engine,237,9.4,0,False,3.90014611184597e-06,9.750365279614925e-07
1.4404712915420532,1.4404712915420532,0.9252722802306206,0.9252722802306206,0.8323229237089375,0.8323229237089375,8.833625081101966,8.833625081101966,8.823970491937757,8.823970491937757,4.670941063485915,4.670941063485915,True,0.0,0.0,0.0,0.0,unprocessed,engine/0003,engine,1089,9.26,0,False,3.2999087125062943e-06,8.249771781265736e-07
1.520149827003479,1.520149827003479,0.9597462842809391,0.9597462842809391,0.8722510121210116,0.8722510121210117,9.695088761199258,9.695088761199258,9.627932329730365,9.627932329730365,6.5974244978341625,6.5974244978341625,True,0.0,0.0,0.0,0.0,unprocessed,engine/0004,engine,7176,10.06,0,False,3.600027412176132e-06,9.00006853044033e-07
1.0488035678863525,1.0488035678863525,0.5677346736982781,0.5677346736982781,0.30359903629674717,0.30359903629674717,-9.184906573930405,-9.184906573930405,-9.053169707180796,-9.053169707180796,-5.251723265833923,-5.251723265833923,True,0.0,0.0,0.0,0.0,unprocessed,engine/0005,engine,2830,-0.06,0,True,2.8999056667089462e-06,7.249764166772366e-07
1.1245598793029785,1.1245598793029785,0.835715892906551,0.835715892906551,0.6350525883452192,0.6350525883452192,1.3534911761171997,1.3534911761171997,1.3636377824119155,1.3636377824119155,0.8853911455130018,0.8853911455130018,True,0.0,0.0,0.0,0.0,unprocessed,engine/0006,engine,4970,2.12,0,False,0.00024940003640949726,6.235000910237432e-05
1.0229339599609375,1.0229339599609375,0.4962352706289785,0.4962352706289785,0.2544478298130861,0.2544478298130861,-12.98128592962772,-12.98128592962772,-13.131426266054449,-13.131426266054449,-6.698818707964025,-6.698818707964025,True,0.0,0.0,0.0,0.0,unprocessed,engine/0007,engine,1580,-4.63,0,True,3.899913281202316e-06,9.74978320300579e-07
1.4003159999847412,1.4003159999847412,0.9061763923216762,0.9061763923216762,0.7720391727923235,0.7720391727923235,3.045832920689955,3.045832920689955,3.0380936665996594,3.0380936665996594,-1.3665845263710912,-1.3665845263710912,True,0.0,0.0,0.0,0.0,unprocessed,engine/0008,engine,3729,3.32,0,False,3.200024366378784e-06,8.00006091594696e-07
1.0513532161712646,1.0513532161712646,0.6570499480615041,0.6570499480615041,0.4148396930757086,0.4148396930757086,2.5781192320118738,2.5781192320118738,2.5616058252294054,2.5616058252294054,0.7089687563629427,0.7089687563629427,True,0.0,0.0,0.0,0.0,unprocessed,engine/0009,engine,6930,2.59,0,False,3.4999102354049683e-06,8.749775588512421e-07
1.6262786388397217,1.6262786388397217,0.9679626154415155,0.9679626154415155,0.8568927544175581,0.8568927544175582,13.566472717320684,13.566472717320684,13.54904658017096,13.54904658017096,11.069049975711051,11.069049975711051,True,0.0,0.0,0.0,0.0,unprocessed,engine/0010,engine,121,13.82,0,False,2.800021320581436e-06,7.00005330145359e-07
1.0413355827331543,1.0413355827331543,0.5815366748408687,0.5815366748408687,0.34791983126645315,0.34791983126645315,-2.0564985979067356,-2.0564985979067356,-2.000338340669253,-2.000338340669253,-2.351293104361177,-2.351293104361177,True,0.0,0.0,0.0,0.0,unprocessed,engine/0011,engine,2300,2.07,0,True,3.00002284348011e-06,7.500057108700275e-07
1.0552332401275635,1.0552332401275635,0.7226264975648953,0.7226264975648953,0.5040492853283075,0.5040492853283075,1.8811228748933089,1.8811228748933089,1.92379395870721,1.92379395870721,-1.248702783434206,-1.248702783434206,True,0.0,0.0,0.0,0.0,unprocessed,engine/0012,engine,4992,9.03,0,True,2.800021320581436e-06,7.00005330145359e-07
1.0716160535812378,1.0716160535812378,0.7073135410895569,0.7073135410895569,0.4898074078388406,0.4898074078388405,1.6759120797832479,1.6759120797832479,1.718369592269775,1.718369592269775,1.947821756979288,1.947821756979288,True,0.0,0.0,0.0,0.0,unprocessed,engine/0013,engine,7176,1.95,0,False,3.899913281202316e-06,9.74978320300579e-07
1.0303117036819458,1.0303117036819458,0.659189431925931,0.659189431925931,0.4381390392678936,0.4381390392678936,0.5681423503363634,0.5681423503363634,0.505319145159274,0.505319145159274,-1.7402113800197532,-1.7402113800197532,True,0.0,0.0,0.0,0.0,unprocessed,engine/0014,engine,3575,3.07,0,True,3.00002284348011e-06,7.500057108700275e-07
1.137006163597107,1.137006163597107,0.9335904176851053,0.9335904176851053,0.8170417353693595,0.8170417353693594,3.583391874666193,3.583391874666193,3.541440572957301,3.541440572957301,0.45754027464442515,0.45754027464442515,True,0.0,0.0,0.0,0.0,unprocessed,engine/0015,engine,237,3.8,0,False,2.8999056667089462e-06,7.249764166772366e-07
1.2170828580856323,1.2170828580856323,0.8015490858780061,0.8015490858780061,0.5635146445363316,0.5635146445363316,4.088473155953953,4.088473155953953,3.9903782664594587,3.9903782664594587,1.5140203058318167,1.5140203058318167,True,0.0,0.0,0.0,0.0,unprocessed,engine/0016,engine,7729,8.7,0,True,2.600019797682762e-06,6.500049494206905e-07
1.3154979944229126,1.3154979944229126,0.7051550493190728,0.7051550493190728,0.5143751501853724,0.5143751501853724,4.0781737673490985,4.0781737673490985,4.220476197715209,4.220476197715209,-2.116745684800545,-2.116745684800545,True,0.0,0.0,0.0,0.0,unprocessed,engine/0017,engine,908,14.55,0,True,2.8999056667089462e-06,7.249764166772366e-07
1.0410239696502686,1.0410239696502686,0.731072895406194,0.731072895406194,0.6082513236398832,0.6082513236398832,-7.362412550330014,-7.362412550330014,-7.376084319052531,-7.376084319052531,-6.203725811805973,-6.203725811805973,True,0.0,0.0,0.0,0.0,unprocessed,engine/0018,engine,672,8.94,0,True,3.100140020251274e-06,7.750350050628185e-07
1.0716488361358643,1.0716488361358643,0.5604289752280917,0.5604289752280917,0.3790505985132993,0.3790505985132993,-2.1271940349173386,-2.1271940349173386,-2.0246339149749493,-2.0246339149749493,-4.093136892474401,-4.093136892474401,True,0.0,0.0,0.0,0.0,unprocessed,engine/0019,engine,3729,-2.02,0,False,3.1997915357351303e-06,7.999478839337826e-07
1.279261827468872,1.279261827468872,0.9402980189774169,0.9402980189774169,0.8244348617547873,0.8244348617547873,6.381052093857914,6.381052093857914,6.406119772818605,6.406119772818605,2.9949401135239504,2.9949401135239504,True,0.0,0.0,0.0,0.0,unprocessed,engine/0020,engine,1284,13.52,0,True,3.100140020251274e-06,7.750350050628185e-07
1.0538417100906372,1.0538417100906372,0.5343939960477523,0.5343939960477523,0.2681906589603331,0.2681906589603331,-3.91954648541299,-3.91954648541299,-3.528378568541922,-3.528378568541922,-3.65746031092654,-3.65746031092654,True,0.0,0.0,0.0,0.0,unprocessed,engine/0021,engine,7176,0.61,0,True,3.00002284348011e-06,7.500057108700275e-07
1.326629877090454,1.326629877090454,0.878309853704517,0.878309853704517,0.7658602194875185,0.7658602194875185,13.398191515796967,13.398191515796967,13.375008406274773,13.375008406274773,11.674458588316721,11.674458588316721,True,0.0,0.0,0.0,0.0,unprocessed,engine/0022,engine,8555,13.94,0,False,2.9001384973526e-06,7.2503462433815e-07
1.3707265853881836,1.3707265853881836,0.9295160149720416,0.9295160149720416,0.8162102451490019,0.816210245149002,8.452635175734628,8.452635175734628,8.44696206411729,8.44696206411729,7.317131823389515,7.317131823389515,True,0.0,0.0,0.0,0.0,unprocessed,engine/0023,engine,1320,8.59,0,False,2.800021320581436e-06,7.00005330145359e-07
1.1149520874023438,1.1149520874023438,0.44014935284144546,0.44014935284144546,0.1694361771121733,0.16943617711217338,-8.438155899210749,-8.438155899210749,-8.058134466974785,-8.058134466974785,-7.6591755455512525,-7.6591755455512525,True,0.0,0.0,0.0,0.0,unprocessed,engine/0024,engine,672,2.17,0,True,4.499917849898338e-06,1.1249794624745846e-06
1.0283094644546509,1.0283094644546509,0.5032245297652332,0.5032245297652332,0.24174895944747132,0.2417489594474713,-3.625369010328621,-3.625369010328621,-3.7152261523392296,-3.7152261523392296,-4.785550843193337,-4.785550843193337,True,0.0,0.0,0.0,0.0,unprocessed,engine/0025,engine,1995,-3.17,0,False,2.800021320581436e-06,7.00005330145359e-07
1.074013590812683,1.074013590812683,0.8230317691975433,0.8230317691975433,0.6483324436873612,0.6483324436873612,0.9346518162947676,0.9346518162947676,0.9406701184437404,0.9406701184437404,2.2673185716258355,2.2673185716258355,True,0.0,0.0,0.0,0.0,unprocessed,engine/0026,engine,5639,6.79,0,True,2.969987690448761e-05,7.4249692261219025e-06
1.0230315923690796,1.0230315923690796,0.7370549269481074,0.7370549269481074,0.42293101391640964,0.4229310139164096,0.2609046446485077,0.2609046446485077,0.29235352096361966,0.29235352096361966,-2.7648962481669903,-2.7648962481669903,True,0.0,0.0,0.0,0.0,unprocessed,engine/0027,engine,5142,4.4,0,True,2.9997900128364563e-06,7.499475032091141e-07
1.0372154712677002,1.0372154712677002,0.544631976332094,0.544631976332094,0.3146119183537173,0.3146119183537174,-3.4268733885656566,-3.4268733885656566,-3.188396884994193,-3.188396884994193,-4.6408473321294,-4.6408473321294,True,0.0,0.0,0.0,0.0,unprocessed,engine/0028,engine,2830,3.63,0,True,3.00002284348011e-06,7.500057108700275e-07
1.0219519138336182,1.0219519138336182,0.6265253016004598,0.6265253016004598,0.40882441245420925,0.40882441245420936,-4.734818313696245,-4.734818313696245,-4.465313221798769,-4.465313221798769,-7.144078333355151,-7.144078333355151,True,0.0,0.0,0.0,0.0,unprocessed,engine/0029,engine,2094,-1.47,0,True,2.9997900128364563e-06,7.499475032091141e-07
1.0990363359451294,1.0990363359451294,0.7910748018687546,0.7910748018687546,0.5144925301352554,0.5144925301352553,5.338947003274255,5.338947003274255,5.333969067660524,5.333969067660524,2.8680740171785986,2.8680740171785986,True,0.0,0.0,0.0,0.0,unprocessed,engine/0030,engine,1284,7.67,0,True,2.600019797682762e-06,6.500049494206905e-07
1.133439540863037,1.133439540863037,0.8469969570859223,0.8469969570859223,0.6599040844916528,0.6599040844916528,5.42034203081276,5.42034203081276,5.420179492297638,5.420179492297638,0.90890504034419,0.90890504034419,True,0.0,0.0,0.0,0.0,unprocessed,engine/0031,engine,3570,5.42,0,False,3.200024366378784e-06,8.00006091594696e-07
1.0730359554290771,1.0730359554290771,0.6147696791565516,0.6147696791565516,0.2934080716322782,0.2934080716322782,-0.09223308164614,-0.09223308164614,-0.09172259668265989,-0.09172259668265989,-4.899445849161424,-4.899445849161424,True,0.0,0.0,0.0,0.0,unprocessed,engine/0032,engine,908,-0.09,0,False,3.899913281202316e-06,9.74978320300579e-07
1.1318156719207764,1.1318156719207764,0.7699693392539568,0.7699693392539568,0.6381915787046099,0.6381915787046099,0.6429668957630675,0.6429668957630675,0.6270552185671509,0.6270552185671509,5.174068972360985,5.174068972360985,True,0.0,0.0,0.0,0.0,unprocessed,engine/0033,engine,61,6.51,0,True,0.00015840004198253155,3.960001049563289e-05
1.3720022439956665,1.3720022439956665,0.8736330422158429,0.8736330422158429,0.6883983479956631,0.6883983479956632,5.681030092520935,5.681030092520935,5.749251487217771,5.749251487217771,-0.8647086952884915,-0.8647086952884915,True,0.0,0.0,0.0,0.0,unprocessed,engine/0034,engine,5105,5.77,0,False,2.8999056667089462e-06,7.249764166772366e-07
1.107471227645874,1.107471227645874,0.33533132585736586,0.33533132585736586,0.2131003356711209,0.21310033567112086,-5.643618043360203,-5.643618043360203,-5.185542521562697,-5.185542521562697,-6.863356481116148,-6.863356481116148,True,0.0,0.0,0.0,0.0,unprocessed,engine/0035,engine,1188,-2.43,0,True,4.600035026669502e-06,1.1500087566673756e-06
1.1158515214920044,1.1158515214920044,0.4367033687278242,0.4367033687278242,0.18532506097957416,0.18532506097957413,-9.653452998232444,-9.653452998232444,-9.729026620121479,-9.729026620121479,-7.945645700604704,-7.945645700604704,True,0.0,0.0,0.0,0.0,unprocessed,engine/0036,engine,4992,-2.72,0,True,3.0999071896076202e-06,7.749767974019051e-07
1.0702617168426514,1.0702617168426514,0.7450654363538228,0.7450654363538228,0.4703859925208135,0.4703859925208135,1.1697824479587495,1.1697824479587495,1.0790128868365152,1.0790128868365152,-2.733517380597028,-2.733517380597028,True,0.0,0.0,0.0,0.0,unprocessed,engine/0037,engine,237,1.61,0,False,4.00003045797348e-06,1.00000761449337e-06
1.5140825510025024,1.5140825510025024,0.9448314874133475,0.9448314874133475,0.8826366014512924,0.8826366014512922,14.465406692769916,14.465406692769916,14.466642015414665,14.466642015414665,13.757021857368906,13.757021857368906,True,0.0,0.0,0.0,0.0,unprocessed,engine/0038,engine,5142,14.48,0,False,3.400025889277458e-06,8.500064723193645e-07
1.445371389389038,1.445371389389038,0.9622302116448771,0.9622302116448771,0.8626914714700241,0.8626914714700241,3.159642509238687,3.159642509238687,3.060762843025106,3.060762843025106,0.6205424446864533,0.6205424446864533,True,0.0,0.0,0.0,0.0,unprocessed,engine/0039,engine,8230,12.79,0,True,2.6999041438102722e-06,6.749760359525681e-07
1.0896196365356445,1.0896196365356445,0.890949753230886,0.890949753230886,0.8170732283358398,0.8170732283358398,-12.605202325650126,-12.605202325650126,-10.848280211385235,-10.848280211385235,4.286865726196931,4.286865726196931,True,0.0,0.0,0.0,0.0,unprocessed,siren/0000,siren,2094,-3.29,0,True,2.600019797682762e-06,6.500049494206905e-07
1.7163509130477905,1.7163509130477905,0.9085049892362258,0.9085049892362258,0.7479517523514959,0.7479517523514958,12.36680486829501,12.36680486829501,12.37715975822189,12.37715975822189,6.200448191744594,6.200448191744594,True,0.0,0.0,0.0,0.0,unprocessed,siren/0001,siren,908,12.4,0,False,4.200031980872154e-06,1.0500079952180386e-06
1.1488102674484253,1.1488102674484253,0.7614429111038054,0.7614429111038054,0.644517103021821,0.6445171030218209,-8.244722050142482,-8.244722050142482,-8.193896204016216,-8.193896204016216,7.9133021751332215,7.9133021751332215,True,0.0,0.0,0.0,0.0,unprocessed,siren/0002,siren,5142,-1.22,0,True,3.00002284348011e-06,7.500057108700275e-07
2.7464075088500977,2.7464075088500977,0.9907324177704401,0.9907324177704401,0.9735579438523828,0.9735579438523828,14.277785521816666,14.277785521816666,14.272183690651763,14.272183690651763,28.710964645888705,28.710964645888705,True,0.0,0.0,0.0,0.0,unprocessed,siren/0003,siren,8224,14.84,0,False,2.6999041438102722e-06,6.749760359525681e-07
1.951132893562317,1.951132893562317,0.9224124576635488,0.9224124576635488,0.8403220636992251,0.8403220636992251,7.246895263275039,7.246895263275039,7.172882195992136,7.172882195992136,23.89071496779408,23.89071496779408,True,0.0,0.0,0.0,0.0,unprocessed,siren/0004,siren,8230,7.57,0,False,2.600019797682762e-06,6.500049494206905e-07
1.2639868259429932,1.2639868259429932,0.7969756318936483,0.7969756318936483,0.6771856787696504,0.6771856787696504,-11.330893386975,-11.330893386975,-11.614542578617792,-11.614542578617792,5.2125254935866545,5.2125254935866545,True,0.0,0.0,0.0,0.0,unprocessed,siren/0005,siren,121,-3.4,0,True,2.800021320581436e-06,7.00005330145359e-07
1.386789321899414,1.386789321899414,0.9291041142539712,0.9291041142539712,0.857931135730985,0.857931135730985,2.2141268557760223,2.2141268557760223,2.2476349201003676,2.2476349201003676,2.1798663672037577,2.1798663672037577,True,0.0,0.0,0.0,0.0,unprocessed,siren/0006,siren,672,2.25,0,False,2.8999056667089462e-06,7.249764166772366e-07
1.7504234313964844,1.7504234313964844,0.8397916497800069,0.8397916497800069,0.669730479881232,0.6697304798812318,4.706737375050567,4.706737375050567,4.686828847203467,4.686828847203467,4.0528011099465795,4.0528011099465795,True,0.0,0.0,0.0,0.0,unprocessed,siren/0007,siren,4077,8.69,0,True,3.00002284348011e-06,7.500057108700275e-07
2.058227777481079,2.058227777481079,0.9455993198407088,0.9455993198407088,0.8537123159874241,0.8537123159874241,9.652747085562064,9.652747085562064,9.688008740909115,9.688008740909115,21.68547281070296,21.68547281070296,True,0.0,0.0,0.0,0.0,unprocessed,siren/0008,siren,61,9.69,0,False,2.800021320581436e-06,7.00005330145359e-07
3.8788344860076904,3.8788344860076904,0.9854229092335948,0.9854229092335948,0.9494052407754715,0.9494052407754715,13.95707935362709,13.95707935362709,13.954538955146463,13.954538955146463,30.4489376070867,30.4489376070867,True,0.0,0.0,0.0,0.0,unprocessed,siren/0009,siren,1188,14.65,0,False,3.00002284348011e-06,7.500057108700275e-07
1.1179486513137817,1.1179486513137817,0.8188391473040102,0.8188391473040102,0.6666054157168588,0.6666054157168588,-0.27423956237319624,-0.27423956237319624,-0.25426184362503573,-0.25426184362503573,2.2858795050673035,2.2858795050673035,True,0.0,0.0,0.0,0.0,unprocessed,siren/0010,siren,1580,5.17,0,True,3.6999117583036423e-06,9.249779395759106e-07
1.280860185623169,1.280860185623169,0.8333276483993587,0.8333276483993587,0.6365940049723372,0.6365940049723372,-3.365918941925225,-3.365918941925225,-3.1967790634310678,-3.1967790634310678,-4.845010269156509,-4.845010269156509,True,0.0,0.0,0.0,0.0,unprocessed,siren/0011,siren,8230,-1.61,0,True,3.200024366378784e-06,8.00006091594696e-07
1.1903129816055298,1.1903129816055298,0.8072022932911553,0.8072022932911553,0.7104761345332604,0.7104761345332605,-6.995855400417121,-6.995855400417121,-6.983207905465937,-6.983207905465937,5.739176155505554,5.739176155505554,True,0.0,0.0,0.0,0.0,unprocessed,siren/0012,siren,3575,0.47,0,True,5.299923941493034e-06,1.3249809853732586e-06
1.907860279083252,1.907860279083252,0.9289936349752138,0.9289936349752138,0.8850801764949091,0.8850801764949091,4.902971505622884,4.902971505622884,4.873831538774072,4.873831538774072,25.14984022744766,25.14984022744766,True,0.0,0.0,0.0,0.0,unprocessed,siren/0013,siren,1221,4.87,0,False,2.8999056667089462e-06,7.249764166772366e-07
1.842874526977539,1.842874526977539,0.9813925734349267,0.9813925734349267,0.921722750303789,0.921722750303789,1.634189066265458,1.634189066265458,1.6946918726676772,1.6946918726676772,11.250282125030372,11.250282125030372,True,0.0,0.0,0.0,0.0,unprocessed,siren/0014,siren,4446,6.52,0,True,2.9001384973526e-06,7.2503462433815e-07
1.2230619192123413,1.2230619192123413,0.872983871270863,0.872983871270863,0.7228617401379219,0.7228617401379217,-3.450374601412085,-3.450374601412085,-3.466534155597854,-3.466534155597854,-2.902945099741032,-2.902945099741032,True,0.0,0.0,0.0,0.0,unprocessed,siren/0015,siren,1284,3.23,0,True,2.8999056667089462e-06,7.249764166772366e-07
1.3866536617279053,1.3866536617279053,0.9587947466296186,0.9587947466296186,0.8047547521365265,0.8047547521365265,1.9629266371172285,1.9629266371172285,2.0484318140801303,2.0484318140801303,-0.7814079759208452,-0.7814079759208452,True,0.0,0.0,0.0,0.0,unprocessed,siren/0016,siren,1580,10.29,0,True,3.2999087125062943e-06,8.249771781265736e-07
1.7904260158538818,1.7904260158538818,0.9530930612183155,0.9530930612183155,0.8133631996018431,0.8133631996018431,9.30545921093353,9.30545921093353,9.319637525615638,9.319637525615638,5.28943736477593,5.28943736477593,True,0.0,0.0,0.0,0.0,unprocessed,siren/0017,siren,5105,9.32,0,False,2.800021320581436e-06,7.00005330145359e-07
1.286064624786377,1.286064624786377,0.9037576930011805,0.9037576930011805,0.7148050517728476,0.7148050517728476,-5.005005815004501,-5.005005815004501,-4.989776385007556,-4.989776385007556,-4.717541335012209,-4.717541335012209,True,0.0,0.0,0.0,0.0,unprocessed,siren/0018,siren,6829,-4.8,0,False,3.8000289350748062e-06,9.500072337687016e-07
1.4189558029174805,1.4189558029174805,0.9464103998183716,0.9464103998183716,0.8500581231355484,0.8500581231355484,4.686505729887079,4.686505729887079,4.700662344271414,4.700662344271414,1.5994538464337245,1.5994538464337245,True,0.0,0.0,0.0,0.0,unprocessed,siren/0019,siren,5683,4.93,0,False,3.200024366378784e-06,8.00006091594696e-07
1.5718767642974854,1.5718767642974854,0.865920143746134,0.865920143746134,0.793076741499356,0.793076741499356,-2.1127798263774547,-2.1127798263774547,-2.0573066077750433,-2.0573066077750433,20.36988694924516,20.36988694924516,True,0.0,0.0,0.0,0.0,unprocessed,siren/0020,siren,5142,-1.39,0,False,3.100140020251274e-06,7.750350050628185e-07
1.2455955743789673,1.2455955743789673,0.9122791344810353,0.9122791344810353,0.6911611203173115,0.6911611203173115,7.441123735507583,7.441123735507583,7.454336674001669,7.454336674001669,2.960061806030878,2.960061806030878,True,0.0,0.0,0.0,0.0,unprocessed,siren/0021,siren,4446,7.61,0,False,4.1997991502285e-06,1.049949787557125e-06
1.0610406398773193,1.0610406398773193,0.9294808382702298,0.9294808382702298,0.7883052611296943,0.7883052611296941,-6.767303399644302,-6.767303399644302,-6.369972614616534,-6.369972614616534,10.285284930408489,10.285284930408489,True,0.0,0.0,0.0,0.0,unprocessed,siren/0022,siren,6930,-4.25,0,True,2.6999041438102722e-06,6.749760359525681e-07
1.7061175107955933,1.7061175107955933,0.9399479191904689,0.9399479191904689,0.907128054273532,0.9071280542735323,1.2521776944209215,1.2521776944209215,1.2725033607536063,1.2725033607536063,28.3763271619731,28.3763271619731,True,0.0,0.0,0.0,0.0,unprocessed,siren/0023,siren,121,2.48,0,False,4.200031980872154e-06,1.0500079952180386e-06
4.467159748077393,4.467159748077393,0.9999996142043772,0.9999996142043772,0.9999994776050679,0.9999994776050679,14.196486198316263,14.196486198316263,14.194056026651353,14.194056026651353,34.71060421804732,34.71060421804732,True,0.0,0.0,0.0,0.0,unprocessed,siren/0024,siren,4446,14.57,0,False,4.400033503770828e-06,1.100008375942707e-06
1.4284191131591797,1.4284191131591797,0.9083098224440401,0.9083098224440401,0.8216661479678254,0.8216661479678254,4.131018539930681,4.131018539930681,4.121707595471002,4.121707595471002,19.06689009904689,19.06689009904689,True,0.0,0.0,0.0,0.0,unprocessed,siren/0025,siren,5683,4.32,0,False,2.9997900128364563e-06,7.499475032091141e-07
1.0379829406738281,1.0379829406738281,0.49249586994391364,0.49249586994391364,0.27926772002330874,0.2792677200233087,-7.410750762032857,-7.410750762032857,-7.414837264287431,-7.414837264287431,-7.358514630230746,-7.358514630230746,True,0.0,0.0,0.0,0.0,unprocessed,siren/0026,siren,1089,0.35,0,True,3.500143066048622e-06,8.750357665121555e-07
1.1455014944076538,1.1455014944076538,0.8157770481018622,0.8157770481018622,0.6591331356918454,0.6591331356918454,6.31474000301816,6.31474000301816,6.326322687240057,6.326322687240057,3.5211467493017317,3.5211467493017317,True,0.0,0.0,0.0,0.0,unprocessed,siren/0027,siren,1188,6.33,0,False,3.00002284348011e-06,7.500057108700275e-07
1.0799733400344849,1.0799733400344849,0.816174432454669,0.816174432454669,0.6293274277880674,0.6293274277880674,-9.979160611003294,-9.979160611003294,-9.330361121926797,-9.330361121926797,1.427272701746723,1.427272701746723,True,0.0,0.0,0.0,0.0,unprocessed,siren/0028,siren,260,7.94,0,True,2.600019797682762e-06,6.500049494206905e-07
1.1390076875686646,1.1390076875686646,0.8229509328321044,0.8229509328321044,0.6630428163709904,0.6630428163709904,9.994120818107714,9.994120818107714,10.13749060235596,10.13749060235596,6.2971128873131725,6.2971128873131725,True,0.0,0.0,0.0,0.0,unprocessed,siren/0029,siren,1320,13.55,0,True,2.8999056667089462e-06,7.249764166772366e-07
1.057820439338684,1.057820439338684,0.4310640606012331,0.4310640606012331,0.1610393732846387,0.16103937328463871,-10.86329105094846,-10.86329105094846,-9.999029245907085,-9.999029245907085,-8.288438078951247,-8.288438078951247,True,0.0,0.0,0.0,0.0,unprocessed,siren/0030,siren,4507,-0.19,0,True,3.300141543149948e-06,8.25035385787487e-07
1.393184781074524,1.393184781074524,0.9441310824259163,0.9441310824259163,0.8130928417458627,0.8130928417458627,4.313441106533993,4.313441106533993,4.305744818342011,4.305744818342011,4.4316669875086925,4.4316669875086925,True,0.0,0.0,0.0,0.0,unprocessed,siren/0031,siren,7021,14.14,0,True,2.8999056667089462e-06,7.249764166772366e-07
1.1255991458892822,1.1255991458892822,0.7949739177490444,0.7949739177490444,0.6561185610835524,0.6561185610835524,-1.734948491705795,-1.734948491705795,-1.7307985709566225,-1.7307985709566225,10.974006070247315,10.974006070247315,True,0.0,0.0,0.0,0.0,unprocessed,siren/0032,siren,2830,-1.7,0,False,5.499925464391708e-06,1.374981366097927e-06
1.2276668548583984,1.2276668548583984,0.8229388223039173,0.8229388223039173,0.6910817872468648,0.6910817872468646,-0.1891355038028564,-0.1891355038028564,-0.2312256282889438,-0.2312256282889438,11.062192395294936,11.062192395294936,True,0.0,0.0,0.0,0.0,unprocessed,siren/0033,siren,1284,0.37,0,False,3.90014611184597e-06,9.750365279614925e-07
1.0936857461929321,1.0936857461929321,0.8965610693972689,0.8965610693972689,0.7745591132059171,0.7745591132059171,-1.9999928373863338,-1.9999928373863338,-2.022689591411872,-2.022689591411872,19.913982967955793,19.913982967955793,True,0.0,0.0,0.0,0.0,unprocessed,siren/0034,siren,1320,-2.0,0,False,2.600019797682762e-06,6.500049494206905e-07
1.3900796175003052,1.3900796175003052,0.8682574367223829,0.8682574367223829,0.7657898723150158,0.7657898723150159,0.7028705990595652,0.7028705990595652,1.7591128189784777,1.7591128189784777,3.0420032404595423,3.0420032404595423,True,0.0,0.0,0.0,0.0,unprocessed,siren/0035,siren,2300,8.17,0,True,2.800021320581436e-06,7.00005330145359e-07
1.9343695640563965,1.9343695640563965,0.9491098075946189,0.9491098075946189,0.8651499044364737,0.8651499044364737,3.419871434485966,3.419871434485966,3.6824350489527733,3.6824350489527733,7.996390564051779,7.996390564051779,True,0.0,0.0,0.0,0.0,unprocessed,siren/0036,siren,6930,6.34,0,True,2.600019797682762e-06,6.500049494206905e-07
1.3446264266967773,1.3446264266967773,0.894361714192518,0.894361714192518,0.7887965432797341,0.7887965432797341,-0.5026472217444174,-0.5026472217444174,-0.6942024625030774,-0.6942024625030774,6.60156027557719,6.60156027557719,True,0.0,0.0,0.0,0.0,unprocessed,siren/0037,siren,4446,6.9,0,True,3.8000289350748062e-06,9.500072337687016e-07
1.2180404663085938,1.2180404663085938,0.8118598854491504,0.8118598854491504,0.7018423351948144,0.7018423351948144,-2.5453536015092664,-2.5453536015092664,-2.7366902474424064,-2.7366902474424064,4.701815599909597,4.701815599909597,True,0.0,0.0,0.0,0.0,unprocessed,siren/0038,siren,672,6.47,0,True,3.899913281202316e-06,9.74978320300579e-07
1.389992117881775,1.389992117881775,0.850714469293868,0.850714469293868,0.7762660676669558,0.7762660676669559,0.5638715747259009,0.5638715747259009,0.5625911924709077,0.5625911924709077,21.79714597386279,21.79714597386279,True,0.0,0.0,0.0,0.0,unprocessed,siren/0039,siren,3575,0.82,0,False,3.400025889277458e-06,8.500064723193645e-07
2.8612074851989746,2.904052734375,0.939206689271369,0.9392513839277192,0.8977911741670059,0.8979937823407009,7.618508757529746,7.619858012062335,7.624757167486065,7.6246279145337095,29.973414807378127,31.466082961330567,True,0.00012925295235532985,-0.0013492545325890504,-0.04284524917602539,-4.4694656350263706e-05,wiener,gunshot/0000,gunshot,5142,9.22,1,False,0.015966699924319983,0.003991674981079996
1.5378289222717285,1.5394258499145508,0.9351526634440458,0.9448730121563927,0.7854051799906318,0.795431619513726,3.880741951209745,3.8898251641682484,4.081675630138077,4.061065805240029,6.079298616889386,6.504926798527301,True,0.020609824898048856,-0.009083212958503228,-0.0015969276428222656,-0.009720348712346949,wiener,gunshot/0001,gunshot,4077,6.72,2,True,0.015317999990656972,0.003829499997664243
3.7745871543884277,3.8241806030273438,0.9978609186687528,0.9991601878089545,0.9891095471069196,0.9987642805724912,31.449591861523043,32.4280733093195,31.45053305179423,32.428150441176896,28.997148208340565,33.87255013161075,True,-0.9776173893826652,-0.9784814477964581,-0.049593448638916016,-0.001299269140201731,wiener,gunshot/0002,gunshot,1580,9.58,1,False,0.016059299930930138,0.004014824982732534
3.110191822052002,3.2802019119262695,0.9979410875655219,0.999155808874499,0.9908102364739957,0.9993977756636857,21.11249136220325,21.23588325904676,21.111618217912607,21.223436513052864,28.076938325078675,34.29290191554085,True,-0.11181829514025665,-0.12339189684350771,-0.17001008987426758,-0.0012147213089770403,wiener,gunshot/0003,gunshot,1580,11.33,1,False,0.016652900027111173,0.004163225006777793
2.153202533721924,2.1303906440734863,0.9579186207938439,0.9656478159174423,0.9403774414825221,0.9605218117374777,14.769820214624234,14.744720727573906,14.04403863248186,14.771672366428001,14.893499268756324,32.4709188398653,True,-0.7276337339461421,0.02509948705032805,0.0228118896484375,-0.007729195123598376,wiener,gunshot/0004,gunshot,5105,2.83,1,False,0.015124000143259764,0.003781000035814941
2.2760064601898193,2.3308281898498535,0.9603240951731807,0.967282204811773,0.9230144162256186,0.9526583812540728,13.659899319199232,14.082138686995728,12.894787694867738,14.210158345576806,12.365214605036835,25.853959049399343,True,-1.3153706507090686,-0.4222393677964966,-0.05482172966003418,-0.006958109638592225,wiener,gunshot/0005,gunshot,1320,13.14,2,True,0.015122600132599473,0.0037806500331498682
2.532723903656006,2.5386340618133545,0.9369409511459799,0.9373646321149858,0.9119369741870892,0.9141024175116549,12.292895199195357,12.289392605750873,12.300682936142158,12.292903805835188,25.83919835130262,28.604809240916882,True,0.007779130306969861,0.0035025934444838924,-0.005910158157348633,-0.0004236809690059129,wiener,gunshot/0006,gunshot,4970,5.21,2,False,0.014714200049638748,0.003678550012409687
3.39200496673584,3.6611926555633545,0.9978319924129059,0.9978782759580714,0.9903694038185016,0.9906142697928068,18.315602464789624,18.32438379139716,18.320423678997585,18.32477192495645,29.82563015746536,31.10180239482355,True,-0.0043482459588659594,-0.0087813266075365,-0.26918768882751465,-4.628354516555966e-05,wiener,gunshot/0007,gunshot,8455,1.13,1,False,0.015783500159159303,0.003945875039789826
3.3672540187835693,3.373321056365967,0.9966012216272486,0.9966061567394492,0.9843143992834352,0.9843872915505535,20.3043031730447,20.303751696669387,20.181507379700903,20.180851501176956,19.693296031776903,19.691713223459104,True,0.0006558785239469955,0.0005514763753140528,-0.006067037582397461,-4.935112200565861e-06,wiener,gunshot/0008,gunshot,7021,8.37,1,True,0.015106300124898553,0.0037765750312246382
3.614044427871704,3.700113534927368,0.999920127744877,0.999980125202178,0.9992676685803973,0.9999095705636887,21.818049326029872,21.835894844071024,21.821484888699167,21.83545999257789,30.338253803816478,34.283970890901536,True,-0.013975103878721029,-0.01784551804115253,-0.08606910705566406,-5.9997457301008694e-05,wiener,gunshot/0009,gunshot,3570,13.71,1,False,0.01712420000694692,0.00428105000173673
3.234253168106079,3.348283052444458,0.9936445179507496,0.9936651049605969,0.986088835603562,0.9863322791430371,22.637495119678853,22.617725253910134,22.648074252599393,22.627662076423952,32.661627155855506,33.51485092559595,True,0.020412176175440777,0.019769865768719086,-0.1140298843383789,-2.0587009847305993e-05,wiener,gunshot/0010,gunshot,7021,11.06,3,False,0.02003659983165562,0.005009149957913905
1.4443806409835815,1.4315348863601685,0.8697573858841906,0.8722144162944097,0.8497274398023431,0.8551212865623332,11.539927477931236,11.545662158087444,11.544077354248019,11.525186555715766,18.568840583971767,18.738865191601896,True,0.018890798532252617,-0.005734680156207261,0.012845754623413086,-0.002457030410219052,wiener,gunshot/0011,gunshot,1995,-2.54,3,True,0.016892099985852838,0.004223024996463209
1.1232975721359253,1.1247618198394775,0.7225977559119854,0.7225321617577584,0.623202860396956,0.6249429373831376,7.131042702678416,7.061636062130839,7.858005633084898,7.780283916955631,6.030815288791749,6.308895438037296,True,0.07772171612926648,0.06940664054757661,-0.001464247703552246,6.55941542270222e-05,wiener,gunshot/0012,gunshot,2094,11.86,4,True,0.01685640006326139,0.004214100015815347
1.8931827545166016,1.8405494689941406,0.9863724173492701,0.9869787791276866,0.9326195319032393,0.9296502955165734,17.439904533523112,17.19845262972559,17.433178328469072,17.15396879130763,12.935782411472465,12.616785595955701,True,0.27920953716144226,0.2414519037975218,0.05263328552246094,-0.0006063617784165531,wiener,gunshot/0013,gunshot,4992,10.92,1,True,0.015458199894055724,0.003864549973513931
1.4409080743789673,1.4429727792739868,0.8572876412399387,0.8573056034202945,0.7697568946012405,0.7696371039229729,5.960052389270417,5.962757826382743,5.915542665141756,5.909421271284958,5.348408801166717,5.763838574173529,True,0.0061213938567981074,-0.002705437112326514,-0.0020647048950195312,-1.7962180355768353e-05,wiener,gunshot/0014,gunshot,1284,1.59,1,True,0.014802400022745132,0.003700600005686283
2.4262707233428955,3.018339157104492,0.959703779150978,0.9792692034110322,0.9085138762765507,0.9610517341775598,13.774264994939216,18.762176023456306,13.576304642784935,18.807330977160454,9.880547836346842,28.465060915983454,True,-5.231026334375519,-4.98791102851709,-0.5920684337615967,-0.019565424260054143,wiener,gunshot/0015,gunshot,2830,-1.98,3,False,0.01597879990004003,0.003994699975010008
1.3974660634994507,1.4192157983779907,0.8322339409295585,0.8332438127309634,0.7962646284549265,0.7997469984685525,5.934167794873416,5.962764260675427,5.966045950484748,5.954921998941379,22.15400875594862,26.21903407503641,True,0.011123951543368982,-0.028596465802010584,-0.02174973487854004,-0.0010098718014048824,wiener,gunshot/0016,gunshot,1320,3.01,4,False,0.016372400103136897,0.004093100025784224
2.876927375793457,2.9453930854797363,0.9763676046494002,0.976471083529024,0.9364620274155349,0.9370140955662599,16.777796852621705,16.787782597755175,16.799509340724185,16.802485443432136,28.981995180146203,32.83681945471342,True,-0.0029761027079509006,-0.009985745133469948,-0.0684657096862793,-0.00010347887962380842,wiener,gunshot/0017,gunshot,8230,5.26,1,False,0.016416699858382344,0.004104174964595586
1.7560863494873047,1.7746329307556152,0.9551534192716442,0.9568031176304082,0.9040851974975425,0.9077988674435064,15.141739812925461,15.140418899836616,15.121793592836523,15.119747572487901,11.58172183760105,11.69092485426706,True,0.002046020348622335,0.001320913088845188,-0.018546581268310547,-0.0016496983587639402,wiener,gunshot/0018,gunshot,1995,-1.98,1,True,0.016247699968516827,0.004061924992129207
1.5680856704711914,1.580939769744873,0.849058479475498,0.8521507090943204,0.7454161611997882,0.7531974096772147,10.090682210226767,10.080741931232742,10.063945628399829,9.970798267051235,6.672615349644449,7.192263601817268,True,0.0931473613485938,0.00994027899402461,-0.01285409927368164,-0.003092229618822495,wiener,gunshot/0019,gunshot,5105,4.13,1,True,0.017749099992215633,0.004437274998053908
1.833998680114746,1.7958990335464478,0.9531902251143278,0.9540305302628918,0.9078087024839347,0.9097465439227654,14.698755310981376,14.678451983895762,14.747692786060082,14.71848547636367,12.832165305549083,13.494357798459268,True,0.029207309696412054,0.020303327085613887,0.03809964656829834,-0.0008403051485639246,wiener,gunshot/0020,gunshot,4992,3.94,1,True,0.014983300119638443,0.0037458250299096107
1.5559319257736206,1.5523087978363037,0.8686542278841534,0.8692749430753263,0.6987904204216119,0.6926858655921979,8.4376282527294,8.486678550739192,8.506302735413305,8.47544300717844,6.0868586814179615,6.697507474303119,True,0.030859728234865713,-0.049050298009792215,0.0036231279373168945,-0.0006207151911729047,wiener,gunshot/0021,gunshot,4446,-2.77,3,True,0.016662900103256106,0.004165725025814027
1.7079827785491943,1.7121474742889404,0.9318866658860692,0.9320473306696448,0.8352729733792851,0.8357971987601467,7.606682897622775,7.596093047539379,7.767963085594384,7.749026986080817,6.03917365553835,6.205574102324926,True,0.01893609951356723,0.01058985008339608,-0.004164695739746094,-0.00016066478357568137,wiener,gunshot/0022,gunshot,5639,-4.66,1,True,0.015622799983248115,0.0039056999958120286
3.770656108856201,3.8682658672332764,0.996148303640851,0.9961493786783836,0.9921525526802737,0.9922030584941203,22.44227798353489,22.449354445289373,22.439702506882277,22.448401960896373,31.49726531124259,32.695880307825725,True,-0.008699454014095664,-0.0070764617544831765,-0.0976097583770752,-1.075037532549672e-06,wiener,gunshot/0023,gunshot,7127,5.22,1,False,0.015673999907448888,0.003918499976862222
2.898353338241577,3.096214771270752,0.9883260929874269,0.9887856800522831,0.9695418146766082,0.9703508532284336,25.541532630503234,25.493024469016508,25.548231774664217,25.49261926612555,26.710182141217793,28.93068670330149,True,0.055612508538665395,0.04850816148672621,-0.1978614330291748,-0.0004595870648561595,wiener,gunshot/0024,gunshot,3570,12.62,3,False,0.014828599989414215,0.0037071499973535538
2.8320767879486084,2.964982748031616,0.9345038424312705,0.9360440696029446,0.882446256030485,0.885875362576922,14.93937991185096,14.940689545658701,14.958523592020956,14.949427416314666,12.481089303745174,12.8524571646692,True,0.009096175706289955,-0.001309633807741406,-0.1329059600830078,-0.0015402271716741245,wiener,gunshot/0025,gunshot,3729,5.7,1,True,0.016364800045266747,0.004091200011316687
4.006852626800537,4.057178020477295,0.994232077677846,0.9942465704605404,0.9914347531108224,0.9915412615807163,29.304578701118245,29.30817794650356,29.30195161936451,29.305183764418974,33.275247521372194,33.790191171898286,True,-0.0032321450544650077,-0.00359924538531331,-0.05032539367675781,-1.4492782694386364e-05,wiener,gunshot/0026,gunshot,5142,11.88,1,False,0.01571680000051856,0.00392920000012964
2.063467025756836,2.210749387741089,0.9887042390141652,0.9888699276059765,0.9652308648496364,0.9694502840540438,22.602607952830187,22.839259535131603,22.440536401022754,22.8366492029217,23.03971885270614,32.28137258269652,True,-0.39611280189894416,-0.23665158230141614,-0.14728236198425293,-0.00016568859181131934,wiener,gunshot/0027,gunshot,3570,3.34,1,False,0.016914599807932973,0.004228649951983243
1.9964942932128906,2.0998780727386475,0.8854961735840388,0.8881053100852631,0.7821585157204723,0.798077225265873,10.134730319261696,10.12985189398903,10.339866001935567,10.330191720884137,8.140006490190205,8.782391138333024,True,0.009674281051429645,0.004878425272664799,-0.10338377952575684,-0.002609136501224296,wiener,gunshot/0028,gunshot,7176,3.43,1,True,0.015774300089105964,0.003943575022276491
1.5611023902893066,1.6113640069961548,0.9364710264240209,0.9440989231632242,0.8372174371362853,0.8617190572670731,9.379822809860714,9.253002780708801,9.327971291941,9.163843870777594,6.297075260532053,6.680474870124393,True,0.16412742116340517,0.12682002915191326,-0.050261616706848145,-0.007627896739203277,wiener,gunshot/0029,gunshot,61,12.42,1,True,0.014766799984499812,0.003691699996124953
3.4904892444610596,3.784499168395996,0.9967364063292702,0.9993069829815102,0.988013315308408,0.9973775250079822,23.797436892515584,24.973043613416003,23.586447723999946,25.00366576308543,24.048058292125425,34.2801090108866,True,-1.4172180390854834,-1.1756067209004186,-0.2940099239349365,-0.002570576652240031,wiener,gunshot/0030,gunshot,4077,-1.14,2,False,0.016284200130030513,0.004071050032507628
2.7702579498291016,2.801285982131958,0.9963787645052143,0.9967419053509738,0.9846193559754585,0.9882101385151594,24.78336168108012,24.89685331897228,19.197161011816917,24.937263438799384,13.010556876902548,32.37705211948643,True,-5.740102426982467,-0.11349163789216021,-0.031028032302856445,-0.000363140845759502,wiener,gunshot/0031,gunshot,5105,5.14,1,False,0.015616999939084053,0.0039042499847710133
3.5462374687194824,3.70805025100708,0.9971292542837031,0.9972075116152871,0.989704982811152,0.9901157629088954,31.57038680262417,31.684657967499295,31.57227349096192,31.684873803383354,32.429323430786155,33.527254321714,True,-0.11260031242143498,-0.11427116487512379,-0.16181278228759766,-7.825733158395298e-05,wiener,gunshot/0032,gunshot,2300,5.47,1,False,0.018286800011992455,0.004571700002998114
3.276259183883667,3.3162176609039307,0.9844738034045849,0.9844728162257828,0.9840576974749329,0.9840611439832099,29.818043626003266,29.815673339509836,29.819332061142447,29.816888651381678,32.45540081279332,32.45788592104724,True,0.0024434097607688443,0.00237028649343074,-0.03995847702026367,9.871788021476036e-07,wiener,gunshot/0033,gunshot,1995,1.91,3,False,0.016463899984955788,0.004115974996238947
2.788593053817749,2.9979519844055176,0.9718417600156624,0.9720718278462086,0.9600471424003446,0.9627006425733492,23.69185827937151,23.868667955807364,23.699187853011807,23.867812350005938,28.293031710532702,31.359621355634456,True,-0.16862449699413062,-0.17680967643585532,-0.20935893058776855,-0.00023006783054624336,wiener,gunshot/0034,gunshot,6930,-2.63,4,False,0.01837039995007217,0.004592599987518042
3.7730872631073,3.813833236694336,0.9809854680345252,0.9809855905355719,0.9766124219395615,0.9766605760630884,27.40362194651819,27.408547444285603,27.404477286218068,27.409013909207978,32.494221564247454,33.087946597416405,True,-0.0045366229899101995,-0.004925497767413134,-0.04074597358703613,-1.2250104663991124e-07,wiener,gunshot/0035,gunshot,7021,9.1,2,False,0.01575989997945726,0.003939974994864315
2.1098361015319824,2.151745319366455,0.9489984873858429,0.9536359020016125,0.8537577651620484,0.8597532151377031,12.616187187614955,12.663889184934305,12.676160018057578,12.57529148808677,9.418110059173161,9.616123192212923,True,0.10086852997080875,-0.04770199731935065,-0.041909217834472656,-0.004637414615769608,wiener,gunshot/0036,gunshot,7176,0.77,1,True,0.014991100179031491,0.003747775044757873
1.7248029708862305,1.7918202877044678,0.9430092827464229,0.9546680656083038,0.9012549143319282,0.9223325549770376,13.964458496583187,13.886980617118347,13.992619163201274,13.877623938834684,12.600701981506537,12.95586824738309,True,0.11499522436658971,0.07747787946484053,-0.0670173168182373,-0.011658782861880823,wiener,gunshot/0037,gunshot,1221,-0.94,2,True,0.015062500024214387,0.0037656250060535967
1.509472370147705,1.6046476364135742,0.6141952156880175,0.6501305161483576,0.5555548937033706,0.6116905841175292,6.562015641353826,6.483545377076975,6.590811325188261,6.4301264358287735,4.15181671738023,3.5187827993736396,True,0.16068488935948722,0.07847026427685044,-0.09517526626586914,-0.0359353004603401,wiener,gunshot/0038,gunshot,1188,-3.9,2,True,0.016480199992656708,0.004120049998164177
2.570125102996826,2.6224205493927,0.9960543176945021,0.9960554949830396,0.9933264899462793,0.9933303592291285,15.269046558619888,15.268964200950151,15.266364793061353,15.266292030906047,33.06709695002991,33.22104063622742,True,7.276215530538366e-05,8.235766973641034e-05,-0.05229544639587402,-1.1772885374350395e-06,wiener,gunshot/0039,gunshot,1995,-1.6,1,False,0.01636460004374385,0.004091150010935962
1.522478699684143,1.4958078861236572,0.960277063389627,0.9611775446532674,0.8597048361874345,0.8592126209173034,11.43376169362439,11.384130464874804,11.459031382261891,11.394962114250305,10.333483598284902,10.408361098431135,True,0.06406926801158619,0.04963122874958614,0.02667081356048584,-0.0009004812636403958,wiener,artillery/0000,artillery,5142,-1.34,3,True,0.016608000034466386,0.0041520000086165965
2.7728235721588135,3.522458076477051,0.9488248853637807,0.9546245609070334,0.9348653140886949,0.9457731680978337,21.254968992259215,26.433743555467085,21.25787364173002,26.435414299350704,21.281059775135446,31.936787044800926,True,-5.1775406576206855,-5.17877456320787,-0.7496345043182373,-0.005799675543252669,wiener,artillery/0001,artillery,61,14.31,1,False,0.01684579998254776,0.00421144999563694
2.680464506149292,2.640202760696411,0.9856685120691575,0.9861622260325548,0.9563132106149237,0.9585078058750428,15.753959835847544,15.774632525101975,15.761585159369782,15.773335308387972,26.48713435175434,30.535479848986064,True,-0.011750149018190825,-0.020672689254430665,0.04026174545288086,-0.0004937139633972576,wiener,artillery/0002,artillery,8463,11.2,1,False,0.01827270002104342,0.004568175005260855
1.882564663887024,1.8417468070983887,0.9431903292572384,0.9438138792491091,0.9110590475071226,0.9115808364358192,16.144609942767843,16.04117407345299,16.12406908513662,15.975038129140565,13.11654183979942,13.000182334370848,True,0.1490309559960572,0.10343586931485405,0.040817856788635254,-0.0006235499918706422,wiener,artillery/0003,artillery,3570,10.35,1,True,0.01695519988425076,0.00423879997106269
1.9406325817108154,1.9858102798461914,0.9779614583209916,0.9780144844325018,0.9623852013090729,0.9624688140305595,13.865583946561124,13.866019047049969,13.859795341783798,13.859238553394267,27.314361468543648,27.900968262567577,True,0.0005567883895309933,-0.00043510048884520813,-0.04517769813537598,-5.3026111510257046e-05,wiener,artillery/0004,artillery,3570,6.43,2,False,0.01814389997161925,0.004535974992904812
1.554823398590088,1.5547269582748413,0.9455197921526123,0.9455205544985449,0.8503265263805042,0.8503357255433361,9.62926607900738,9.611813912458368,9.625704098573552,9.607414558494712,7.719329840151522,7.833085838336332,True,0.01828954007883965,0.017452166549011494,9.644031524658203e-05,-7.62345932603381e-07,wiener,artillery/0005,artillery,7127,8.98,2,True,0.03550529992207885,0.008876324980519712
2.626870632171631,2.744131565093994,0.9910428374349041,0.9910847931063335,0.9777535982975801,0.978004153800134,14.759522415484023,14.757554679570175,14.731697891831628,14.726509876976985,30.024125791572352,32.781950732732255,True,0.0051880148546423754,0.00196773591384769,-0.11726093292236328,-4.195567142939449e-05,wiener,artillery/0006,artillery,3575,2.99,1,False,0.016511099878698587,0.004127774969674647
2.371673107147217,2.348884105682373,0.977456200470444,0.9784549076103608,0.9227660408717465,0.9242136331674866,14.365983492393632,14.29722550530933,14.390232532266081,14.29424721695722,10.993993014340472,11.202739702627024,True,0.09598531530886056,0.06875798708430203,0.02278900146484375,-0.000998707139916788,wiener,artillery/0007,artillery,8463,0.05,1,True,0.017504299990832806,0.004376074997708201
1.3522660732269287,1.3254265785217285,0.9307854666956297,0.9351461212679377,0.8007797349692132,0.8033786365067889,7.2605913899050165,7.184281673433738,7.345826382068705,7.193796039177994,6.003677213761314,5.654519757238873,True,0.15203034289071127,0.07630971647127893,0.026839494705200195,-0.004360654572308054,wiener,artillery/0008,artillery,1995,14.31,1,True,0.015609299996867776,0.003902324999216944
1.7437140941619873,1.737135648727417,0.9415100475308787,0.9436018488933542,0.8607716890501366,0.8632820154851824,12.60292442211625,12.572762545610436,12.65419742453916,12.5927479771632,11.935235436249013,12.211486541578623,True,0.06144944737595992,0.030161876505813368,0.0065784454345703125,-0.002091801362475443,wiener,artillery/0009,artillery,8463,11.34,2,True,0.016634600004181266,0.0041586500010453165
1.3447288274765015,1.4030582904815674,0.8915980476644789,0.8918866626657266,0.8101634888456172,0.8097903929472584,5.681288288658869,5.676839251410658,5.724136971457606,5.712409317840281,7.162469024828023,8.274776079443532,True,0.011727653617324307,0.004449037248210885,-0.05832946300506592,-0.0002886150012476607,wiener,artillery/0010,artillery,3729,0.2,2,True,0.015678100055083632,0.003919525013770908
1.7582144737243652,1.938246488571167,0.9160010608131708,0.9199024714989409,0.8404135858908534,0.8483842729562489,6.692134577312954,6.727625381836914,6.778286747262298,6.739790978664571,11.587839714130997,22.683108488164834,True,0.038495768597726965,-0.035490804523959696,-0.18003201484680176,-0.0039014106857701014,wiener,artillery/0011,artillery,61,6.51,3,False,0.015930599998682737,0.003982649999670684
3.544545888900757,3.6788511276245117,0.9464773721329207,0.9476684815153461,0.9212488726085146,0.9239654302034105,17.52958154399964,17.544970910411116,17.539982096525556,17.54649439198439,26.594417954927046,30.57205535721678,True,-0.0065122954588332504,-0.015389366411476146,-0.13430523872375488,-0.0011911093824253927,wiener,artillery/0012,artillery,1320,10.67,1,False,0.018648900091648102,0.0046622250229120255
2.5321807861328125,2.671621799468994,0.971217345144285,0.9715478002507233,0.9400588819184826,0.9428033010822938,9.037534012701352,9.04347413086578,9.035045822638661,9.03330672193524,23.27733930735382,27.75745451545966,True,0.0017391007034213146,-0.0059401181644282985,-0.13944101333618164,-0.0003304551064382544,wiener,artillery/0013,artillery,7176,9.2,2,False,0.015210299985483289,0.003802574996370822
3.8721494674682617,4.212928295135498,0.9863878108957181,0.9999999999981743,0.9513527276710817,0.9999999998646354,22.612862330118695,31.996702265758493,22.627072911464772,31.996988356274024,17.232368952508867,34.68149434307514,True,-9.369915444809251,-9.383839935639799,-0.34077882766723633,-0.013612189102456207,wiener,artillery/0014,artillery,1221,7.03,1,False,0.015564100118353963,0.0038910250295884907
1.066274642944336,1.071121096611023,0.6933860038617641,0.7096617583080232,0.49743818481028246,0.5115238422143792,-6.172202166826875,-6.042669880586184,-6.300032907928163,-6.458306175109466,-4.797636866990428,-4.860234720111669,True,0.1582732671813032,-0.1295322862406918,-0.004846453666687012,-0.016275754446259172,wiener,artillery/0015,artillery,3570,-1.42,3,True,0.017644499894231558,0.0044111249735578895
1.3353033065795898,1.3433012962341309,0.7731177024667267,0.777119526231093,0.6125951005679428,0.6189616798757059,4.107250796262093,4.1283752712774255,4.194697198239014,4.18061755566384,2.601558836721954,2.876270360232661,True,0.014079642575174134,-0.021124475015332322,-0.007997989654541016,-0.004001823764366308,wiener,artillery/0016,artillery,672,-1.54,1,True,0.017614200012758374,0.0044035500031895936
1.4033474922180176,1.3871972560882568,0.9329389024394353,0.9335875921186497,0.8635930017118371,0.8658044453721391,7.333709069659635,7.3343586589140415,7.120849627833227,7.112216510431434,14.270880946772266,14.352034965321506,True,0.008633117401792845,-0.0006495892544062798,0.016150236129760742,-0.000648689679214387,wiener,artillery/0017,artillery,1995,12.89,2,True,0.01499240007251501,0.0037481000181287527
1.0955613851547241,1.1226747035980225,0.7891434724383427,0.7983485978229912,0.64056457603594,0.6536598828977005,2.524452836196773,2.5835746612264416,2.6754821161227826,2.629552972343342,4.766895717796489,4.863092530267289,True,0.04592914377944046,-0.059121825029668784,-0.02711331844329834,-0.00920512538464846,wiener,artillery/0018,artillery,6930,8.83,3,True,0.016064099967479706,0.0040160249918699265
3.8598580360412598,3.8816487789154053,0.9958872097940827,0.9958876624175725,0.9920296637277806,0.9920318018746729,25.02049983797783,25.020966021134456,25.017627798941998,25.01814204829827,32.795270690913135,32.924818385387276,True,-0.0005142493562715345,-0.0004661831566252772,-0.021790742874145508,-4.526234897994641e-07,wiener,artillery/0019,artillery,4970,7.64,1,False,0.015184100018814206,0.0037960250047035515
1.0744764804840088,1.0726245641708374,0.7523703767265361,0.7558202779173321,0.6729563317912369,0.6763762533753305,-5.08312435931651,-5.0041682594618395,-5.09188847358382,-5.112909523310848,5.410502112263452,5.0897386387088375,True,0.021021049727028007,-0.07895609985467011,0.0018519163131713867,-0.003449901190796023,wiener,artillery/0020,artillery,5105,7.21,3,True,0.015201799804344773,0.0038004499510861933
3.6033754348754883,3.762181282043457,0.9850205291687617,0.9851262369589641,0.9687936991406259,0.9692513761121107,23.401309403467803,23.426960906759568,23.40627676782529,23.4285058035333,27.69495583593841,31.912886404331427,True,-0.022229035708011935,-0.025651503291765465,-0.15880584716796875,-0.00010570779020235843,wiener,artillery/0021,artillery,8230,3.57,2,False,0.014884400181472301,0.0037211000453680754
2.36478853225708,2.708359479904175,0.89645499978491,0.8997028505688128,0.8266567031077683,0.8381417807513002,8.658093720001695,8.655026145574437,8.613569520905727,8.555498300950177,19.332292321284832,25.441792004416662,True,0.058071219955550646,0.003067574427257469,-0.3435709476470947,-0.0032478507839028836,wiener,artillery/0022,artillery,908,2.31,4,False,0.016766600077971816,0.004191650019492954
2.323101043701172,2.2987170219421387,0.9881468312100338,0.988238627919491,0.9483316896615881,0.9493623714807948,18.247210236728364,18.25886124040508,18.230752323613302,18.23677880252735,24.257204740861013,30.790678522787253,True,-0.006026478914048283,-0.011651003676714566,0.024384021759033203,-9.179670945724805e-05,wiener,artillery/0023,artillery,1284,-0.07,1,False,0.01643839990720153,0.004109599976800382
1.5466821193695068,1.5654195547103882,0.8672457679114551,0.8774031218732643,0.7493351756394713,0.7731925444709309,6.347777176780288,6.3497631290322545,6.389204854364902,6.364890868158274,10.289377367746342,10.673723507395186,True,0.024313986206627725,-0.0019859522519665163,-0.018737435340881348,-0.010157353961809168,wiener,artillery/0024,artillery,4077,0.21,2,True,0.01666909991763532,0.00416727497940883
3.0899498462677,3.1438937187194824,0.9759210985403217,0.976085742941298,0.9754643988983976,0.9760433466199568,20.795375514564867,20.799138086695343,20.795138574627366,20.797772577793058,32.42733682116255,33.452147788095374,True,-0.002634003165692178,-0.0037625721304763715,-0.05394387245178223,-0.0001646444009762993,wiener,artillery/0025,artillery,5639,-3.31,1,False,0.018340899841859937,0.004585224960464984
1.143164873123169,1.1974414587020874,0.8203947163452382,0.8290441138858492,0.7290959982565653,0.7378709975240131,-1.6549486548864991,-1.544462728591949,-1.4045908509468277,-1.5173403156576186,4.833257108195014,4.805011751282054,True,0.11274946471079095,-0.11048592629455012,-0.05427658557891846,-0.008649397540611004,wiener,artillery/0026,artillery,8230,-2.5,3,True,0.017117700073868036,0.004279425018467009
1.5032061338424683,1.4701931476593018,0.9221308420946909,0.9231508046330641,0.8915689784019212,0.8961302064315753,0.608230408119477,0.618397925147431,0.5720711095577564,0.5720076050013343,21.07775570056991,24.455842225820216,True,6.35045564221226e-05,-0.010167517027953932,0.033012986183166504,-0.0010199625383732203,wiener,artillery/0027,artillery,1284,6.61,1,True,0.014981299871578813,0.003745324967894703
3.628370761871338,3.8151824474334717,0.970209965732441,0.9703871467024997,0.9613082883040899,0.9621077524215361,29.592749870478592,29.735825840346255,29.5953429931999,29.736229670022656,29.870993676962275,32.81937571547339,True,-0.14088667682275613,-0.14307596986766313,-0.1868116855621338,-0.00017718097005869904,wiener,artillery/0028,artillery,237,13.02,1,False,0.018480600090697408,0.004620150022674352
1.5901894569396973,1.4538698196411133,0.9085389891718563,0.9104263722254483,0.8337061653095558,0.8267608381476866,10.28476842348984,10.005324771271027,10.609905960801685,10.190809557160616,8.591897680495059,7.961262746199835,True,0.4190964036410687,0.27944365221881284,0.13631963729858398,-0.00188738305359204,wiener,artillery/0029,artillery,1320,4.62,1,True,0.01496580010280013,0.0037414500257000327
3.440859317779541,3.5065927505493164,0.9838530508397786,0.9839461804558133,0.9741703374265858,0.9746630552128188,22.49344083124164,22.51745890404312,22.497058068415257,22.519524595227082,29.837915677945034,33.68763640511914,True,-0.022466526811825815,-0.02401807280148205,-0.06573343276977539,-9.312961603469283e-05,wiener,artillery/0030,artillery,3575,4.21,1,False,0.01726319990120828,0.00431579997530207
4.258281707763672,4.347370624542236,0.999964422455159,0.9999995948937619,0.9997517828333481,0.9999895754307384,29.631140290573214,29.72951312027253,29.63281879418829,29.72868475808109,32.53334416337197,34.71393965987072,True,-0.09586596389280189,-0.09837282969931493,-0.08908891677856445,-3.5172438602848466e-05,wiener,artillery/0031,artillery,4992,11.56,1,False,0.015843500150367618,0.003960875037591904
1.2272193431854248,1.2540524005889893,0.8258315314498267,0.8316634363152334,0.672297302575264,0.6856421859599098,1.3069722908528747,1.3217618946806056,1.3755085727447933,1.3586973363377126,4.6558992816949685,4.58304904737581,True,0.01681123640708071,-0.014789603827730868,-0.026833057403564453,-0.005831904865406745,wiener,artillery/0032,artillery,2961,1.02,1,True,0.016816100105643272,0.004204025026410818
2.191176652908325,2.2580339908599854,0.9614577129377284,0.9640482129869336,0.9039171127649827,0.9098693962003027,10.006502776337632,10.465529178037723,10.204626134468313,10.465948494348993,11.628406275591045,16.01575242595497,True,-0.26132235988067976,-0.45902640170009157,-0.06685733795166016,-0.0025905000492051355,wiener,artillery/0033,artillery,61,9.85,3,True,0.01644290005788207,0.004110725014470518
2.7865898609161377,3.065403461456299,0.9763114542414012,0.9774547226349695,0.9451355116713192,0.9485848702634252,11.265173955483272,11.520524035566932,11.34151800668521,11.488815947856885,20.636507912495855,30.6008465318667,True,-0.14729794117167572,-0.25535008008366056,-0.27881360054016113,-0.0011432683935682642,wiener,artillery/0034,artillery,61,3.04,1,False,0.017804000061005354,0.0044510000152513385
2.952033042907715,2.990842342376709,0.9934351395996387,0.9946003961134525,0.9630302309080622,0.9660612999813726,19.897580768616294,19.94322167633368,19.900794183520134,19.920075432502,26.16509538945293,30.832052939989342,True,-0.019281248981865673,-0.045640907717384493,-0.03880929946899414,-0.0011652565138138282,wiener,artillery/0035,artillery,3570,7.39,1,False,0.015721800038591027,0.003930450009647757
1.3369766473770142,1.35262131690979,0.9232417770794019,0.9267724010668558,0.8355444677870011,0.8483399124834937,9.594367268948385,9.58671249515711,9.601360361425822,9.58662721568299,9.600727916959501,10.022272092784858,True,0.014733145742832576,0.007654773791275105,-0.01564466953277588,-0.0035306239874538514,wiener,artillery/0036,artillery,1580,1.66,3,True,0.016121699940413237,0.004030424985103309
1.1086111068725586,1.1067508459091187,0.8209033648172069,0.8218804251677727,0.65826446017268,0.6601811345502315,-2.1371111645520973,-2.1168160857976597,-2.352533450418014,-2.356057021009366,4.481422357259976,4.747849062006388,True,0.0035235705913518878,-0.02029507875443759,0.0018602609634399414,-0.0009770603505657727,wiener,artillery/0037,artillery,8463,2.13,4,True,0.0171318999491632,0.0042829749872908
1.3858556747436523,1.3991546630859375,0.900061408412986,0.9057358311461743,0.7035457705202501,0.7147420224976055,2.2458553721546783,2.261197736178283,2.385032061355653,2.3552072340683714,5.234327630784982,5.547406127003421,True,0.02982482728728142,-0.01534236402360456,-0.013298988342285156,-0.0056744227331883,wiener,artillery/0038,artillery,4077,4.09,2,True,0.016858200076967478,0.0042145500192418694
2.707204818725586,2.9392755031585693,0.9129186552661183,0.9530110110469103,0.8264214868654053,0.9110434592825523,17.123805314225066,17.285843934018125,17.136663592426114,17.27234456488409,21.38902776630198,31.366148502076303,True,-0.13568097245797617,-0.16203861979305856,-0.2320706844329834,-0.040092355780792066,wiener,artillery/0039,artillery,672,12.71,1,False,0.016659900080412626,0.004164975020103157
1.1672015190124512,1.0949034690856934,0.8775953829202165,0.8643381986058809,0.7042524252476712,0.6598212891983697,7.160617207147721,4.847275127128363,7.344442182151397,4.867922434984063,3.6450095760909758,1.5440976824592183,True,2.476519747167334,2.3133420800193587,0.07229804992675781,0.013257184314335646,wiener,rotor/0000,rotor,4446,5.34,0,False,0.015790099976584315,0.003947524994146079
1.1386324167251587,1.113064169883728,0.8513923366983619,0.8460764116012166,0.6848731841319522,0.6562525346527991,4.9379591215751715,4.513514372717359,5.100469266168217,4.58493521022197,4.055442356896408,2.7578531488039175,True,0.5155340559462465,0.42444474885781247,0.025568246841430664,0.005315925097145291,wiener,rotor/0001,rotor,237,7.83,0,True,0.015027799876406789,0.003756949969101697
1.2177742719650269,1.2212241888046265,0.7395362761855667,0.7397967584191633,0.6174026506582917,0.6177930687518118,-7.774821809975529,-7.774369683437944,-7.180977804002087,-7.181034294774422,3.453845018038665,3.680122806367749,True,5.649077233549349e-05,-0.0004521265375849737,-0.0034499168395996094,-0.0002604822335965373,wiener,rotor/0002,rotor,7729,-4.23,0,True,0.015104799997061491,0.0037761999992653728
1.9827566146850586,2.0808966159820557,0.9261508764943042,0.9263301227356507,0.8857340828336704,0.8871039540537934,-1.5639258669741383,-1.5599488247952595,-1.492983931737517,-1.493827301340914,20.331395004303953,24.10168503912609,True,0.0008433696033969262,-0.003977042178878731,-0.09814000129699707,-0.00017924624134657563,wiener,rotor/0003,rotor,8455,-1.29,0,False,0.016575500136241317,0.004143875034060329
1.1971981525421143,1.129776954650879,0.9012698182636326,0.8936905149170817,0.7219196392229539,0.6787851641087577,6.4784169612089695,5.065408494226156,6.782527623588072,5.121085710970275,3.369725695291115,1.9034655721015599,True,1.6614419126177964,1.4130084669828138,0.06742119789123535,0.007579303346550881,wiener,rotor/0004,rotor,6829,5.46,0,False,0.01579390000551939,0.0039484750013798475
1.0390737056732178,1.0340322256088257,0.743172237946738,0.7361588147997011,0.4537040760036038,0.4327615757683198,-10.366994703410219,-10.528017516096416,-9.740808572198723,-10.430414455498976,-6.334417086944602,-7.513708356811896,True,0.6896058833002527,0.16102281268619656,0.00504148006439209,0.007013423147036901,wiener,rotor/0005,rotor,4992,3.44,0,True,0.014711699914187193,0.0036779249785467982
1.0193804502487183,1.018254041671753,0.7301282835636528,0.7203976936261365,0.5258093954350365,0.48676991680635995,-5.75173834184607,-7.080401322003688,-5.0506469720342935,-7.123182021512406,-5.665930342919758,-7.06137300442337,True,2.0725350494781125,1.3286629801576177,0.001126408576965332,0.009730589937516299,wiener,rotor/0006,rotor,4992,2.74,0,True,0.015530599979683757,0.003882649994920939
1.0431827306747437,1.030236005783081,0.7313496568705234,0.719052881079604,0.516260401724312,0.48670501123123955,2.0537049300363264,0.15968808663348547,2.6210683272232944,0.23851937399899736,-1.1020930104708413,-2.8283791527707054,True,2.382548953224297,1.8940168434028408,0.012946724891662598,0.012296775790919479,wiener,rotor/0007,rotor,2094,0.24,0,False,0.016669399803504348,0.004167349950876087
1.0628890991210938,1.0616166591644287,0.7657534696100561,0.7642099323800566,0.5107906356755604,0.4870332189582268,3.7664404434948247,3.564650943062842,3.870729769855699,3.57640961042889,3.9840869737972504,3.0194843889428977,True,0.294320159426809,0.20178950043198274,0.001272439956665039,0.0015435372299994476,wiener,rotor/0008,rotor,6930,3.64,0,False,0.014458700083196163,0.003614675020799041
1.0332934856414795,1.0274473428726196,0.756576640101368,0.7273380208919111,0.5667717147017954,0.5390138353814338,-1.4192056912778905,-1.803773121241056,-0.5532932418782659,-1.676144337853665,-0.9955362411922327,-1.9875127608995335,True,1.122851095975399,0.3845674299631654,0.005846142768859863,0.029238619209456918,wiener,rotor/0009,rotor,2300,-1.59,0,False,0.015580999897792935,0.003895249974448234
1.0539666414260864,1.0569887161254883,0.7533572835125066,0.7650141538645743,0.5603653498360579,0.5691068616884621,-10.543358547368634,-10.510252626347896,-9.69908033453491,-9.701824843816196,-0.12340215747934052,0.006490169940559099,True,0.0027445092812854455,-0.03310592102073784,-0.0030220746994018555,-0.011656870352067639,wiener,rotor/0010,rotor,4077,-1.18,0,True,0.016259399941191077,0.004064849985297769
1.5115821361541748,1.3474161624908447,0.8971197717879199,0.8834293378666497,0.7762621888742537,0.7440898165904049,7.666999989724006,5.13962163823133,7.769921670407695,5.058915201605171,5.373659332416242,3.090364278385098,True,2.711006468802524,2.5273783514926764,0.16416597366333008,0.013690433921270229,wiener,rotor/0011,rotor,7127,9.02,0,True,0.0157689000479877,0.003942225011996925
1.7339215278625488,1.6055223941802979,0.9230185205189775,0.9070750765604321,0.7083781736671761,0.6815952190317408,11.912622828828521,10.585268559774342,11.998036032402524,10.594319969758832,4.221950339736467,2.9367863056317196,True,1.4037160626436922,1.3273542690541795,0.12839913368225098,0.01594344395854541,wiener,rotor/0012,rotor,2961,10.63,0,False,0.01565940002910793,0.003914850007276982
1.0644090175628662,1.0459495782852173,0.7501933255209517,0.7448403917752912,0.5047215930468505,0.47254302618510324,1.6052651829660982,0.2661575270358932,2.320270982081828,0.41342694239260763,-0.4795052096275473,-2.2273771724959777,True,1.9068440396892206,1.339107655930205,0.018459439277648926,0.005352933745660593,wiener,rotor/0013,rotor,2300,9.94,0,True,0.01574769988656044,0.00393692497164011
1.201920747756958,1.183483600616455,0.8813752897879459,0.8817133012959656,0.6706191037547057,0.6647821113333539,6.507753259583132,6.070581750802063,6.732679470323964,6.064782516304005,4.838077849167817,4.532874527244162,True,0.6678969540199589,0.43717150878106903,0.01843714714050293,-0.0003380115080197088,wiener,rotor/0014,rotor,7729,11.31,0,True,0.015041399979963899,0.0037603499949909747
1.5345330238342285,1.3997846841812134,0.8470234373288723,0.8321938704482099,0.6603191069685882,0.626013995592972,5.447724634215355,3.4469617723534074,5.56193688119432,3.3993442717817137,0.6387449747594257,-1.1281000369672565,True,2.1625926094126067,2.0007628618619475,0.13474833965301514,0.014829566880662393,wiener,rotor/0015,rotor,3729,8.32,0,True,0.015218199929222465,0.003804549982305616
1.2101757526397705,1.142737865447998,0.8036890823481865,0.7896409002951456,0.5573800001911335,0.546897238443255,4.041031260560328,2.118087149600221,4.162360616990871,2.0929749109311673,-0.6095968246927402,-1.982358802292735,True,2.069385706059704,1.922944110960107,0.06743788719177246,0.014048182053040925,wiener,rotor/0016,rotor,908,8.63,0,True,0.015823900001123548,0.003955975000280887
1.094791293144226,1.067007064819336,0.611919297571437,0.5916014996556545,0.38006559140322743,0.36458614170242676,-3.6539743022526854,-6.4791166617042,-3.2271106728704737,-6.572613434075821,-5.50132133756951,-7.454064255836807,True,3.3455027612053474,2.825142359451515,0.027784228324890137,0.020317797915782587,wiener,rotor/0017,rotor,3729,2.63,0,True,0.014788699802011251,0.003697174950502813
1.0681889057159424,1.0585259199142456,0.5920539966519317,0.6019916398462659,0.324582104122091,0.30148338563532195,-3.321798104227997,-6.068854213639455,-2.8134308457777197,-6.1300292977304505,-5.647901798965475,-7.44027742372873,True,3.3165984519527307,2.7470561094114583,0.009662985801696777,-0.009937643194334211,wiener,rotor/0018,rotor,5639,6.94,0,True,0.015497999964281917,0.003874499991070479
1.3008501529693604,1.3008520603179932,0.8645898667767872,0.8645898668407191,0.7550126145142634,0.7550126186065482,-2.5018097723178725,-2.5018097616391755,-2.6882901084446424,-2.6882901091125038,16.500107544130984,16.500107539181602,True,6.678613218014107e-10,-1.0678697037747042e-08,-1.9073486328125e-06,-6.393197082843471e-11,wiener,rotor/0019,rotor,2300,-2.31,0,False,0.015174200059846044,0.003793550014961511
1.046534776687622,1.043225646018982,0.7247506969482802,0.7285277971020403,0.42825124370061574,0.42287575474516625,-8.595490536591829,-8.610570411917225,-8.156519796830452,-8.739368516040638,-7.240294269424566,-7.745475937403302,True,0.5828487192101868,0.01507987532539623,0.0033091306686401367,-0.0037771001537600934,wiener,rotor/0020,rotor,121,-1.13,0,True,0.01749320002272725,0.004373300005681813
1.0703336000442505,1.0505588054656982,0.7118049869428551,0.6991873056134124,0.49689711045314544,0.47966433335293807,-6.700611243198978,-8.987647702624786,-5.894161791315345,-8.646693960846873,-6.686525417256334,-7.993226097583613,True,2.752532169531528,2.287036459425808,0.019774794578552246,0.012617681329442743,wiener,rotor/0021,rotor,908,4.25,0,True,0.017355100018903613,0.004338775004725903
1.5082578659057617,1.5535838603973389,0.9085807819466504,0.9115636640538656,0.7897629243138801,0.7972784371039012,3.3478875531523493,3.343736233500532,3.3732309696065554,3.3563065803997363,14.48771465517933,18.22767803978323,True,0.016924389206819157,0.0041513196518172535,-0.04532599449157715,-0.002982882107215201,wiener,rotor/0022,rotor,7176,3.89,0,False,0.017429100116714835,0.004357275029178709
2.3589258193969727,2.128204345703125,0.8744390489452216,0.8570118923642944,0.7560051669006724,0.719135082516523,14.252299685215558,12.948186889326621,14.342021252719219,12.975524792641377,8.25139923421132,6.768189269650383,True,1.3664964600778422,1.304112795888937,0.23072147369384766,0.017427156580927194,wiener,rotor/0023,rotor,7127,12.98,0,False,0.015227899886667728,0.003806974971666932
1.5745136737823486,1.4120486974716187,0.9242574365795584,0.918519579174187,0.8335425888772777,0.8229144823385248,12.219515618384431,10.858672888817738,12.33920214066316,10.8667871298198,8.763678126776512,7.319888115458585,True,1.4724150108433598,1.3608427295666932,0.16246497631072998,0.0057378574053713605,wiener,rotor/0024,rotor,3575,10.89,0,False,0.015185999916866422,0.0037964999792166054
1.4335174560546875,1.313738465309143,0.9005690191122026,0.8886816958451328,0.6394466201613728,0.6060887146186568,12.264325362852455,10.0514088545997,12.355127330529134,10.060862761569538,5.3682252545246945,3.4836525801230263,True,2.294264568959596,2.2129165082527553,0.11977899074554443,0.01188732326706976,wiener,rotor/0025,rotor,2961,10.41,0,False,0.01593900006264448,0.00398475001566112
1.0281472206115723,1.0266023874282837,0.6023318859975649,0.5901085442426108,0.35801760413329137,0.34493692657154534,-17.816862961682524,-18.449834081590645,-16.97180077539883,-18.440715599753666,-9.59485728221224,-9.827832276413305,True,1.4689148243548367,0.6329711199081203,0.0015448331832885742,0.012223341754954098,wiener,rotor/0026,rotor,8455,2.38,0,True,0.01699059992097318,0.004247649980243295
1.0637645721435547,1.0419306755065918,0.6454879868960759,0.6401752590308376,0.43276084826315064,0.4121032383931518,-3.44216270407119,-4.479079335997495,-2.1775274817193604,-3.8142243823068784,-3.851647235695688,-5.259946170107037,True,1.636696900587518,1.0369166319263052,0.02183389663696289,0.005312727865238287,wiener,rotor/0027,rotor,1221,4.84,0,True,0.014743899926543236,0.003685974981635809
1.0790146589279175,1.0604698657989502,0.6544938906325004,0.6412267301302487,0.36909485883449417,0.3449165567570018,-4.903468912012682,-6.617500035563779,-4.065537533530722,-6.506750438574024,-6.037073300658899,-7.331043572523291,True,2.441212905043302,1.7140311235510968,0.018544793128967285,0.01326716050225174,wiener,rotor/0028,rotor,2830,4.79,0,True,0.0152322999201715,0.003808074980042875
1.4582884311676025,1.377245545387268,0.7766532300765476,0.780637654694878,0.6134541844108706,0.6051172435407278,5.257818065975365,5.014296576510834,5.5333938832699054,5.018239700319088,3.786880175862691,2.8478507950365795,True,0.515154182950817,0.24352148946453145,0.08104288578033447,-0.003984424618330373,wiener,rotor/0029,rotor,61,5.02,0,False,0.01603229995816946,0.004008074989542365
1.0149108171463013,1.0145018100738525,0.4816994207272377,0.4681069176314138,0.311401759289019,0.2780354506456014,-9.958966360485524,-12.232659452721297,-7.407007873476394,-10.804424182778511,-7.423665118162638,-9.133607314457217,True,3.397416309302117,2.2736930922357725,0.00040900707244873047,0.013592503095823882,wiener,rotor/0030,rotor,2830,-2.75,0,True,0.017485199961811304,0.004371299990452826
1.823354721069336,1.8288044929504395,0.9518409837202296,0.9518947327183986,0.9197515743367001,0.9198992705509298,-4.653590228820724,-4.651553662579536,-4.65450074913459,-4.654624477740713,23.540288340447376,25.378605411947394,True,0.00012372860612241965,-0.002036566241187643,-0.005449771881103516,-5.374899816901202e-05,wiener,rotor/0031,rotor,237,-3.97,0,False,0.015466300072148442,0.0038665750180371106
1.1147830486297607,1.0990262031555176,0.8940981790944131,0.8914101951078033,0.7570168973403244,0.7442232135380658,6.5242610981200695,6.101361514379672,6.646680952420824,6.117906482104222,7.577495627219538,5.965884066056363,True,0.528774470316602,0.4228995837403975,0.015756845474243164,0.0026879839866098543,wiener,rotor/0032,rotor,4992,6.7,0,False,0.015535800019279122,0.0038839500048197806
2.003041982650757,1.8000190258026123,0.947866681309859,0.9425652559895025,0.8889852484608658,0.8756225740691046,14.71092044814732,13.68573654188065,14.800202733802033,13.678107492198466,10.752541515383424,9.552692611961426,True,1.1220952416035672,1.0251839062666708,0.20302295684814453,0.00530142532035649,wiener,rotor/0033,rotor,3575,13.7,0,False,0.015237399842590094,0.0038093499606475234
1.7394355535507202,1.5326902866363525,0.9191753601303039,0.9111512177585248,0.7892982801354005,0.7636541089053595,12.278773886544943,10.945575418907511,12.329995406884427,10.903713631189548,6.945262777394879,5.557671011469405,True,1.4262817756948785,1.3331984676374322,0.20674526691436768,0.008024142371779064,wiener,rotor/0034,rotor,4507,11.53,0,False,0.014488500077277422,0.0036221250193193555
1.658562421798706,1.5560624599456787,0.9154881982289466,0.9106974089948022,0.7538734801753967,0.7204381931499951,8.190411944842083,5.837981065681639,8.302854081321918,5.875348345404849,2.4114927162297537,0.45872887032789916,True,2.4275057359170686,2.352430879160444,0.10249996185302734,0.0047907892341443326,wiener,rotor/0035,rotor,8463,8.3,0,True,0.01652679988183081,0.004131699970457703
1.0787211656570435,1.0566751956939697,0.7304300845466227,0.7124866324221408,0.5515155211423091,0.5112449216207097,-3.6257528814454205,-4.194018468526324,-3.2600954074471127,-4.210464980972906,-3.8787287855959853,-4.627584704786041,True,0.9503695735257929,0.5682655870809037,0.02204596996307373,0.017943452124481896,wiener,rotor/0036,rotor,237,-3.48,0,False,0.01569160004146397,0.003922900010365993
1.1771210432052612,1.16263747215271,0.548098904891885,0.5394419448537838,0.2577957114925444,0.2490981913360763,-5.620417587432357,-6.525314559609608,-4.8784470650209935,-6.393453926140839,-6.157627119607189,-7.24632217651795,True,1.5150068611198453,0.9048969721772515,0.01448357105255127,0.008656960038101125,wiener,rotor/0037,rotor,1188,5.82,0,True,0.015275900019332767,0.0038189750048331916
1.1689012050628662,1.1276427507400513,0.8288554465276454,0.8159885270298407,0.6666458962428004,0.6461617930390716,1.8980534215050295,0.4747864846685476,2.0803254181744837,0.43017109162387296,-0.9803556571794334,-2.478876787270066,True,1.6501543265506107,1.4232669368364819,0.04125845432281494,0.012866919497804719,wiener,rotor/0038,rotor,1284,2.3,0,True,0.014894000021740794,0.0037235000054351985
1.4041880369186401,1.3179563283920288,0.8165581333628174,0.8172314737755257,0.6355086441631812,0.6184529784671893,8.71194932698986,7.490000615252729,8.990441125491584,7.516585655001369,3.8789527934419983,2.571379398585055,True,1.4738554704902151,1.2219487117371308,0.08623170852661133,-0.0006733404127083897,wiener,rotor/0039,rotor,61,7.52,0,False,0.014920599991455674,0.0037301499978639185
1.5641367435455322,1.3730735778808594,0.9611584468175932,0.9606057150718232,0.8023229836894118,0.7854734755685202,14.0662371838856,13.230548834309184,14.103748897473807,13.225648878914676,12.568230515677389,10.704125249919294,True,0.878100018559131,0.8356883495764151,0.19106316566467285,0.0005527317457699743,wiener,engine/0000,engine,121,14.19,0,False,0.016880600014701486,0.004220150003675371
1.111809492111206,1.095259189605713,0.7228767823866605,0.737796394000406,0.4803574147342031,0.4822132456055894,2.2135803453417604,1.9399353640755224,2.4536808898308013,1.8316227960346068,1.0727505487587075,0.29555623701937866,True,0.6220580937961946,0.27364498126623804,0.016550302505493164,-0.014919611613745443,wiener,engine/0001,engine,121,10.16,0,True,0.01503519993275404,0.00375879998318851
1.3827004432678223,1.311739206314087,0.9828926728590771,0.9799709761352026,0.9424013812908633,0.9320003883519142,10.42202698909064,8.009533144336364,10.47748980161118,8.031502256769512,6.817089458393274,4.8967926065872955,True,2.4459875448416675,2.412493844754275,0.07096123695373535,0.002921696723874545,wiener,engine/0002,engine,237,9.4,0,False,0.017624699976295233,0.004406174994073808
1.6312174797058105,1.4404712915420532,0.9296605003022654,0.9252722802306206,0.8453793815664933,0.8323229237089375,11.184068322556215,8.833625081101966,11.26964569744432,8.823970491937757,6.388347653021993,4.670941063485915,True,2.4456752055065625,2.350443241454249,0.19074618816375732,0.004388220071644855,wiener,engine/0003,engine,1089,9.26,0,False,0.015535000013187528,0.003883750003296882
1.676095962524414,1.520149827003479,0.962871827698056,0.9597462842809391,0.8814460803882599,0.8722510121210119,11.502839962513534,9.695088761199258,11.573714292033156,9.627932329730365,8.148948541744542,6.5974244978341625,True,1.9457819623027905,1.8077512013142751,0.15594613552093506,0.003125543417116905,wiener,engine/0004,engine,7176,10.06,0,False,0.015362299978733063,0.0038405749946832657
1.049879789352417,1.0488035678863525,0.5518476253019579,0.5677346736982781,0.2979382098060329,0.3035990362967472,-9.414180963272495,-9.184906573930405,-8.967763832470956,-9.053169707180796,-4.877444220619628,-5.251723265833923,True,0.08540587470984029,-0.22927438934208944,0.0010762214660644531,-0.01588704839632027,wiener,engine/0005,engine,2830,-0.06,0,True,0.014113300014287233,0.0035283250035718083
1.1605857610702515,1.1245598793029785,0.8386918513974245,0.835715892906551,0.6467807576865,0.635052588345219,1.8806239325445402,1.3534911761171997,2.0881850244892117,1.3636377824119155,2.4992167163469814,0.8853911455130018,True,0.7245472420772963,0.5271327564273405,0.03602588176727295,0.0029759584908735093,wiener,engine/0006,engine,4970,2.12,0,False,0.017492699902504683,0.004373174975626171
1.0206676721572876,1.0229339599609375,0.4890364105012186,0.4962352706289785,0.2623706603100921,0.2544478298130861,-13.21644255716433,-12.98128592962772,-13.06406714722474,-13.131426266054449,-5.824901204114327,-6.698818707964025,True,0.06735911882970846,-0.23515662753660926,-0.0022662878036499023,-0.007198860127759887,wiener,engine/0007,engine,1580,-4.63,0,True,0.014695700025185943,0.0036739250062964857
1.6497282981872559,1.4003159999847412,0.9198285339690687,0.9061763923216762,0.8076751010919896,0.7720391727923235,6.599728342268122,3.045832920689955,6.697145752385271,3.0380936665996594,2.7764361052072646,-1.3665845263710912,True,3.659052085785612,3.5538954215781673,0.24941229820251465,0.01365214164739248,wiener,engine/0008,engine,3729,3.32,0,False,0.015324800042435527,0.0038312000106088817
1.064406394958496,1.0513532161712646,0.6509466187055792,0.6570499480615041,0.4395016661475606,0.4148396930757086,3.2674820486871923,2.5781192320118738,3.5181238082788955,2.5616058252294054,2.5144869740351328,0.7089687563629427,True,0.9565179830494901,0.6893628166753185,0.013053178787231445,-0.006103329355924836,wiener,engine/0009,engine,6930,2.59,0,False,0.015514800092205405,0.0038787000230513513
1.9338151216506958,1.6262786388397217,0.9683738625291693,0.9679626154415155,0.8700749550596446,0.856892754417558,14.314351498844998,13.566472717320684,14.367022221697738,13.54904658017096,12.343421920392663,11.069049975711051,True,0.8179756415267772,0.7478787815243138,0.3075364828109741,0.0004112470876538321,wiener,engine/0010,engine,121,13.82,0,False,0.014835999812930822,0.0037089999532327056
1.053096890449524,1.0413355827331543,0.5741872868143576,0.5815366748408687,0.36980126639463007,0.34791983126645315,-1.8635285626499862,-2.0564985979067356,-1.0697016530777568,-2.000338340669253,-0.8016896447825075,-2.351293104361177,True,0.9306366875914962,0.19297003525674938,0.011761307716369629,-0.007349388026511083,wiener,engine/0011,engine,2300,2.07,0,True,0.015338900033384562,0.0038347250083461404
1.0744484663009644,1.0552332401275635,0.7234373986602851,0.7226264975648953,0.5179170614484759,0.5040492853283075,2.891797353732079,1.8811228748933089,3.2437213430786564,1.92379395870721,0.1436449766282713,-1.248702783434206,True,1.3199273843714465,1.0106744788387703,0.01921522617340088,0.0008109010953898377,wiener,engine/0012,engine,4992,9.03,0,True,0.014359800145030022,0.0035899500362575054
1.083046793937683,1.0716160535812378,0.6932324040083969,0.7073135410895569,0.48396988670717916,0.4898074078388405,1.8698749689735146,1.6759120797832479,2.1867769801228016,1.718369592269775,2.7858938676078635,1.947821756979288,True,0.4684073878530266,0.19396288919026672,0.011430740356445312,-0.014081137081159989,wiener,engine/0013,engine,7176,1.95,0,False,0.015363400103524327,0.003840850025881082
1.037069320678711,1.0303117036819458,0.6641562659286071,0.659189431925931,0.4539627831891283,0.4381390392678936,1.3942419752754323,0.5681423503363634,1.6837480382746481,0.505319145159274,-0.6393266079263388,-1.7402113800197532,True,1.1784288931153741,0.8260996249390689,0.006757616996765137,0.004966834002676057,wiener,engine/0014,engine,3575,3.07,0,True,0.014378000050783157,0.0035945000126957893
1.182522177696228,1.137006163597107,0.9392943289863761,0.9335904176851053,0.8328811627551017,0.8170417353693595,5.8499156959088685,3.583391874666193,5.907830981797915,3.541440572957301,2.177629192682592,0.45754027464442515,True,2.366390408840614,2.2665238212426755,0.045516014099121094,0.005703911301270792,wiener,engine/0015,engine,237,3.8,0,False,0.015683599980548024,0.003920899995137006
1.276890754699707,1.2170828580856323,0.7984080423004254,0.8015490858780061,0.5768011639238086,0.5635146445363316,4.725310376806827,4.088473155953953,5.045086303221775,3.9903782664594587,2.359742266173771,1.5140203058318167,True,1.0547080367623165,0.6368372208528736,0.05980789661407471,-0.0031410435775807155,wiener,engine/0016,engine,7729,8.7,0,True,0.016120500164106488,0.004030125041026622
1.371598720550537,1.3154979944229126,0.7222368453464943,0.7051550493190728,0.5388464351150474,0.5143751501853724,4.795765447452268,4.0781737673490985,5.045747958049497,4.220476197715209,-1.0266532100488144,-2.116745684800545,True,0.8252717603342878,0.7175916801031699,0.05610072612762451,0.017081796027421547,wiener,engine/0017,engine,908,14.55,0,True,0.015696299960836768,0.003924074990209192
1.0457874536514282,1.0410239696502686,0.7425619374632152,0.731072895406194,0.6159960712197454,0.6082513236398832,-6.332581146106618,-7.362412550330014,-6.018430848867614,-7.376084319052531,-4.8559835560166045,-6.203725811805973,True,1.3576534701849168,1.0298314042233967,0.004763484001159668,0.01148904205702117,wiener,engine/0018,engine,672,8.94,0,True,0.016191800124943256,0.004047950031235814
1.0868854522705078,1.0716488361358643,0.5711442852261571,0.5604289752280917,0.39625786397146584,0.3790505985132993,-1.5767899077245975,-2.1271940349173386,-1.0670104960873326,-2.0246339149749493,-2.698969388257788,-4.093136892474401,True,0.9576234188876167,0.5504041271927411,0.015236616134643555,0.01071530999806547,wiener,engine/0019,engine,3729,-2.02,0,False,0.014226300176233053,0.0035565750440582633
1.3318250179290771,1.279261827468872,0.9397393637372037,0.9402980189774169,0.8259192799788746,0.8244348617547872,6.973183887970596,6.381052093857914,7.053018005768939,6.406119772818605,4.022743172734299,2.9949401135239504,True,0.6468982329503339,0.5921317941126825,0.05256319046020508,-0.0005586552402132572,wiener,engine/0020,engine,1284,13.52,0,True,0.016924799885600805,0.004231199971400201
1.0479506254196167,1.0538417100906372,0.520827869789538,0.5343939960477523,0.2680922196785882,0.2681906589603331,-4.016578196289014,-3.91954648541299,-3.0796540515592374,-3.528378568541922,-3.02669319447855,-3.65746031092654,True,0.44872451698268456,-0.09703171087602458,-0.005891084671020508,-0.013566126258214295,wiener,engine/0021,engine,7176,0.61,0,True,0.014659000094980001,0.0036647500237450004
1.3939207792282104,1.326629877090454,0.876408372653374,0.878309853704517,0.7686790538449557,0.7658602194875185,13.686498893558333,13.398191515796967,13.693068180942822,13.375008406274773,12.302034147734853,11.674458588316721,True,0.3180597746680487,0.2883073777613667,0.06729090213775635,-0.0019014810511429614,wiener,engine/0022,engine,8555,13.94,0,False,0.015546099981293082,0.0038865249953232706
1.5088293552398682,1.3707265853881836,0.9284467808604122,0.9295160149720416,0.8286964951645391,0.8162102451490019,8.807737264051056,8.452635175734628,8.954589496730852,8.44696206411729,8.50514102164132,7.317131823389515,True,0.5076274326135621,0.3551020883164284,0.13810276985168457,-0.0010692341116294024,wiener,engine/0023,engine,1320,8.59,0,False,0.018718699924647808,0.004679674981161952
1.0488651990890503,1.1149520874023438,0.4277669181210211,0.44014935284144546,0.1761181771947802,0.1694361771121733,-6.6789303951307755,-8.438155899210749,-4.81982763494476,-8.058134466974785,-5.5848673779730165,-7.6591755455512525,True,3.238306832030025,1.7592255040799731,-0.06608688831329346,-0.012382434720424385,wiener,engine/0024,engine,672,2.17,0,True,0.015684899874031544,0.003921224968507886
1.0332211256027222,1.0283094644546509,0.5088592750586913,0.5032245297652332,0.2800092373253433,0.2417489594474713,-1.2462390612867653,-3.625369010328621,-0.7060384951834202,-3.7152261523392296,-2.630357189217552,-4.785550843193337,True,3.0091876571558096,2.3791299490418556,0.004911661148071289,0.005634745293458088,wiener,engine/0025,engine,1995,-3.17,0,False,0.015174899948760867,0.0037937249871902168
1.0724058151245117,1.074013590812683,0.8233070610347197,0.8230317691975433,0.6505295635195271,0.6483324436873612,0.9367207649081912,0.9346518162947676,0.9609052774307104,0.9406701184437404,2.2163922168481323,2.2673185716258355,True,0.020235158986970037,0.00206894861342366,-0.0016077756881713867,0.0002752918371764501,wiener,engine/0026,engine,5639,6.79,0,True,0.014353800099343061,0.0035884500248357654
1.0250470638275146,1.0230315923690796,0.7309201059998139,0.7370549269481074,0.42438218019861296,0.4229310139164096,1.103798472147918,0.2609046446485077,1.5264767695985455,0.29235352096361966,-1.5157853931080472,-2.7648962481669903,True,1.2341232486349258,0.8428938274994102,0.0020154714584350586,-0.006134820948293429,wiener,engine/0027,engine,5142,4.4,0,True,0.014481100020930171,0.0036202750052325428
1.039225459098816,1.0372154712677002,0.5480205973388559,0.544631976332094,0.3194865501580526,0.3146119183537172,-3.1316037464279494,-3.4268733885656566,-2.5142406062400386,-3.188396884994193,-3.499909873967762,-4.6408473321294,True,0.6741562787541544,0.29526964213770723,0.0020099878311157227,0.0033886210067618494,wiener,engine/0028,engine,2830,3.63,0,True,0.015799100045114756,0.003949775011278689
1.025762915611267,1.0219519138336182,0.6432114447887464,0.6265253016004598,0.43220472313914254,0.4088244124542093,-1.4642205538103312,-4.734818313696245,-0.9502948253206177,-4.465313221798769,-4.374488414815341,-7.144078333355151,True,3.515018396478151,3.2705977598859137,0.0038110017776489258,0.01668614318828654,wiener,engine/0029,engine,2094,-1.47,0,True,0.01623949990607798,0.004059874976519495
1.1129242181777954,1.0990363359451294,0.7859392915530394,0.7910748018687546,0.5116058485110377,0.5144925301352552,5.465616445597191,5.338947003274255,5.592137704370675,5.333969067660524,3.253434956592645,2.8680740171785986,True,0.2581686367101508,0.1266694423229362,0.013887882232666016,-0.0051355103157151305,wiener,engine/0030,engine,1284,7.67,0,True,0.014753299998119473,0.0036883249995298684
1.1639823913574219,1.133439540863037,0.8530757504995116,0.8469969570859223,0.6658229508681145,0.6599040844916528,7.926928221003582,5.42034203081276,7.967891697613695,5.420179492297638,2.7010283999875,0.90890504034419,True,2.5477122053160564,2.5065861901908217,0.030542850494384766,0.006078793413589301,wiener,engine/0031,engine,3570,5.42,0,False,0.01762049994431436,0.00440512498607859
1.0726724863052368,1.0730359554290771,0.6060738449503519,0.6147696791565516,0.2851089300868929,0.2934080716322782,0.6449930384880067,-0.09223308164614,0.8299842594671593,-0.09172259668265989,-4.341977333265286,-4.899445849161424,True,0.9217068561498192,0.7372261201341467,-0.00036346912384033203,-0.008695834206199682,wiener,engine/0032,engine,908,-0.09,0,False,0.014203399885445833,0.0035508499713614583
1.1224584579467773,1.1318156719207764,0.7624090320480417,0.7699693392539568,0.6229847183043902,0.6381915787046099,0.5167482171264509,0.6429668957630675,0.739178780927557,0.6270552185671509,4.873570564559089,5.174068972360985,True,0.1121235623604061,-0.12621867863661662,-0.009357213973999023,-0.007560307205915162,wiener,engine/0033,engine,61,6.51,0,True,0.01459369994699955,0.0036484249867498875
1.3703837394714355,1.3720022439956665,0.8889846268802062,0.8736330422158429,0.7054439015304242,0.6883983479956632,10.20005423103081,5.681030092520935,10.319169636761952,5.749251487217771,4.225078066854979,-0.8647086952884915,True,4.569918149544181,4.5190241385098755,-0.001618504524230957,0.01535158466436326,wiener,engine/0034,engine,5105,5.77,0,False,0.014906399883329868,0.003726599970832467
1.1012951135635376,1.107471227645874,0.3409798629544842,0.33533132585736586,0.20319825093512006,0.21310033567112086,-3.529513157834621,-5.643618043360203,-2.4676433968343057,-5.185542521562697,-6.156793787813781,-6.863356481116148,True,2.7178991247283912,2.1141048855255815,-0.006176114082336426,0.005648537097118322,wiener,engine/0035,engine,1188,-2.43,0,True,0.014513399917632341,0.0036283499794080853
1.0911667346954346,1.1158515214920044,0.43981639558185703,0.4367033687278242,0.21966600354661592,0.18532506097957416,-9.508472997352243,-9.653452998232444,-8.434067497314757,-9.729026620121479,-6.925888694801832,-7.945645700604704,True,1.2949591228067217,0.14498000088020113,-0.024684786796569824,0.0031130268540328077,wiener,engine/0036,engine,4992,-2.72,0,True,0.014282099902629852,0.003570524975657463
1.1027745008468628,1.0702617168426514,0.7612185196332774,0.7450654363538228,0.5230219886963183,0.4703859925208135,3.3887241545220332,1.1697824479587495,3.8535892091283253,1.0790128868365152,-0.8404462829325073,-2.733517380597028,True,2.77457632229181,2.2189417065632835,0.032512784004211426,0.016153083279454528,wiener,engine/0037,engine,237,1.61,0,False,0.017084000166505575,0.004271000041626394
1.6959902048110962,1.5140825510025024,0.9456465722342499,0.9448314874133475,0.893102169115254,0.8826366014512924,15.041168135034733,14.465406692769916,15.075142715925445,14.466642015414665,15.401201206773214,13.757021857368906,True,0.6085007005107794,0.5757614422648167,0.18190765380859375,0.000815084820902312,wiener,engine/0038,engine,5142,14.48,0,False,0.015844999812543392,0.003961249953135848
1.43017578125,1.445371389389038,0.9629009484036897,0.9622302116448771,0.8834278156971536,0.862691471470024,4.579388137406466,3.159642509238687,5.143703944493156,3.060762843025106,2.951066953270301,0.6205424446864533,True,2.08294110146805,1.4197456281677794,-0.015195608139038086,0.0006707367588125734,wiener,engine/0039,engine,8230,12.79,0,True,0.015000200131908059,0.0037500500329770148
1.0695507526397705,1.0896196365356445,0.8776854092129416,0.890949753230886,0.7797113353561305,0.8170732283358401,-12.81922304480748,-12.605202325650126,-10.84677329111237,-10.848280211385235,3.6656211808060646,4.286865726196931,True,0.001506920272865031,-0.21402071915735377,-0.020068883895874023,-0.013264344017944407,wiener,siren/0000,siren,2094,-3.29,0,True,0.01612589997239411,0.004031474993098527
1.8053641319274902,1.7163509130477905,0.9104637552069925,0.9085049892362258,0.7558753747985508,0.7479517523514959,12.981280103407089,12.36680486829501,13.073428735522207,12.37715975822189,7.845899482058093,6.200448191744594,True,0.696268977300317,0.6144752351120797,0.08901321887969971,0.001958765970766718,wiener,siren/0001,siren,908,12.4,0,False,0.014646399999037385,0.0036615999997593462
1.1527385711669922,1.1488102674484253,0.7614605213770336,0.7614429111038054,0.6440529553227312,0.644517103021821,-8.248025387612334,-8.244722050142482,-8.193639701704207,-8.193896204016216,7.2846800241570735,7.9133021751332215,True,0.00025650231200913254,-0.003303337469851897,0.0039283037185668945,1.7610273228219064e-05,wiener,siren/0002,siren,5142,-1.22,0,True,0.014303600182756782,0.0035759000456891954
2.6753265857696533,2.7464075088500977,0.9902567314247835,0.9907324177704401,0.9718341087768817,0.9735579438523828,14.273116797827734,14.277785521816666,14.271625522161944,14.272183690651763,26.611107246587743,28.710964645888705,True,-0.0005581684898192663,-0.004668723988931589,-0.07108092308044434,-0.0004756863456565341,wiener,siren/0003,siren,8224,14.84,0,False,0.014771400019526482,0.0036928500048816204
1.9020273685455322,1.951132893562317,0.9220874561069243,0.9224124576635488,0.8369407044616758,0.8403220636992251,7.247152839839944,7.246895263275039,7.175400472514522,7.172882195992136,21.008330116715953,23.89071496779408,True,0.0025182765223865644,0.0002575765649046602,-0.04910552501678467,-0.0003250015566245157,wiener,siren/0004,siren,8230,7.57,0,False,0.01592000015079975,0.003980000037699938
1.2636566162109375,1.2639868259429932,0.7969751200907185,0.7969756318936483,0.6771808672689481,0.6771856787696504,-11.331299444327811,-11.330893386975,-11.614506921223844,-11.614542578617792,5.119565895314941,5.2125254935866545,True,3.565739394773004e-05,-0.0004060573528121836,-0.00033020973205566406,-5.118029298145643e-07,wiener,siren/0005,siren,121,-3.4,0,True,0.014475399861112237,0.0036188499652780592
1.3649741411209106,1.386789321899414,0.9250680232727159,0.9291041142539712,0.8516538518520709,0.857931135730985,2.2104389331462615,2.2141268557760223,2.305830337657288,2.2476349201003676,2.353933695030593,2.1798663672037577,True,0.05819541755692059,-0.003687922629760809,-0.021815180778503418,-0.004036090981255347,wiener,siren/0006,siren,672,2.25,0,False,0.01789480005390942,0.004473700013477355
1.7023866176605225,1.7504234313964844,0.8357172300236759,0.8397916497800069,0.6648203374759883,0.6697304798812319,4.709535616497229,4.706737375050567,4.753735712651444,4.686828847203467,4.289550018379058,4.0528011099465795,True,0.06690686544797764,0.0027982414466620753,-0.048036813735961914,-0.004074419756330938,wiener,siren/0007,siren,4077,8.69,0,True,0.015380500117316842,0.0038451250293292105
1.8568943738937378,2.058227777481079,0.94322581281374,0.9455993198407088,0.8453374011614898,0.8537123159874241,9.169796684835504,9.652747085562064,9.373058537544608,9.688008740909115,11.473380759239486,21.68547281070296,True,-0.3149502033645071,-0.48295040072656015,-0.2013334035873413,-0.002373507026968813,wiener,siren/0008,siren,61,9.69,0,False,0.014746400061994791,0.0036866000154986978
3.733919858932495,3.8788344860076904,0.9846796562040999,0.9854229092335948,0.9438842469098019,0.9494052407754716,13.95468050810617,13.95707935362709,13.957116531716032,13.954538955146463,24.65406930214252,30.4489376070867,True,0.002577576569569473,-0.0023988455209202897,-0.1449146270751953,-0.0007432530294948503,wiener,siren/0009,siren,1188,14.65,0,False,0.015566800022497773,0.0038917000056244433
1.0944970846176147,1.1179486513137817,0.8092203026921609,0.8188391473040102,0.6467031221491364,0.6666054157168588,-0.29707094430555797,-0.27423956237319624,-0.239753264351491,-0.25426184362503573,2.2372489002899467,2.2858795050673035,True,0.014508579273544736,-0.022831381932361727,-0.023451566696166992,-0.009618844611849253,wiener,siren/0010,siren,1580,5.17,0,True,0.01566500007174909,0.003916250017937273
1.1818428039550781,1.280860185623169,0.8291591999848279,0.8333276483993587,0.6283703069820854,0.6365940049723372,-3.372854192037658,-3.365918941925225,-3.1043851286848385,-3.1967790634310678,-4.700369318072741,-4.845010269156509,True,0.09239393474622926,-0.0069352501124329,-0.09901738166809082,-0.00416844841453079,wiener,siren/0011,siren,8230,-1.61,0,True,0.014851199928671122,0.0037127999821677804
1.1977033615112305,1.1903129816055298,0.8021150040134485,0.8072022932911553,0.697681577644356,0.7104761345332604,-7.014513768947208,-6.995855400417121,-6.981979392662682,-6.983207905465937,6.506166848754535,5.739176155505554,True,0.0012285128032551995,-0.018658368530086733,0.007390379905700684,-0.005087289277706852,wiener,siren/0012,siren,3575,0.47,0,True,0.014741600025445223,0.0036854000063613057
1.775148868560791,1.907860279083252,0.9264348318289043,0.9289936349752138,0.8786897257200184,0.8850801764949091,4.78477256212476,4.902971505622884,4.841481678533838,4.873831538774072,14.881578280389625,25.14984022744766,True,-0.032349860240233674,-0.11819894349812365,-0.13271141052246094,-0.0025588031463095184,wiener,siren/0013,siren,1221,4.87,0,False,0.014679100131615996,0.003669775032903999
1.8251051902770996,1.842874526977539,0.9779366402408931,0.9813925734349267,0.9041058042491819,0.921722750303789,1.5930663568774714,1.634189066265458,1.7032880590384516,1.6946918726676772,11.152660111133262,11.250282125030372,True,0.008596186370774417,-0.041122709387986456,-0.017769336700439453,-0.003455933194033589,wiener,siren/0014,siren,4446,6.52,0,True,0.014708900125697255,0.003677225031424314
1.1954567432403564,1.2230619192123413,0.8693945478230805,0.872983871270863,0.7253301748778218,0.7228617401379217,-3.4386698786254186,-3.450374601412085,-3.3631343315405484,-3.466534155597854,-2.4699083186625175,-2.902945099741032,True,0.10339982405730552,0.011704722786666455,-0.027605175971984863,-0.003589323447782511,wiener,siren/0015,siren,1284,3.23,0,True,0.01573330000974238,0.003933325002435595
1.3673460483551025,1.3866536617279053,0.9555252615636664,0.9587947466296186,0.7954741261454154,0.8047547521365265,2.0030679658464363,1.9629266371172285,2.161999099327497,2.0484318140801303,-0.5521802378100383,-0.7814079759208452,True,0.11356728524736681,0.04014132872920784,-0.019307613372802734,-0.00326948506595226,wiener,siren/0016,siren,1580,10.29,0,True,0.016017999965697527,0.004004499991424382
1.7057055234909058,1.7904260158538818,0.9418200953847611,0.9530930612183155,0.792312153139855,0.8133631996018433,9.335726285252244,9.30545921093353,9.381393323857836,9.319637525615638,5.410643911535049,5.28943736477593,True,0.06175579824219746,0.030267074318715004,-0.08472049236297607,-0.011272965833554416,wiener,siren/0017,siren,5105,9.32,0,False,0.016858800081536174,0.0042147000203840435
1.2649080753326416,1.286064624786377,0.9041453391968092,0.9037576930011805,0.717105363490271,0.7148050517728476,-5.015371612509311,-5.005005815004501,-4.903445933780271,-4.989776385007556,-4.4731352519057825,-4.717541335012209,True,0.08633045122728422,-0.010365797504809926,-0.02115654945373535,0.0003876461956286992,wiener,siren/0018,siren,6829,-4.8,0,False,0.01498960005119443,0.0037474000127986073
1.4075459241867065,1.4189558029174805,0.9433020639758353,0.9464103998183716,0.8413480983632778,0.8500581231355484,4.725582068284229,4.686505729887079,4.767019467307095,4.700662344271414,1.8117658202396711,1.5994538464337245,True,0.06635712303568031,0.03907633839714997,-0.011409878730773926,-0.003108335842536336,wiener,siren/0019,siren,5683,4.93,0,False,0.01761629991233349,0.004404074978083372
1.5600965023040771,1.5718767642974854,0.8659101911205088,0.865920143746134,0.7930233347656215,0.793076741499356,-2.1133560578191437,-2.1127798263774547,-2.0572512417959805,-2.0573066077750433,19.000852660574164,20.36988694924516,True,5.5365979062749204e-05,-0.0005762314416890568,-0.011780261993408203,-9.952625625198053e-06,wiener,siren/0020,siren,5142,-1.39,0,False,0.015342000173404813,0.003835500043351203
1.3659547567367554,1.2455955743789673,0.910615252989582,0.9122791344810353,0.7016158516377405,0.6911611203173114,8.512351365340095,7.441123735507583,8.719130443481847,7.454336674001669,4.192226844138046,2.960061806030878,True,1.2647937694801774,1.0712276298325119,0.12035918235778809,-0.0016638814914532452,wiener,siren/0021,siren,4446,7.61,0,False,0.018623099895194173,0.004655774973798543
1.0607578754425049,1.0610406398773193,0.9277456702238298,0.9294808382702298,0.7874318495267287,0.7883052611296942,-6.823883601491265,-6.767303399644302,-6.366764896779436,-6.369972614616534,10.169761701491693,10.285284930408489,True,0.0032077178370979453,-0.05658020184696344,-0.0002827644348144531,-0.0017351680463999486,wiener,siren/0022,siren,6930,-4.25,0,True,0.018054800108075142,0.0045137000270187855
1.709596872329712,1.7061175107955933,0.9399478324805219,0.9399479191904689,0.9071242225736197,0.9071280542735323,1.2520790849036487,1.2521776944209215,1.2725130464544745,1.2725033607536063,28.195743204276656,28.3763271619731,True,9.685700868233837e-06,-9.860951727280742e-05,0.0034793615341186523,-8.670994700032963e-08,wiener,siren/0023,siren,121,2.48,0,False,0.017913700081408024,0.004478425020352006
4.155362606048584,4.467159748077393,0.9993981944960564,0.9999996142043772,0.9982167854310797,0.9999994776050679,14.183524400148768,14.196486198316263,14.19202570956176,14.194056026651353,31.39142829435471,34.71060421804732,True,-0.0020303170895932254,-0.01296179816749543,-0.3117971420288086,-0.0006014197083208384,wiener,siren/0024,siren,4446,14.57,0,False,0.015805600211024284,0.003951400052756071
1.418452501296997,1.4284191131591797,0.9079882069822599,0.9083098224440401,0.8206252938308781,0.8216661479678254,4.128710037356079,4.131018539930681,4.125249036212688,4.121707595471002,15.740217940206028,19.06689009904689,True,0.0035414407416860527,-0.0023085025746016896,-0.009966611862182617,-0.0003216154617802225,wiener,siren/0025,siren,5683,4.32,0,False,0.02021220000460744,0.00505305000115186
1.087911605834961,1.0379829406738281,0.508471615326,0.49249586994391364,0.30622585730266,0.27926772002330863,-6.668586287393915,-7.410750762032857,-5.9777159695220226,-7.414837264287431,-6.356928133467974,-7.358514630230746,True,1.4371212947654088,0.7421644746389422,0.04992866516113281,0.015975745382086404,wiener,siren/0026,siren,1089,0.35,0,True,0.015238200081512332,0.003809550020378083
1.1982686519622803,1.1455014944076538,0.8098546855784874,0.8157770481018622,0.6640245132851553,0.6591331356918454,7.024674368258753,6.31474000301816,7.289145355051386,6.326322687240057,4.7823305581201625,3.5211467493017317,True,0.962822667811329,0.709934365240593,0.052767157554626465,-0.005922362523374858,wiener,siren/0027,siren,1188,6.33,0,False,0.019096200121566653,0.004774050030391663
1.0800422430038452,1.0799733400344849,0.8152545371437389,0.816174432454669,0.6283357650330978,0.6293274277880676,-9.983117045350083,-9.979160611003294,-9.32977357224122,-9.330361121926797,1.3128854062140631,1.427272701746723,True,0.0005875496855782814,-0.0039564343467883845,6.890296936035156e-05,-0.0009198953109301744,wiener,siren/0028,siren,260,7.94,0,True,0.018172699958086014,0.0045431749895215034
1.1711616516113281,1.1390076875686646,0.8206219090382579,0.8229509328321044,0.664017524853689,0.6630428163709904,10.393351948097433,9.994120818107714,10.633369649318873,10.13749060235596,7.002869747614671,6.2971128873131725,True,0.4958790469629122,0.3992311299897189,0.032153964042663574,-0.002329023793846474,wiener,siren/0029,siren,1320,13.55,0,True,0.015638999873772264,0.003909749968443066
1.0518854856491089,1.057820439338684,0.42607228572932004,0.4310640606012331,0.1636617260821742,0.1610393732846387,-9.408464621164715,-10.86329105094846,-8.061004510660261,-9.999029245907085,-7.322307613638639,-8.288438078951247,True,1.9380247352468238,1.4548264297837452,-0.005934953689575195,-0.004991774871913046,wiener,siren/0030,siren,4507,-0.19,0,True,0.01671699993312359,0.004179249983280897
1.4363536834716797,1.393184781074524,0.9419417759270821,0.9441310824259163,0.8104271241211922,0.8130928417458627,4.301249779306193,4.313441106533993,4.397164480351615,4.305744818342011,4.480356216158374,4.4316669875086925,True,0.09141966200960372,-0.01219132722780003,0.04316890239715576,-0.002189306498834198,wiener,siren/0031,siren,7021,14.14,0,True,0.01809599995613098,0.004523999989032745
1.1136093139648438,1.1255991458892822,0.7917962934367162,0.7949739177490444,0.6500709021667797,0.6561185610835524,-1.7532734541335901,-1.734948491705795,-1.730440994746538,-1.7307985709566225,8.809831526811537,10.974006070247315,True,0.00035757621008447593,-0.018324962427795244,-0.011989831924438477,-0.0031776243123281533,wiener,siren/0032,siren,2830,-1.7,0,False,0.01845360011793673,0.004613400029484183
1.2197165489196777,1.2276668548583984,0.8219163427024218,0.8229388223039173,0.6885586921275495,0.6910817872468648,-0.19992728626860093,-0.1891355038028564,-0.22973016634002852,-0.2312256282889438,9.057492290611881,11.062192395294936,True,0.0014954619489152832,-0.010791782465744526,-0.007950305938720703,-0.0010224796014955961,wiener,siren/0033,siren,1284,0.37,0,False,0.015101199969649315,0.0037752999924123287
1.099231243133545,1.0936857461929321,0.8920088077366346,0.8965610693972689,0.7543264161773885,0.7745591132059172,-2.0081616265058866,-1.9999928373863338,-2.021242127047735,-2.022689591411872,15.96035710109362,19.913982967955793,True,0.0014474643641371188,-0.008168789119552766,0.005545496940612793,-0.004552261660634271,wiener,siren/0034,siren,1320,-2.0,0,False,0.0158825998660177,0.003970649966504425
1.3805512189865112,1.3900796175003052,0.8681246175603835,0.8682574367223829,0.7653514011717639,0.7657898723150159,0.6976000342677069,0.7028705990595652,1.759384752870311,1.7591128189784777,2.9570051546871676,3.0420032404595423,True,0.0002719338918333314,-0.005270564791858279,-0.009528398513793945,-0.0001328191619993646,wiener,siren/0035,siren,2300,8.17,0,True,0.018914700020104647,0.004728675005026162
1.8757224082946777,1.9343695640563965,0.940584112135032,0.9491098075946189,0.8450419666517831,0.8651499044364737,3.269861188614521,3.419871434485966,3.7703445545903236,3.6824350489527733,7.213640704479923,7.996390564051779,True,0.08790950563755029,-0.15001024587144496,-0.05864715576171875,-0.008525695459586924,wiener,siren/0036,siren,6930,6.34,0,True,0.019782799994572997,0.004945699998643249
1.3462003469467163,1.3446264266967773,0.8925586540373348,0.894361714192518,0.7827169953578659,0.7887965432797341,-0.5218494914800536,-0.5026472217444174,-0.685066168195289,-0.6942024625030774,6.484976344105709,6.60156027557719,True,0.009136294307788395,-0.0192022697356361,0.0015739202499389648,-0.001803060155183167,wiener,siren/0037,siren,4446,6.9,0,True,0.016618499998003244,0.004154624999500811
1.1989772319793701,1.2180404663085938,0.7126214349917409,0.8118598854491504,0.5836660494975985,0.7018423351948144,-2.6164093015780923,-2.5453536015092664,-2.7292523298449556,-2.7366902474424064,3.8703551021952523,4.701815599909597,True,0.007437917597450827,-0.07105570006882589,-0.019063234329223633,-0.09923845045740953,wiener,siren/0038,siren,672,6.47,0,True,0.015492700040340424,0.003873175010085106
1.377004623413086,1.389992117881775,0.8503997450729502,0.850714469293868,0.7755901359539162,0.7762660676669559,0.5581226761569318,0.5638715747259009,0.5642579351146176,0.5625911924709077,19.589043057977342,21.79714597386279,True,0.0016667426437099175,-0.005748898568969096,-0.012987494468688965,-0.000314724220917717,wiener,siren/0039,siren,3575,0.82,0,False,0.01508869999088347,0.0037721749977208674
2.892700433731079,2.904052734375,0.93925211525938,0.9392513839277192,0.8979550846493454,0.8979937823407009,7.619608099925742,7.619858012062335,7.624714208745673,7.6246279145337095,30.679049098388482,31.466082961330567,True,8.629421196371112e-05,-0.000249912136593089,-0.011352300643920898,7.313316607859832e-07,specsub,gunshot/0000,gunshot,5142,9.22,1,False,0.012811099877581,0.00320277496939525
1.5467742681503296,1.5394258499145508,0.9443680687115825,0.9448730121563927,0.7921010505146194,0.795431619513726,3.891001959923467,3.8898251641682484,4.070625386108591,4.061065805240029,6.3591357373305355,6.504926798527301,True,0.009559580868562456,0.0011767957552186736,0.007348418235778809,-0.0005049434448102241,specsub,gunshot/0001,gunshot,4077,6.72,2,True,0.013939799973741174,0.0034849499934352934
3.768306016921997,3.8241806030273438,0.9989589588248887,0.9991601878089545,0.9971162614916118,0.9987642805724912,32.199417888378086,32.4280733093195,32.20117491940275,32.428150441176896,30.943895148513707,33.87255013161075,True,-0.22697552177414337,-0.2286554209414149,-0.05587458610534668,-0.00020122898406582657,specsub,gunshot/0002,gunshot,1580,9.58,1,False,0.014167300192639232,0.003541825048159808
3.428551197052002,3.2802019119262695,0.9990089717160999,0.999155808874499,0.9968730649199247,0.9993977756636855,21.202420413673956,21.23588325904676,21.193932699569483,21.223436513052864,30.397524137252724,34.29290191554085,True,-0.02950381348338027,-0.033462845372802974,0.14834928512573242,-0.0001468371583990269,specsub,gunshot/0003,gunshot,1580,11.33,1,False,0.012363299960270524,0.003090824990067631
2.1924514770507812,2.1303906440734863,0.9627274450097373,0.9656478159174423,0.9494346908706747,0.9605218117374777,14.733181452409118,14.744720727573906,14.290222039509807,14.771672366428001,16.81413753637753,32.4709188398653,True,-0.48145032691819445,-0.01153927516478781,0.06206083297729492,-0.0029203709077050277,specsub,gunshot/0004,gunshot,5105,2.83,1,False,0.012550199870020151,0.003137549967505038
2.3011398315429688,2.3308281898498535,0.9656951609309404,0.967282204811773,0.9378385456426732,0.9526583812540728,13.96789788849107,14.082138686995728,13.881814580001626,14.210158345576806,16.98723448332808,25.853959049399343,True,-0.3283437655751804,-0.11424079850465851,-0.029688358306884766,-0.0015870438808325282,specsub,gunshot/0005,gunshot,1320,13.14,2,True,0.0120514000300318,0.00301285000750795
2.5323238372802734,2.5386340618133545,0.9373636153324254,0.9373646321149858,0.914051638666513,0.9141024175116549,12.289912184078375,12.289392605750873,12.294539919442995,12.292903805835188,26.98457315138325,28.604809240916882,True,0.0016361136078071326,0.000519578327502046,-0.006310224533081055,-1.0167825603701885e-06,specsub,gunshot/0006,gunshot,4970,5.21,2,False,0.011948199942708015,0.002987049985677004
3.597879409790039,3.6611926555633545,0.9978728604507565,0.9978782759580714,0.9905898799053624,0.9906142697928068,18.32046856887512,18.32438379139716,18.322212102281348,18.32477192495645,30.363737190797018,31.10180239482355,True,-0.0025598226751029074,-0.00391522252203913,-0.06331324577331543,-5.415507314920909e-06,specsub,gunshot/0007,gunshot,8455,1.13,1,False,0.013107500039041042,0.0032768750097602606
3.370711088180542,3.373321056365967,0.9966045828690775,0.9966061567394492,0.9843451060490497,0.9843872915505535,20.304087039644557,20.303751696669387,20.18120491260962,20.180851501176956,19.692892631064055,19.691713223459104,True,0.0003534114326626536,0.0003353429751697945,-0.0026099681854248047,-1.5738703716960956e-06,specsub,gunshot/0008,gunshot,7021,8.37,1,True,0.012101600179448724,0.003025400044862181
3.6166772842407227,3.700113534927368,0.9999737060542472,0.999980125202178,0.99981489478496,0.9999095705636887,21.829485552975893,21.835894844071024,21.830105809800166,21.83545999257789,31.368570608538136,34.283970890901536,True,-0.005354182777722372,-0.006409291095131664,-0.08343625068664551,-6.4191479308695065e-06,specsub,gunshot/0009,gunshot,3570,13.71,1,False,0.01234299992211163,0.0030857499805279076
3.3170011043548584,3.348283052444458,0.9936624602552763,0.9936651049605969,0.9862667611102613,0.9863322791430371,22.621930854560816,22.617725253910134,22.632043560675562,22.627662076423952,32.793445437398475,33.51485092559595,True,0.004381484251609891,0.004205600650681873,-0.03128194808959961,-2.6447053206313242e-06,specsub,gunshot/0010,gunshot,7021,11.06,3,False,0.013818700099363923,0.0034546750248409808
1.447033166885376,1.4315348863601685,0.8722603481042072,0.8722144162944097,0.8549695558619704,0.8551212865623332,11.554033050957617,11.545662158087444,11.54097952049558,11.525186555715766,19.01284472010217,18.738865191601896,True,0.015792964779812735,0.008370892870173563,0.01549828052520752,4.5931809797505885e-05,specsub,gunshot/0011,gunshot,1995,-2.54,3,True,0.012229100102558732,0.003057275025639683
1.1239902973175049,1.1247618198394775,0.7224982992143633,0.7225321617577584,0.6241864753494503,0.6249429373831374,7.104063002663958,7.061636062130839,7.824180778494139,7.780283916955631,6.252871022946013,6.308895438037296,True,0.04389686153850736,0.042426940533118795,-0.0007715225219726562,-3.386254339510231e-05,specsub,gunshot/0012,gunshot,2094,11.86,4,True,0.014058700064197183,0.0035146750160492957
1.8774442672729492,1.8405494689941406,0.9877060179959086,0.9869787791276866,0.9311009389035786,0.9296502955165734,17.388882583728336,17.19845262972559,17.353948316383985,17.15396879130763,12.948648067410476,12.616785595955701,True,0.19997952507635475,0.1904299540027452,0.036894798278808594,0.0007272388682220132,specsub,gunshot/0013,gunshot,4992,10.92,1,True,0.012111999792978168,0.003027999948244542
1.4438434839248657,1.4429727792739868,0.8573288500659872,0.8573056034202945,0.7696703656651295,0.769637103922973,5.96331639785944,5.962757826382743,5.9129565091027985,5.909421271284958,5.506157212642816,5.763838574173529,True,0.0035352378178403754,0.0005585714766969119,0.0008707046508789062,2.324664569275381e-05,specsub,gunshot/0014,gunshot,1284,1.59,1,True,0.01272700005210936,0.00318175001302734
2.671537399291992,3.018339157104492,0.9738867904184972,0.9792692034110322,0.939969754195232,0.9610517341775598,15.668744999425217,18.762176023456306,15.720616490269123,18.807330977160454,13.027360428255806,28.465060915983454,True,-3.0867144868913314,-3.093431024031089,-0.3468017578125,-0.005382412992534946,specsub,gunshot/0015,gunshot,2830,-1.98,3,False,0.010552699910476804,0.002638174977619201
1.408097505569458,1.4192157983779907,0.833347980601548,0.8332438127309634,0.7994227501701374,0.7997469984685524,5.954669816014938,5.962764260675427,5.959228099162505,5.954921998941379,23.55726390758538,26.21903407503641,True,0.004306100221126208,-0.008094444660488698,-0.011118292808532715,0.00010416787058464827,specsub,gunshot/0016,gunshot,1320,3.01,4,False,0.012080499902367592,0.003020124975591898
2.901029586791992,2.9453930854797363,0.9764683204940747,0.976471083529024,0.9370791392128113,0.9370140955662599,16.783231868309706,16.787782597755175,16.799804192379188,16.802485443432136,30.50720177051905,32.83681945471342,True,-0.0026812510529481415,-0.004550729445469415,-0.04436349868774414,-2.763034949282428e-06,specsub,gunshot/0017,gunshot,8230,5.26,1,False,0.010193699970841408,0.002548424992710352
1.7675138711929321,1.7746329307556152,0.9567384428323626,0.9568031176304082,0.9073970610536913,0.9077988674435064,15.141639595351876,15.140418899836616,15.121149072689333,15.119747572487901,11.674383721024691,11.69092485426706,True,0.0014015002014318156,0.0012206955152596066,-0.0071190595626831055,-6.467479804550536e-05,specsub,gunshot/0018,gunshot,1995,-1.98,1,True,0.01219499995931983,0.0030487499898299575
1.580079436302185,1.580939769744873,0.8524861446913602,0.8521507090943204,0.7533402090434119,0.7531974096772147,10.13104557810654,10.080741931232742,10.046160699938289,9.970798267051235,6.916973596304813,7.192263601817268,True,0.07536243288705435,0.05030364687379851,-0.0008603334426879883,0.000335435597039746,specsub,gunshot/0019,gunshot,5105,4.13,1,True,0.012637600069865584,0.003159400017466396
1.82369065284729,1.7958990335464478,0.9540499077775844,0.9540305302628918,0.9101524719793274,0.9097465439227654,14.700853523401047,14.678451983895762,14.74367349879815,14.71848547636367,13.256130494006918,13.494357798459268,True,0.025188022434480928,0.02240153950528523,0.027791619300842285,1.9377514692608955e-05,specsub,gunshot/0020,gunshot,4992,3.94,1,True,0.012309799902141094,0.0030774499755352736
1.5538501739501953,1.5523087978363037,0.8700649919856307,0.8692749430753263,0.696888764714739,0.6926858655921979,8.482817740554747,8.486678550739192,8.53869973982648,8.47544300717844,6.552696679810283,6.697507474303119,True,0.06325673264804088,-0.0038608101844452847,0.0015413761138916016,0.0007900489103044306,specsub,gunshot/0021,gunshot,4446,-2.77,3,True,0.012081700144335628,0.003020425036083907
1.7056432962417603,1.7121474742889404,0.9320972790984311,0.9320473306696448,0.8358696049938514,0.8357971987601467,7.604749895809345,7.596093047539379,7.760134706629281,7.749026986080817,6.24598492108918,6.205574102324926,True,0.011107720548464428,0.0086568482699656,-0.006504178047180176,4.994842878625061e-05,specsub,gunshot/0022,gunshot,5639,-4.66,1,True,0.012289900099858642,0.0030724750249646604
3.813668727874756,3.8682658672332764,0.9961471072680895,0.9961493786783836,0.9921925095195566,0.9922030584941203,22.447017629446048,22.449354445289373,22.445884320857555,22.448401960896373,32.182513813657145,32.695880307825725,True,-0.0025176400388176035,-0.002336815843325013,-0.05459713935852051,-2.2714102940746272e-06,specsub,gunshot/0023,gunshot,7127,5.22,1,False,0.01053430000320077,0.0026335750008001924
2.9220523834228516,3.096214771270752,0.988722806084907,0.9887856800522831,0.9701834409733657,0.9703508532284336,25.530853006503257,25.493024469016508,25.532553470761616,25.49261926612555,27.232964878384013,28.93068670330149,True,0.03993420463606512,0.037828537486749525,-0.1741623878479004,-6.287396737603146e-05,specsub,gunshot/0024,gunshot,3570,12.62,3,False,0.014427699847146869,0.003606924961786717
2.868143081665039,2.964982748031616,0.9361289979692621,0.9360440696029446,0.8861402990257379,0.885875362576922,14.945456409481748,14.940689545658701,14.957472543172052,14.949427416314666,12.767696279833691,12.8524571646692,True,0.008045126857386009,0.0047668638230469185,-0.09683966636657715,8.492836631746048e-05,specsub,gunshot/0025,gunshot,3729,5.7,1,True,0.012400999898090959,0.0031002499745227396
4.025193214416504,4.057178020477295,0.9942436340887634,0.9942465704605404,0.9915128734554693,0.9915412615807163,29.306321889371077,29.30817794650356,29.303420681622082,29.305183764418974,33.582621055563386,33.790191171898286,True,-0.0017630827968915241,-0.0018560571324819364,-0.031984806060791016,-2.9363717770625186e-06,specsub,gunshot/0026,gunshot,5142,11.88,1,False,0.010712800081819296,0.002678200020454824
2.2352755069732666,2.210749387741089,0.9888444099847162,0.9888699276059765,0.9682945447312543,0.9694502840540438,22.77186926953641,22.839259535131603,22.667693797673003,22.8366492029217,25.011767491949872,32.28137258269652,True,-0.16895540524869546,-0.06739026559519345,0.024526119232177734,-2.5517621260240375e-05,specsub,gunshot/0027,gunshot,3570,3.34,1,False,0.012630400015041232,0.003157600003760308
2.0594778060913086,2.0998780727386475,0.8869343550158106,0.8881053100852631,0.7929121237916441,0.7980772252658731,10.13423930141942,10.12985189398903,10.336023078983622,10.330191720884137,8.412441810107296,8.782391138333024,True,0.0058313580994848735,0.004387407430389345,-0.04040026664733887,-0.0011709550694524173,specsub,gunshot/0028,gunshot,7176,3.43,1,True,0.013384699821472168,0.003346174955368042
1.5731046199798584,1.6113640069961548,0.9395934780384282,0.9440989231632242,0.844965618617033,0.8617190572670731,9.301704671753981,9.253002780708801,9.229519714625145,9.163843870777594,6.432584283617679,6.680474870124393,True,0.06567584384755065,0.04870189104518019,-0.03825938701629639,-0.004505445124796004,specsub,gunshot/0029,gunshot,61,12.42,1,True,0.012000800110399723,0.0030002000275999308
3.6028668880462646,3.784499168395996,0.999011920596532,0.9993069829815102,0.9935533371960624,0.9973775250079822,24.74272038826948,24.973043613416003,24.690201704694186,25.00366576308543,28.422958428564304,34.2801090108866,True,-0.3134640583912436,-0.23032322514652392,-0.18163228034973145,-0.00029506238497822856,specsub,gunshot/0030,gunshot,4077,-1.14,2,False,0.013802400091663003,0.0034506000229157507
2.861865758895874,2.801285982131958,0.9967001504113819,0.9967419053509738,0.987730176163147,0.9882101385151594,24.66048900543349,24.89685331897228,20.011023502234643,24.937263438799384,14.07228823558636,32.37705211948643,True,-4.926239936564741,-0.23636431353878962,0.060579776763916016,-4.1754939591909235e-05,specsub,gunshot/0031,gunshot,5105,5.14,1,False,0.011783100198954344,0.002945775049738586
3.6683740615844727,3.70805025100708,0.9971936833516238,0.9972075116152871,0.9900670757047225,0.9901157629088955,31.645512297308297,31.684657967499295,31.646337286820355,31.684873803383354,32.84075512859679,33.527254321714,True,-0.03853651656299917,-0.03914567019099735,-0.03967618942260742,-1.3828263663251406e-05,specsub,gunshot/0032,gunshot,2300,5.47,1,False,0.010477099800482392,0.002619274950120598
3.3044931888580322,3.3162176609039307,0.9844741445010602,0.9844728162257828,0.9840618251874215,0.9840611439832099,29.81558623696052,29.815673339509836,29.81683291513388,29.816888651381678,32.45805727636603,32.45788592104724,True,-5.5736247798421346e-05,-8.710254931543204e-05,-0.011724472045898438,1.3282752774346207e-06,specsub,gunshot/0033,gunshot,1995,1.91,3,False,0.012298499932512641,0.0030746249831281602
2.913911819458008,2.9979519844055176,0.9721297794920374,0.9720718278462086,0.9620302250317444,0.9627006425733492,23.837136857393073,23.868667955807364,23.83893160000005,23.867812350005938,29.98479817964953,31.359621355634456,True,-0.02888075000588941,-0.03153109841429114,-0.08404016494750977,5.7951645828779874e-05,specsub,gunshot/0034,gunshot,6930,-2.63,4,False,0.011130099883303046,0.0027825249708257616
3.796727180480957,3.813833236694336,0.9809857817942554,0.9809855905355719,0.9766285668436923,0.9766605760630884,27.40752287230127,27.408547444285603,27.408098728494615,27.409013909207978,33.05585677127405,33.087946597416405,True,-0.0009151807133633838,-0.0010245719843311463,-0.017106056213378906,1.912586835572938e-07,specsub,gunshot/0035,gunshot,7021,9.1,2,False,0.011561800027266145,0.002890450006816536
2.146312952041626,2.151745319366455,0.9537987149884225,0.9536359020016125,0.8626267124654021,0.8597532151377031,12.845875058110312,12.663889184934305,12.803766478645361,12.57529148808677,9.886475627713319,9.616123192212923,True,0.22847499055859188,0.18198587317600712,-0.0054323673248291016,0.00016281298680997924,specsub,gunshot/0036,gunshot,7176,0.77,1,True,0.012689600000157952,0.003172400000039488
1.7872750759124756,1.7918202877044678,0.9517336740828545,0.9546680656083038,0.917505029464996,0.9223325549770376,13.937589066227506,13.886980617118347,13.938558038049463,13.877623938834684,12.921906014409947,12.95586824738309,True,0.060934099214778215,0.05060844910915918,-0.0045452117919921875,-0.002934391525449276,specsub,gunshot/0037,gunshot,1221,-0.94,2,True,0.009928800165653229,0.002482200041413307
1.5730805397033691,1.6046476364135742,0.6429012578429238,0.6501305161483576,0.5992842261066649,0.6116905841175293,6.547746973607753,6.483545377076975,6.531417513866047,6.4301264358287735,4.104417576696933,3.5187827993736396,True,0.10129107803727333,0.0642015965307774,-0.03156709671020508,-0.00722925830543375,specsub,gunshot/0038,gunshot,1188,-3.9,2,True,0.011060799937695265,0.002765199984423816
2.5984814167022705,2.6224205493927,0.9960552297673577,0.9960554949830396,0.9933299873623165,0.9933303592291284,15.268972027734728,15.268964200950151,15.266297264664086,15.266292030906047,33.22104557942805,33.22104063622742,True,5.233758038514225e-06,7.82678457689201e-06,-0.023939132690429688,-2.6521568186055333e-07,specsub,gunshot/0039,gunshot,1995,-1.6,1,False,0.00982119981199503,0.0024552999529987574
1.5184595584869385,1.4958078861236572,0.9612622875903718,0.9611775446532674,0.8596798264382106,0.8592126209173035,11.412565072507048,11.384130464874804,11.427731737446305,11.394962114250305,10.585520849680485,10.408361098431135,True,0.03276962319599974,0.028434607632243925,0.02265167236328125,8.474293710436509e-05,specsub,artillery/0000,artillery,5142,-1.34,3,True,0.012017899891361594,0.0030044749728403986
3.239513635635376,3.522458076477051,0.9526015081558588,0.9546245609070334,0.9412786842128081,0.945773168097834,24.442023870494054,26.433743555467085,24.451464793383842,26.435414299350704,25.36142494751632,31.936787044800926,True,-1.9839495059668621,-1.991719684973031,-0.2829444408416748,-0.0020230527511746477,specsub,artillery/0001,artillery,61,14.31,1,False,0.012305200099945068,0.003076300024986267
2.74446439743042,2.640202760696411,0.9861154951424703,0.9861622260325548,0.9580754733023062,0.9585078058750428,15.770108427162127,15.774632525101975,15.771065381788416,15.773335308387972,28.243641371084173,30.535479848986064,True,-0.002269926599556271,-0.004524097939848204,0.10426163673400879,-4.673089008444542e-05,specsub,artillery/0002,artillery,8463,11.2,1,False,0.010844900039955974,0.0027112250099889934
1.8515217304229736,1.8417468070983887,0.9438422271900319,0.9438138792491091,0.9112834030506896,0.9115808364358192,16.15787561944401,16.04117407345299,16.106093740091787,15.975038129140565,13.432874175883192,13.000182334370848,True,0.13105561095122198,0.11670154599102034,0.009774923324584961,2.8347940922768267e-05,specsub,artillery/0003,artillery,3570,10.35,1,True,0.009955500019714236,0.002488875004928559
1.9559030532836914,1.9858102798461914,0.978013270300569,0.9780144844325018,0.9624440619035125,0.9624688140305595,13.865836216526503,13.866019047049969,13.859252632170167,13.859238553394267,27.507168620858838,27.900968262567577,True,1.4078775899761808e-05,-0.0001828305234656824,-0.0299072265625,-1.2141319328806688e-06,specsub,artillery/0004,artillery,3570,6.43,2,False,0.012693600030615926,0.0031734000076539814
1.554800271987915,1.5547269582748413,0.9455200391951721,0.9455205544985449,0.8503358800888005,0.8503357255433361,9.623972903847118,9.611813912458368,9.618555890230251,9.607414558494712,7.879863389145839,7.833085838336332,True,0.011141331735538884,0.012158991388750096,7.331371307373047e-05,-5.153033727500755e-07,specsub,artillery/0005,artillery,7127,8.98,2,True,0.012328000040724874,0.0030820000101812184
2.6835806369781494,2.744131565093994,0.9910718629213772,0.9910847931063335,0.977819714821715,0.978004153800134,14.757744497043461,14.757554679570175,14.727188526915766,14.726509876976985,31.235414055100744,32.781950732732255,True,0.000678649938780751,0.00018981747328616905,-0.06055092811584473,-1.293018495629461e-05,specsub,artillery/0006,artillery,3575,2.99,1,False,0.014202299993485212,0.003550574998371303
2.3656821250915527,2.348884105682373,0.9784863259494455,0.9784549076103608,0.9242072096106451,0.9242136331674867,14.354530309286632,14.29722550530933,14.357494667382502,14.29424721695722,11.17921448896028,11.202739702627024,True,0.06324745042528157,0.057304803977302754,0.016798019409179688,3.1418339084710034e-05,specsub,artillery/0007,artillery,8463,0.05,1,True,0.010682199848815799,0.0026705499622039497
1.3362685441970825,1.3254265785217285,0.935616328188869,0.9351461212679377,0.8041355308552969,0.8033786365067889,7.254498269823807,7.184281673433738,7.285577264043972,7.193796039177994,5.99653205298787,5.654519757238873,True,0.0917812248659784,0.07021659639006916,0.010841965675354004,0.0004702069209312487,specsub,artillery/0008,artillery,1995,14.31,1,True,0.011926400009542704,0.002981600002385676
1.7509005069732666,1.737135648727417,0.9437258139680904,0.9436018488933542,0.8658142279225808,0.8632820154851824,12.608515367460127,12.572762545610436,12.636548282854745,12.5927479771632,12.308372664071126,12.211486541578623,True,0.043800305691545915,0.035752821849690974,0.01376485824584961,0.00012396507473622087,specsub,artillery/0009,artillery,8463,11.34,2,True,0.0180697999894619,0.004517449997365475
1.3621100187301636,1.4030582904815674,0.891794894528268,0.8918866626657266,0.8103402780795524,0.8097903929472584,5.676530552180167,5.676839251410658,5.715191938662507,5.712409317840281,7.32185007002248,8.274776079443532,True,0.002782620822225468,-0.0003086992304908165,-0.04094827175140381,-9.176813745859214e-05,specsub,artillery/0010,artillery,3729,0.2,2,True,0.014330399921163917,0.003582599980290979
1.8102233409881592,1.938246488571167,0.9174893218245163,0.9199024714989409,0.8441827190999309,0.8483842729562489,6.693812383516978,6.727625381836914,6.741617437402047,6.739790978664571,13.557625715360164,22.683108488164834,True,0.001826458737475889,-0.03381299831993623,-0.1280231475830078,-0.0024131496744246306,specsub,artillery/0011,artillery,61,6.51,3,False,0.010615000035613775,0.002653750008903444
3.540766716003418,3.6788511276245117,0.9475860046111594,0.9476684815153461,0.923662740752836,0.9239654302034105,17.54690206864657,17.544970910411116,17.550969839039,17.54649439198439,27.65691728211748,30.57205535721678,True,0.00447544705460956,0.001931158235453978,-0.13808441162109375,-8.247690418672349e-05,specsub,artillery/0012,artillery,1320,10.67,1,False,0.010339700151234865,0.0025849250378087163
2.4907326698303223,2.671621799468994,0.9715153553068465,0.9715478002507233,0.9423238122765492,0.9428033010822938,9.04268307010643,9.04347413086578,9.034225686320298,9.03330672193524,24.969253513577236,27.75745451545966,True,0.0009189643850575635,-0.0007910607593508701,-0.18088912963867188,-3.244494387677488e-05,specsub,artillery/0013,artillery,7176,9.2,2,False,0.012222999939695,0.00305574998492375
4.095343112945557,4.212928295135498,0.9979086876195017,0.9999999999981743,0.9910940622958657,0.9999999998646354,27.783130781405646,31.996702265758493,27.786536516933957,31.996988356274024,23.520651403298448,34.68149434307514,True,-4.210451839340067,-4.213571484352848,-0.1175851821899414,-0.0020913123786726606,specsub,artillery/0014,artillery,1221,7.03,1,False,0.013898000121116638,0.0034745000302791595
1.0687614679336548,1.071121096611023,0.7074251638382496,0.7096617583080232,0.5122193698791142,0.5115238422143792,-6.037476862620035,-6.042669880586184,-6.376933806354299,-6.458306175109466,-4.8019998245105935,-4.860234720111669,True,0.08137236875516685,0.005193017966148794,-0.002359628677368164,-0.002236594469773645,specsub,artillery/0015,artillery,3570,-1.42,3,True,0.02720210002735257,0.006800525006838143
1.3408957719802856,1.3433012962341309,0.7773495075706027,0.777119526231093,0.617588223108246,0.6189616798757059,4.125110390392677,4.1283752712774255,4.189775525478793,4.18061755566384,2.7487496645978124,2.876270360232661,True,0.009157969814952871,-0.0032648808847488553,-0.002405524253845215,0.00022998133950968835,specsub,artillery/0016,artillery,672,-1.54,1,True,0.015129799954593182,0.0037824499886482954
1.3986501693725586,1.3871972560882568,0.9335816797984552,0.9335875921186497,0.8658443775229366,0.8658044453721391,7.336373833381591,7.3343586589140415,7.1163778629137,7.112216510431434,14.502954903294759,14.352034965321506,True,0.004161352482265457,0.0020151744675498406,0.011452913284301758,-5.9123201945343595e-06,specsub,artillery/0017,artillery,1995,12.89,2,True,0.012758099939674139,0.0031895249849185348
1.1115056276321411,1.1226747035980225,0.7977031980195458,0.7983485978229912,0.6519177083031419,0.6536598828977006,2.580657947237567,2.5835746612264416,2.6549809612140622,2.629552972343342,4.942643700154174,4.863092530267289,True,0.025427988870720064,-0.0029167139888746085,-0.011169075965881348,-0.0006453998034453567,specsub,artillery/0018,artillery,6930,8.83,3,True,0.01291649998165667,0.0032291249954141676
3.872891664505005,3.8816487789154053,0.9958875228768228,0.9958876624175725,0.9920312972609976,0.9920318018746727,25.0207870298051,25.020966021134456,25.017871515538225,25.01814204829827,32.92469130445604,32.924818385387276,True,-0.0002705327600445173,-0.00017899132935639273,-0.00875711441040039,-1.3954074973288044e-07,specsub,artillery/0019,artillery,4970,7.64,1,False,0.010540800169110298,0.0026352000422775745
1.0746647119522095,1.0726245641708374,0.7566954805836204,0.7558202779173321,0.6788942072829944,0.6763762533753305,-5.025405539878534,-5.0041682594618395,-5.105585509789725,-5.112909523310848,5.472929480898095,5.0897386387088375,True,0.00732401352112344,-0.021237280416694482,0.0020401477813720703,0.0008752026662882662,specsub,artillery/0020,artillery,5105,7.21,3,True,0.008386600064113736,0.002096650016028434
3.702094078063965,3.762181282043457,0.9851182277224919,0.9851262369589641,0.969137198105282,0.9692513761121107,23.428272444769597,23.426960906759568,23.430699820698628,23.4285058035333,29.55281209809231,31.912886404331427,True,0.0021940171653263008,0.001311538010028812,-0.06008720397949219,-8.009236472150683e-06,specsub,artillery/0021,artillery,8230,3.57,2,False,0.012364800088107586,0.0030912000220268965
2.4807486534118652,2.708359479904175,0.8990447241109863,0.8997028505688128,0.8358433939045466,0.8381417807513002,8.65567250908683,8.655026145574437,8.574163782039134,8.555498300950177,21.015019161332166,25.441792004416662,True,0.018665481088957492,0.0006463635123932221,-0.22761082649230957,-0.00065812645782648,specsub,artillery/0022,artillery,908,2.31,4,False,0.010441799880936742,0.0026104499702341855
2.466782569885254,2.2987170219421387,0.9882201129074779,0.988238627919491,0.9491795232972937,0.9493623714807948,18.260661294868655,18.25886124040508,18.24077681023432,18.23677880252735,26.4411676151965,30.790678522787253,True,0.003998007706968565,0.0018000544635761173,0.16806554794311523,-1.8515012013109455e-05,specsub,artillery/0023,artillery,1284,-0.07,1,False,0.013780700042843819,0.0034451750107109547
1.5599855184555054,1.5654195547103882,0.8759651118183792,0.8774031218732643,0.7676065634301751,0.7731925444709309,6.350080644758538,6.3497631290322545,6.372545554008809,6.364890868158274,10.637144667532041,10.673723507395186,True,0.007654685850535081,0.0003175157262838013,-0.0054340362548828125,-0.001438010054885086,specsub,artillery/0024,artillery,4077,0.21,2,True,0.012026499956846237,0.0030066249892115593
3.1006526947021484,3.1438937187194824,0.9760857786678709,0.976085742941298,0.9759532326040367,0.9760433466199568,20.798009448738757,20.799138086695343,20.79691233939665,20.797772577793058,32.78378296209432,33.452147788095374,True,-0.000860238396409585,-0.0011286379565866866,-0.043241024017333984,3.5726572922278876e-08,specsub,artillery/0025,artillery,5639,-3.31,1,False,0.017055599950253963,0.004263899987563491
1.1729016304016113,1.1974414587020874,0.8280460086429241,0.8290441138858492,0.738583270158113,0.7378709975240131,-1.571069609337564,-1.544462728591949,-1.4686080251146982,-1.5173403156576186,5.2843113877789625,4.805011751282054,True,0.04873229054292039,-0.026606880745615014,-0.024539828300476074,-0.0009981052429250958,specsub,artillery/0026,artillery,8230,-2.5,3,True,0.012346100062131882,0.0030865250155329704
1.5149800777435303,1.4701931476593018,0.9231049455264635,0.9231508046330641,0.8959184644691589,0.8961302064315755,0.6153239078099408,0.618397925147431,0.5721215816765415,0.5720076050013343,22.80263111159852,24.455842225820216,True,0.00011397667520718358,-0.0030740173374901314,0.044786930084228516,-4.5859106600598665e-05,specsub,artillery/0027,artillery,1284,6.61,1,True,0.01088669989258051,0.0027216749731451273
3.7466208934783936,3.8151824474334717,0.9705033746077565,0.9703871467024997,0.9621559264525973,0.962107752421536,29.70069673636376,29.735825840346255,29.701705989649273,29.736229670022656,31.31557412527625,32.81937571547339,True,-0.034523680373382604,-0.035129103982495025,-0.06856155395507812,0.00011622790525678273,specsub,artillery/0028,artillery,237,13.02,1,False,0.012097100028768182,0.0030242750071920455
1.5173108577728271,1.4538698196411133,0.9134866369085862,0.9104263722254483,0.8348677791278707,0.8267608381476866,10.350746869445015,10.005324771271027,10.593992372584523,10.190809557160616,8.511258489454905,7.961262746199835,True,0.4031828154239072,0.3454220981739873,0.06344103813171387,0.0030602646831379143,specsub,artillery/0029,artillery,1320,4.62,1,True,0.010212099878117442,0.0025530249695293605
3.4861738681793213,3.5065927505493164,0.983946613063254,0.9839461804558133,0.9745793181694798,0.9746630552128188,22.512647346121348,22.51745890404312,22.515235384739153,22.519524595227082,31.62446170308368,33.68763640511914,True,-0.004289210487929296,-0.004811557921772902,-0.020418882369995117,4.3260744075901414e-07,specsub,artillery/0030,artillery,3575,4.21,1,False,0.01048850012011826,0.002622125030029565
4.299891471862793,4.347370624542236,0.999994945480824,0.9999995948937619,0.9999377716492924,0.9999895754307384,29.696326082465646,29.72951312027253,29.696293060675846,29.72868475808109,33.49161001518947,34.71393965987072,True,-0.03239169740524517,-0.03318703780688281,-0.04747915267944336,-4.649412937873798e-06,specsub,artillery/0031,artillery,4992,11.56,1,False,0.010886600008234382,0.0027216500020585954
1.2461676597595215,1.2540524005889893,0.8319489289616717,0.8316634363152334,0.684902622838003,0.68564218595991,1.3211285011023313,1.3217618946806056,1.3670013451907788,1.3586973363377126,4.708249471327883,4.58304904737581,True,0.008304008853066147,-0.0006333935782742994,-0.007884740829467773,0.0002854926464382901,specsub,artillery/0032,artillery,2961,1.02,1,True,0.010062600020319223,0.002515650005079806
2.270277738571167,2.2580339908599854,0.963855578202693,0.9640482129869336,0.9092613889119395,0.9098693962003027,10.377315633021823,10.465529178037723,10.452078097122332,10.465948494348993,14.350425123492661,16.01575242595497,True,-0.013870397226661169,-0.08821354501590051,0.01224374771118164,-0.00019263478424058622,specsub,artillery/0033,artillery,61,9.85,3,True,0.010600399924442172,0.002650099981110543
2.6409366130828857,3.065403461456299,0.9773611830015533,0.9774547226349695,0.948221781805774,0.9485848702634252,11.451237238555777,11.520524035566932,11.458168155294713,11.488815947856885,23.83488884806199,30.6008465318667,True,-0.030647792562172427,-0.0692867970111557,-0.4244668483734131,-9.353963341618421e-05,specsub,artillery/0034,artillery,61,3.04,1,False,0.010448100045323372,0.002612025011330843
2.961571216583252,2.990842342376709,0.9944854437838084,0.9946003961134525,0.9657458186510468,0.9660612999813726,19.883156527769998,19.94322167633368,19.882873124689336,19.920075432502,27.209744431574094,30.832052939989342,True,-0.037202307812663094,-0.06006514856368028,-0.02927112579345703,-0.0001149523296440913,specsub,artillery/0035,artillery,3570,7.39,1,False,0.010438600089401007,0.0026096500223502517
1.3514983654022217,1.35262131690979,0.926345135366841,0.9267724010668558,0.8452711742926676,0.8483399124834937,9.591555492523607,9.58671249515711,9.593225929794974,9.58662721568299,9.810850386701569,10.022272092784858,True,0.006598714111984094,0.0048429973664969594,-0.0011229515075683594,-0.00042726570001472286,specsub,artillery/0036,artillery,1580,1.66,3,True,0.012120200088247657,0.003030050022061914
1.108729362487793,1.1067508459091187,0.8219974830446293,0.8218804251677727,0.6606806243426476,0.6601811345502315,-2.1204664255912804,-2.1168160857976597,-2.3542442165317246,-2.356057021009366,4.688962058461887,4.747849062006388,True,0.0018128044776415386,-0.003650339793620727,0.0019785165786743164,0.00011705787685656333,specsub,artillery/0037,artillery,8463,2.13,4,True,0.012621799949556589,0.0031554499873891473
1.3973356485366821,1.3991546630859375,0.905252614543473,0.9057358311461743,0.7155782577200385,0.7147420224976057,2.264241039866642,2.261197736178283,2.3684905048337948,2.3552072340683714,5.502162225906309,5.547406127003421,True,0.01328327076542335,0.0030433036883592557,-0.001819014549255371,-0.0004832166027012308,specsub,artillery/0038,artillery,4077,4.09,2,True,0.012104399967938662,0.0030260999919846654
2.8932011127471924,2.9392755031585693,0.9463437661781195,0.9530110110469103,0.8958469458999315,0.9110434592825523,17.251586075780867,17.285843934018125,17.24758334860955,17.27234456488409,24.86321964943654,31.366148502076303,True,-0.024761216274541198,-0.034257858237257466,-0.04607439041137695,-0.006667244868790778,specsub,artillery/0039,artillery,672,12.71,1,False,0.010073399869725108,0.002518349967431277
1.1152048110961914,1.0949034690856934,0.8694460377215241,0.8643381986058809,0.6758019389206006,0.6598212891983697,5.631142083109207,4.847275127128363,5.684837314549198,4.867922434984063,2.3286731186083562,1.5440976824592183,True,0.8169148795651351,0.7838669559808444,0.020301342010498047,0.005107839115643165,specsub,rotor/0000,rotor,4446,5.34,0,False,0.010367800015956163,0.002591950003989041
1.120622992515564,1.113064169883728,0.8488361425413462,0.8460764116012166,0.6664223208883718,0.6562525346527991,4.709439767886345,4.513514372717359,4.806870861642518,4.58493521022197,3.3317125700707986,2.7578531488039175,True,0.22193565142054794,0.19592539516898633,0.0075588226318359375,0.002759730940129601,specsub,rotor/0001,rotor,237,7.83,0,True,0.011153000174090266,0.0027882500435225666
1.2198837995529175,1.2212241888046265,0.7397822475678513,0.7397967584191633,0.6177365022828281,0.6177930687518118,-7.774484515516198,-7.774369683437944,-7.181011747584086,-7.181034294774422,3.608005297406714,3.680122806367749,True,2.2547190336119627e-05,-0.00011483207825424557,-0.0013403892517089844,-1.4510851311988482e-05,specsub,rotor/0002,rotor,7729,-4.23,0,True,0.010406499961391091,0.002601624990347773
2.049276113510132,2.0808966159820557,0.9263120838898532,0.9263301227356507,0.8868698901003893,0.8871039540537932,-1.5611757952294454,-1.5599488247952595,-1.4936000747414475,-1.493827301340914,21.442634770646954,24.10168503912609,True,0.00022722659946650126,-0.0012269704341858478,-0.03162050247192383,-1.8038845797541114e-05,specsub,rotor/0003,rotor,8455,-1.29,0,False,0.011580699821934104,0.002895174955483526
1.1463103294372559,1.129776954650879,0.8976359387216177,0.8936905149170817,0.6929747378202225,0.6787851641087577,5.640830686534257,5.065408494226156,5.763084926964238,5.121085710970275,2.505715047109994,1.9034655721015599,True,0.6419992159939625,0.5754221923081015,0.016533374786376953,0.003945423804535997,specsub,rotor/0004,rotor,6829,5.46,0,False,0.012229999992996454,0.0030574999982491136
1.0340681076049805,1.0340322256088257,0.7390812410683266,0.7361588147997011,0.440492369468692,0.4327615757683198,-10.345449837951106,-10.528017516096416,-10.08076209636194,-10.430414455498976,-7.094209359699904,-7.513708356811896,True,0.3496523591370355,0.1825676781453094,3.5881996154785156e-05,0.0029224262686254887,specsub,rotor/0005,rotor,4992,3.44,0,True,0.010678099934011698,0.0026695249835029244
1.018208622932434,1.018254041671753,0.7253161625102134,0.7203976936261365,0.4992356485933134,0.4867699168063599,-6.617673934309289,-7.080401322003688,-6.405584493210387,-7.123182021512406,-6.56829950125851,-7.06137300442337,True,0.7175975283020186,0.4627273876943985,-4.5418739318847656e-05,0.0049184688840768764,specsub,rotor/0006,rotor,4992,2.74,0,True,0.014642300084233284,0.003660575021058321
1.0336049795150757,1.030236005783081,0.7241950165828666,0.719052881079604,0.49804328285403143,0.48670501123123944,0.8250972710427045,0.15968808663348547,1.0479970343476768,0.23851937399899736,-2.204822749438301,-2.8283791527707054,True,0.8094776603486794,0.665409184409219,0.003368973731994629,0.00514213550326259,specsub,rotor/0007,rotor,2094,0.24,0,False,0.013336600037291646,0.0033341500093229115
1.0619977712631226,1.0616166591644287,0.7656052181472712,0.7642099323800566,0.4958505737701877,0.4870332189582268,3.6566190429837158,3.564650943062842,3.692067605146152,3.57640961042889,3.640155163931122,3.0194843889428977,True,0.11565799471726201,0.09196809992087385,0.00038111209869384766,0.0013952857672145935,specsub,rotor/0008,rotor,6930,3.64,0,False,0.010901999892666936,0.002725499973166734
1.028845191001892,1.0274473428726196,0.7330113177885204,0.7273380208919111,0.551480891599953,0.5390138353814338,-1.8134954515079138,-1.803773121241056,-1.4187521137373214,-1.676144337853665,-1.6385520155577504,-1.9875127608995335,True,0.25739222411634355,-0.00972233026685787,0.001397848129272461,0.005673296896609226,specsub,rotor/0009,rotor,2300,-1.59,0,False,0.013887099921703339,0.0034717749804258347
1.0541763305664062,1.0569887161254883,0.763472611760331,0.7650141538645743,0.5665275792492201,0.5691068616884621,-10.51920469115123,-10.510252626347896,-9.700611420786503,-9.701824843816196,0.055679075359429134,0.006490169940559099,True,0.0012134230296929616,-0.008952064803334991,-0.0028123855590820312,-0.0015415421042432875,specsub,rotor/0010,rotor,4077,-1.18,0,True,0.013293900061398745,0.003323475015349686
1.380706548690796,1.3474161624908447,0.8883285032742456,0.8834293378666497,0.7561931877300895,0.7440898165904049,6.13298331144414,5.13962163823133,6.102986692384031,5.058915201605171,4.012005386931832,3.090364278385098,True,1.04407149077886,0.9933616732128101,0.03329038619995117,0.00489916540759594,specsub,rotor/0011,rotor,7127,9.02,0,True,0.010876300046220422,0.0027190750115551054
1.6077648401260376,1.6055223941802979,0.9106981732628219,0.9070750765604321,0.6904910322748984,0.6815952190317408,11.011382761475266,10.585268559774342,11.045083767083398,10.594319969758832,3.394312554361115,2.9367863056317196,True,0.45076379732456573,0.4261142017009245,0.002242445945739746,0.0036230967023898053,specsub,rotor/0012,rotor,2961,10.63,0,False,0.010329300072044134,0.0025823250180110335
1.0492392778396606,1.0459495782852173,0.746027704558864,0.7448403917752912,0.48442145943966625,0.47254302618510324,0.7468570038448012,0.2661575270358932,1.0974555842278853,0.41342694239260763,-1.620777328572316,-2.2273771724959777,True,0.6840286418352777,0.48069947680890807,0.0032896995544433594,0.0011873127835728692,specsub,rotor/0013,rotor,2300,9.94,0,True,0.012253699824213982,0.0030634249560534954
1.1858662366867065,1.183483600616455,0.8824392165732616,0.8817133012959656,0.6684857425893693,0.6647821113333539,6.30720926535543,6.070581750802063,6.384622208690413,6.064782516304005,4.865620417575726,4.532874527244162,True,0.31983969238640775,0.2366275145533674,0.002382636070251465,0.0007259152772960409,specsub,rotor/0014,rotor,7729,11.31,0,True,0.011632800102233887,0.0029082000255584717
1.421127438545227,1.3997846841812134,0.836468925820771,0.8321938704482099,0.6342766562992179,0.626013995592972,4.014460551290205,3.4469617723534074,3.997895388437325,3.3993442717817137,-0.524545698306165,-1.1281000369672565,True,0.5985511166556114,0.5674987789367978,0.021342754364013672,0.004275055372561121,specsub,rotor/0015,rotor,3729,8.32,0,True,0.01169539988040924,0.00292384997010231
1.15376615524292,1.142737865447998,0.7920622341079037,0.7896409002951456,0.5514962082340226,0.546897238443255,2.6228375162142843,2.118087149600221,2.634454631630376,2.0929749109311673,-1.3737651827944422,-1.982358802292735,True,0.5414797206992086,0.5047503666140631,0.011028289794921875,0.0024213338127581086,specsub,rotor/0016,rotor,908,8.63,0,True,0.010402599815279245,0.0026006499538198113
1.0680696964263916,1.067007064819336,0.5982501872449429,0.5916014996556545,0.3728781196743844,0.36458614170242676,-5.5612648581035,-6.4791166617042,-5.489621772967275,-6.572613434075821,-6.794747740035559,-7.454064255836807,True,1.0829916611085464,0.9178518036007004,0.001062631607055664,0.006648687589288493,specsub,rotor/0017,rotor,3729,2.63,0,True,0.014118700055405498,0.0035296750138513744
1.060084342956543,1.0585259199142456,0.6011082790417804,0.6019916398462659,0.31457322275204097,0.3014833856353219,-5.180568692858218,-6.068854213639455,-5.081712074026841,-6.1300292977304505,-6.986053220245329,-7.44027742372873,True,1.0483172237036094,0.8882855207812375,0.0015584230422973633,-0.0008833608044854779,specsub,rotor/0018,rotor,5639,6.94,0,True,0.012020299909636378,0.0030050749774090946
1.3008520603179932,1.3008520603179932,0.8645898668407191,0.8645898668407191,0.7550126186065481,0.7550126186065482,-2.5018097616391755,-2.5018097616391755,-2.6882901091125038,-2.6882901091125038,16.500107539181602,16.500107539181602,True,0.0,0.0,0.0,0.0,specsub,rotor/0019,rotor,2300,-2.31,0,False,0.010118599981069565,0.002529649995267391
1.0430235862731934,1.043225646018982,0.7315641907508288,0.7285277971020403,0.430873092319396,0.4228757547451662,-8.515494173936126,-8.610570411917225,-8.478762180248939,-8.739368516040638,-7.566857222304028,-7.745475937403302,True,0.26060633579169945,0.09507623798109854,-0.00020205974578857422,0.0030363936487884935,specsub,rotor/0020,rotor,121,-1.13,0,True,0.012327200034633279,0.0030818000086583197
1.053951621055603,1.0505588054656982,0.7044365787494526,0.6991873056134124,0.48972392117552416,0.47966433335293807,-8.351122807312128,-8.987647702624786,-7.885452691056266,-8.646693960846873,-7.522332720994881,-7.993226097583613,True,0.7612412697906068,0.6365248953126574,0.003392815589904785,0.005249273136040289,specsub,rotor/0021,rotor,908,4.25,0,True,0.013182200025767088,0.003295550006441772
1.5128728151321411,1.5535838603973389,0.9110337224837616,0.9115636640538656,0.7964170739829585,0.7972784371039012,3.34476029247884,3.343736233500532,3.3610657046953456,3.3563065803997363,15.212652380421213,18.22767803978323,True,0.004759124295609318,0.001024058978308151,-0.040711045265197754,-0.0005299415701039978,specsub,rotor/0022,rotor,7176,3.89,0,False,0.01223660004325211,0.0030591500108130276
2.1540920734405518,2.128204345703125,0.8595343900418904,0.8570118923642944,0.7282583337843409,0.719135082516523,13.449994139243444,12.948186889326621,13.499850545329428,12.975524792641377,7.344590150633137,6.768189269650383,True,0.5243257526880516,0.5018072499168227,0.025887727737426758,0.0025224976775959362,specsub,rotor/0023,rotor,7127,12.98,0,False,0.013442100025713444,0.003360525006428361
1.4588372707366943,1.4120486974716187,0.9230246730634876,0.918519579174187,0.8314093917275179,0.8229144823385248,11.442865918791425,10.858672888817738,11.49193459493567,10.8667871298198,7.931735778727314,7.319888115458585,True,0.6251474651158695,0.5841930299736866,0.046788573265075684,0.004505093889300538,specsub,rotor/0024,rotor,3575,10.89,0,False,0.012955399928614497,0.0032388499821536243
1.3323628902435303,1.313738465309143,0.891827916603076,0.8886816958451328,0.612954597026455,0.6060887146186568,10.80388709354721,10.0514088545997,10.839060970423017,10.060862761569538,4.15536151595992,3.4836525801230263,True,0.7781982088534782,0.7524782389475106,0.018624424934387207,0.003146220757943241,specsub,rotor/0025,rotor,2961,10.41,0,False,0.010627300012856722,0.0026568250032141805
1.0264160633087158,1.0266023874282837,0.5926867681563031,0.5901085442426108,0.35395911131749724,0.34493692657154545,-18.34009587845534,-18.449834081590645,-18.058277954028124,-18.440715599753666,-9.749029786007526,-9.827832276413305,True,0.38243764572554184,0.10973820313530425,-0.0001863241195678711,0.0025782239136922236,specsub,rotor/0026,rotor,8455,2.38,0,True,0.012259799987077713,0.0030649499967694283
1.0436805486679077,1.0419306755065918,0.6445499139712205,0.6401752590308376,0.42135151773043134,0.4121032383931518,-4.106424442093204,-4.479079335997495,-3.252203054459668,-3.8142243823068784,-4.762672472341046,-5.259946170107037,True,0.5620213278472104,0.37265489390429085,0.001749873161315918,0.004374654940382916,specsub,rotor/0027,rotor,1221,4.84,0,True,0.011075699934735894,0.0027689249836839736
1.0628206729888916,1.0604698657989502,0.6438137373445978,0.6412267301302487,0.3519228004914668,0.3449165567570018,-6.1046912947639855,-6.617500035563779,-5.773451399611,-6.506750438574024,-6.938466196095919,-7.331043572523291,True,0.7332990389630236,0.5128087407997937,0.0023508071899414062,0.002587007214349124,specsub,rotor/0028,rotor,2830,4.79,0,True,0.014258800074458122,0.0035647000186145306
1.4084982872009277,1.377245545387268,0.7831123220845573,0.780637654694878,0.6137843232135382,0.6051172435407278,5.158503867409462,5.014296576510834,5.248642556871948,5.018239700319088,3.4249414279850448,2.8478507950365795,True,0.23040285655285953,0.1442072908986285,0.03125274181365967,0.002474667389679275,specsub,rotor/0029,rotor,61,5.02,0,False,0.012156100012362003,0.003039025003090501
1.0145153999328613,1.0145018100738525,0.4697724733024396,0.4681069176314138,0.2886379880529465,0.2780354506456013,-11.512619482980298,-12.232659452721297,-9.720377987127065,-10.804424182778511,-8.634225780180728,-9.133607314457217,True,1.084046195651446,0.7200399697409985,1.3589859008789062e-05,0.0016655556710257757,specsub,rotor/0030,rotor,2830,-2.75,0,True,0.010517199989408255,0.0026292999973520637
1.8478262424468994,1.8288044929504395,0.9518884475418616,0.9518947327183986,0.9198635292198958,0.9198992705509298,-4.6519598167573895,-4.651553662579536,-4.6545861338146635,-4.654624477740713,24.28363351724805,25.378605411947394,True,3.834392604940007e-05,-0.0004061541778535016,0.01902174949645996,-6.285176537002002e-06,specsub,rotor/0031,rotor,237,-3.97,0,False,0.010773200076073408,0.002693300019018352
1.1081268787384033,1.0990262031555176,0.8921351533830842,0.8914101951078033,0.7486355330654152,0.7442232135380658,6.301223401924049,6.101361514379672,6.346271328910831,6.117906482104222,6.635124919016655,5.965884066056363,True,0.22836484680660885,0.19986188754437695,0.009100675582885742,0.0007249582752809625,specsub,rotor/0032,rotor,4992,6.7,0,False,0.011829599970951676,0.002957399992737919
1.8696272373199463,1.8000190258026123,0.9449132935176774,0.9425652559895025,0.880841372912978,0.8756225740691046,14.188069039376106,13.68573654188065,14.219306720270211,13.678107492198466,10.11644837203937,9.552692611961426,True,0.5411992280717453,0.5023324974954573,0.06960821151733398,0.0023480375281749177,specsub,rotor/0033,rotor,3575,13.7,0,False,0.011509599862620234,0.0028773999656550586
1.6092339754104614,1.5326902866363525,0.9149951142176709,0.9111512177585248,0.774689896959966,0.7636541089053593,11.514222446427514,10.945575418907511,11.496000349272775,10.903713631189548,6.10351526444733,5.557671011469405,True,0.5922867180832263,0.5686470275200026,0.07654368877410889,0.003843896459146068,specsub,rotor/0034,rotor,4507,11.53,0,False,0.012151299975812435,0.003037824993953109
1.585085153579712,1.5560624599456787,0.9125103492131553,0.9106974089948022,0.7317475101118913,0.7204381931499951,6.5502158862304105,5.837981065681639,6.598760252423932,5.875348345404849,1.207663396748101,0.45872887032789916,True,0.7234119070190825,0.7122348205487716,0.029022693634033203,0.0018129402183530985,specsub,rotor/0035,rotor,8463,8.3,0,True,0.014056999934837222,0.0035142499837093055
1.0604710578918457,1.0566751956939697,0.7138209558140245,0.7124866324221408,0.520094177222033,0.5112449216207097,-4.075724617947259,-4.194018468526324,-3.9877976862010156,-4.210464980972906,-4.348510482223982,-4.627584704786041,True,0.22266729477188996,0.11829385057906538,0.0037958621978759766,0.0013343233918836628,specsub,rotor/0036,rotor,237,-3.48,0,False,0.01426490000449121,0.0035662250011228025
1.1565673351287842,1.16263747215271,0.539447946526331,0.5394419448537838,0.25360091996309075,0.24909819133607602,-6.06782397852032,-6.525314559609608,-5.711787053102,-6.393453926140839,-6.833326482115918,-7.24632217651795,True,0.6816668730388384,0.45749058108928864,-0.006070137023925781,6.001672547162329e-06,specsub,rotor/0037,rotor,1188,5.82,0,True,0.011114199878647923,0.002778549969661981
1.135140061378479,1.1276427507400513,0.8188975422640635,0.8159885270298407,0.6538745303605463,0.6461617930390716,0.8486607104675254,0.4747864846685476,0.8689821111503686,0.43017109162387296,-1.9480170300255037,-2.478876787270066,True,0.43881101952649565,0.37387422579897783,0.007497310638427734,0.0029090152342228226,specsub,rotor/0038,rotor,1284,2.3,0,True,0.011831399984657764,0.002957849996164441
1.3369641304016113,1.3179563283920288,0.8209515259758822,0.8172314737755257,0.6269166962932712,0.6184529784671893,7.97011629772256,7.490000615252729,8.073210460314623,7.516585655001369,3.1158580032979306,2.571379398585055,True,0.5566248053132545,0.4801156824698314,0.01900780200958252,0.0037200522003564274,specsub,rotor/0039,rotor,61,7.52,0,False,0.011514300014823675,0.002878575003705919
1.4671794176101685,1.3730735778808594,0.9617669187514631,0.9606057150718232,0.7922939576188041,0.7854734755685203,13.587006420297442,13.230548834309184,13.593167269946925,13.225648878914676,11.539207876660988,10.704125249919294,True,0.3675183910322488,0.3564575859882577,0.09410583972930908,0.0011612036796398995,specsub,engine/0000,engine,121,14.19,0,False,0.012509699910879135,0.0031274249777197838
1.103261947631836,1.095259189605713,0.7384694131699281,0.737796394000406,0.48860245273544994,0.4822132456055894,2.1313734119016052,1.9399353640755224,2.109419507738894,1.8316227960346068,0.6733337621330623,0.29555623701937866,True,0.2777967117042872,0.19143804782608287,0.008002758026123047,0.0006730191695221155,specsub,engine/0001,engine,121,10.16,0,True,0.010887600015848875,0.0027219000039622188
1.3073773384094238,1.311739206314087,0.9801722892217098,0.9799709761352026,0.9332246637528967,0.9320003883519142,8.61456547729441,8.009533144336364,8.645668429317428,8.031502256769512,5.946274534940352,4.8967926065872955,True,0.6141661725479164,0.6050323329580447,-0.004361867904663086,0.00020131308650728208,specsub,engine/0002,engine,237,9.4,0,False,0.01387219992466271,0.0034680499811656773
1.4431926012039185,1.4404712915420532,0.9255485576718222,0.9252722802306206,0.8338072914561521,0.8323229237089375,9.431611343993522,8.833625081101966,9.457055084000142,8.823970491937757,5.52787899449507,4.670941063485915,True,0.6330845920623851,0.5979862628915562,0.0027213096618652344,0.00027627744120162223,specsub,engine/0003,engine,1089,9.26,0,False,0.010591699974611402,0.0026479249936528504
1.5292484760284424,1.520149827003479,0.9595270810969388,0.9597462842809391,0.8730749732858305,0.8722510121210117,10.171473841226293,9.695088761199258,10.164667661272851,9.627932329730365,7.261616967265054,6.5974244978341625,True,0.5367353315424861,0.4763850800270344,0.009098649024963379,-0.00021920318400026062,specsub,engine/0004,engine,7176,10.06,0,False,0.012307900004088879,0.0030769750010222197
1.0542232990264893,1.0488035678863525,0.5662657684466745,0.5677346736982781,0.3076529653677597,0.3035990362967474,-9.230543283426154,-9.184906573930405,-9.013590613501329,-9.053169707180796,-5.046046947913337,-5.251723265833923,True,0.03957909367946755,-0.04563670949574927,0.005419731140136719,-0.0014689052516035916,specsub,engine/0005,engine,2830,-0.06,0,True,0.01293299999088049,0.0032332499977201223
1.1305772066116333,1.1245598793029785,0.8379636581384967,0.835715892906551,0.6429859450204697,0.6350525883452192,1.567320291672066,1.3534911761171997,1.625044411973489,1.3636377824119155,1.5071250998594399,0.8853911455130018,True,0.26140662956157357,0.2138291155548664,0.006017327308654785,0.0022477652319456976,specsub,engine/0006,engine,4970,2.12,0,False,0.011411000043153763,0.0028527500107884407
1.0219122171401978,1.0229339599609375,0.49843268620044184,0.4962352706289785,0.261587351485532,0.2544478298130861,-13.032993597602772,-12.98128592962772,-13.100868239917403,-13.131426266054449,-6.223543314463777,-6.698818707964025,True,0.030558026137045502,-0.05170766797505166,-0.001021742820739746,0.002197415571463357,specsub,engine/0007,engine,1580,-4.63,0,True,0.013584100175648928,0.003396025043912232
1.4485105276107788,1.4003159999847412,0.9108221131478619,0.9061763923216762,0.7847249233855939,0.7720391727923235,4.340610677603215,3.045832920689955,4.354992048413201,3.0380936665996594,0.11860909858079711,-1.3665845263710912,True,1.3168983818135414,1.2947777569132604,0.0481945276260376,0.00464572082618564,specsub,engine/0008,engine,3729,3.32,0,False,0.010760400211438537,0.002690100052859634
1.0557276010513306,1.0513532161712646,0.6576026346942436,0.6570499480615041,0.42761481183271804,0.4148396930757086,2.9384093886722864,2.5781192320118738,2.991854129899493,2.5616058252294054,1.5352137498167744,0.7089687563629427,True,0.43024830467008757,0.36029015666041264,0.004374384880065918,0.0005526866327395519,specsub,engine/0009,engine,6930,2.59,0,False,0.01159360003657639,0.0028984000091440976
1.7489745616912842,1.6262786388397217,0.9684672878424087,0.9679626154415155,0.8630750549157766,0.8568927544175581,13.928180711692447,13.566472717320684,13.928477159294733,13.54904658017096,11.768916290330814,11.069049975711051,True,0.3794305791237722,0.3617079943717627,0.1226959228515625,0.0005046724008931358,specsub,engine/0010,engine,121,13.82,0,False,0.01149279996752739,0.0028731999918818474
1.0654501914978027,1.0413355827331543,0.5827273911272683,0.5815366748408687,0.3547693679164571,0.34791983126645315,-1.937891758774416,-2.0564985979067356,-1.6212413654544668,-2.000338340669253,-1.7520517586586397,-2.351293104361177,True,0.37909697521478614,0.11860683913231962,0.024114608764648438,0.0011907162863996623,specsub,engine/0011,engine,2300,2.07,0,True,0.012397999875247478,0.0030994999688118696
1.0611426830291748,1.0552332401275635,0.7248328946566615,0.7226264975648953,0.5104681953371248,0.5040492853283075,2.345957965713043,1.8811228748933089,2.479576253073223,1.92379395870721,-0.6880901433847116,-1.248702783434206,True,0.5557822943660131,0.4648350908197343,0.005909442901611328,0.002206397091766177,specsub,engine/0012,engine,4992,9.03,0,True,0.016014100052416325,0.004003525013104081
1.0766887664794922,1.0716160535812378,0.7037288386891412,0.7073135410895569,0.49032850301676295,0.4898074078388405,1.7744371184175334,1.6759120797832479,1.9238269411111288,1.718369592269775,2.3598646011842423,1.947821756979288,True,0.2054573488413538,0.09852503863428552,0.0050727128982543945,-0.0035847024004157513,specsub,engine/0013,engine,7176,1.95,0,False,0.012382299872115254,0.0030955749680288136
1.032266616821289,1.0303117036819458,0.6641356526971082,0.659189431925931,0.44726248983156536,0.4381390392678936,0.947716020538379,0.5681423503363634,0.9948775899744,0.505319145159274,-1.283535782469573,-1.7402113800197532,True,0.489558444815126,0.3795736702020156,0.0019549131393432617,0.004946220771177123,specsub,engine/0014,engine,3575,3.07,0,True,0.012785999802872539,0.0031964999507181346
1.1396642923355103,1.137006163597107,0.9340815443769866,0.9335904176851053,0.8186877076412208,0.8170417353693594,4.1549281433822545,3.583391874666193,4.139266724464404,3.541440572957301,1.33687612845466,0.45754027464442515,True,0.5978261515071033,0.5715362687160614,0.0026581287384033203,0.0004911266918813384,specsub,engine/0015,engine,237,3.8,0,False,0.010459400014951825,0.0026148500037379563
1.2282805442810059,1.2170828580856323,0.804304707058798,0.8015490858780061,0.5738114327895438,0.5635146445363316,4.421322189685023,4.088473155953953,4.464568688777614,3.9903782664594587,1.985617863728965,1.5140203058318167,True,0.47419042231815567,0.3328490337310699,0.011197686195373535,0.0027556211807918674,specsub,engine/0016,engine,7729,8.7,0,True,0.01093730004504323,0.0027343250112608075
1.3247370719909668,1.3154979944229126,0.7098346146671863,0.7051550493190728,0.5217004052696839,0.5143751501853724,4.368848193582291,4.0781737673490985,4.548126064029193,4.220476197715209,-1.797386726935451,-2.116745684800545,True,0.3276498663139842,0.29067442623319284,0.0092390775680542,0.004679565348113535,specsub,engine/0017,engine,908,14.55,0,True,0.012067899806424975,0.003016974951606244
1.0401567220687866,1.0410239696502686,0.7322651076024886,0.731072895406194,0.6121323485862198,0.6082513236398833,-7.174298316818653,-7.362412550330014,-7.041695511940031,-7.376084319052531,-5.331834550956729,-6.203725811805973,True,0.3343888071125001,0.18811423351136103,-0.0008672475814819336,0.0011922121962946175,specsub,engine/0018,engine,672,8.94,0,True,0.011141200084239244,0.002785300021059811
1.0732946395874023,1.0716488361358643,0.5645441920179923,0.5604289752280917,0.3854005762959299,0.37905059851329925,-1.8981255400350618,-2.1271940349173386,-1.6626964870632808,-2.0246339149749493,-3.554948655711605,-4.093136892474401,True,0.3619374279116685,0.22906849488227676,0.001645803451538086,0.0041152167899006775,specsub,engine/0019,engine,3729,-2.02,0,False,0.010572700062766671,0.002643175015691668
1.2855581045150757,1.279261827468872,0.9406025455561737,0.9402980189774169,0.8260064602587079,0.8244348617547872,6.659522512460146,6.381052093857914,6.701118501716983,6.406119772818605,3.5286735843368735,2.9949401135239504,True,0.29499872889837775,0.27847041860223243,0.006296277046203613,0.0003045265787567919,specsub,engine/0020,engine,1284,13.52,0,True,0.012543200049549341,0.0031358000123873353
1.0505521297454834,1.0538417100906372,0.5324899633660816,0.5343939960477523,0.2703420961891376,0.26819065896033306,-3.8960643444508367,-3.91954648541299,-3.329926950294685,-3.528378568541922,-3.3480485350463853,-3.65746031092654,True,0.1984516182472369,0.023482140962153064,-0.0032895803451538086,-0.0019040326816707198,specsub,engine/0021,engine,7176,0.61,0,True,0.011017299955710769,0.002754324988927692
1.3564963340759277,1.326629877090454,0.8787043734297166,0.878309853704517,0.7674897278099717,0.7658602194875185,13.538712818354,13.398191515796967,13.522959234127839,13.375008406274773,12.102938955328403,11.674458588316721,True,0.1479508278530659,0.14052130255703332,0.029866456985473633,0.00039451972519966017,specsub,engine/0022,engine,8555,13.94,0,False,0.012289100093767047,0.0030722750234417617
1.426237940788269,1.3707265853881836,0.9314191376636932,0.9295160149720416,0.8210391890336841,0.816210245149002,8.663417560790407,8.452635175734628,8.701280010435422,8.44696206411729,7.920380832021742,7.317131823389515,True,0.25431794631813176,0.2107823850557793,0.05551135540008545,0.0019031226916516042,specsub,engine/0023,engine,1320,8.59,0,False,0.01175349997356534,0.002938374993391335
1.1040353775024414,1.1149520874023438,0.43534493231018,0.44014935284144546,0.17182473447167013,0.16943617711217338,-7.514175594123422,-8.438155899210749,-6.692989782587253,-8.058134466974785,-6.9294315019993835,-7.6591755455512525,True,1.3651446843875323,0.9239803050873263,-0.010916709899902344,-0.004804420531265452,specsub,engine/0024,engine,672,2.17,0,True,0.011882999911904335,0.0029707499779760838
1.0278745889663696,1.0283094644546509,0.4980831741631152,0.5032245297652332,0.24765702846881935,0.2417489594474713,-2.831780738823291,-3.625369010328621,-2.7210822206104845,-3.7152261523392296,-4.082288152079113,-4.785550843193337,True,0.994143931728745,0.79358827150533,-0.00043487548828125,-0.005141355602118036,specsub,engine/0025,engine,1995,-3.17,0,False,0.01176280016079545,0.0029407000401988626
1.0737944841384888,1.074013590812683,0.8232554166194817,0.8230317691975433,0.6490958224674892,0.6483324436873612,0.9378580782799796,0.9346518162947676,0.9483134958740175,0.9406701184437404,2.316188193299518,2.2673185716258355,True,0.0076433774302770985,0.003206261985212011,-0.00021910667419433594,0.00022364742193836662,specsub,engine/0026,engine,5639,6.79,0,True,0.011015899945050478,0.0027539749862626195
1.0229318141937256,1.0230315923690796,0.7369452966098053,0.7370549269481074,0.4292003187171411,0.4229310139164096,0.6709351844872842,0.2609046446485077,0.8101884370358469,0.29235352096361966,-2.256846503912812,-2.7648962481669903,True,0.5178349160722272,0.41003053983877646,-9.97781753540039e-05,-0.00010963033830202473,specsub,engine/0027,engine,5142,4.4,0,True,0.013537700055167079,0.0033844250137917697
1.0381064414978027,1.0372154712677002,0.5458637986542253,0.544631976332094,0.31909661995397615,0.3146119183537173,-3.2805074671518106,-3.4268733885656566,-2.912665181344946,-3.188396884994193,-4.258206085571163,-4.6408473321294,True,0.27573170364924726,0.14636592141384597,0.0008909702301025391,0.0012318223221312596,specsub,engine/0028,engine,2830,3.63,0,True,0.012707100016996264,0.003176775004249066
1.0213571786880493,1.0219519138336182,0.630443811552905,0.6265253016004598,0.41634614199118847,0.4088244124542093,-3.601292799064547,-4.734818313696245,-3.247226865965817,-4.465313221798769,-6.061581723841508,-7.144078333355151,True,1.2180863558329516,1.1335255146316978,-0.0005947351455688477,0.003918509952445137,specsub,engine/0029,engine,2094,-1.47,0,True,0.010752900037914515,0.0026882250094786286
1.1028456687927246,1.0990363359451294,0.7908753100933993,0.7910748018687546,0.5176208343548235,0.5144925301352553,5.435104492162772,5.338947003274255,5.470107224699228,5.333969067660524,3.282263890032976,2.8680740171785986,True,0.1361381570387037,0.09615748888851705,0.003809332847595215,-0.00019949177535527607,specsub,engine/0030,engine,1284,7.67,0,True,0.012676600134000182,0.0031691500335000455
1.1283037662506104,1.133439540863037,0.8480362442423746,0.8469969570859223,0.6611130881098568,0.6599040844916528,6.0419102274433385,5.42034203081276,6.053299788751905,5.420179492297638,1.7900095901836237,0.90890504034419,True,0.6331202964542664,0.6215681966305784,-0.005135774612426758,0.0010392871564522954,specsub,engine/0031,engine,3570,5.42,0,False,0.011802599998190999,0.0029506499995477498
1.054795265197754,1.0730359554290771,0.615466209146873,0.6147696791565516,0.29620032939768154,0.2934080716322782,0.23628823447595015,-0.09223308164614,0.2912784343091205,-0.09172259668265989,-4.688558251472486,-4.899445849161424,True,0.3830010309917804,0.3285213161220901,-0.018240690231323242,0.0006965299903214373,specsub,engine/0032,engine,908,-0.09,0,False,0.01147299981676042,0.002868249954190105
1.1323591470718384,1.1318156719207764,0.7700807703541326,0.7699693392539568,0.6371345646696447,0.63819157870461,0.6097271961965745,0.6429668957630675,0.6722120584183512,0.6270552185671509,5.225203440111799,5.174068972360985,True,0.04515683985120034,-0.033239699566493086,0.0005434751510620117,0.00011143110017575175,specsub,engine/0033,engine,61,6.51,0,True,0.01109859999269247,0.0027746499981731176
1.2959871292114258,1.3720022439956665,0.874863006919349,0.8736330422158429,0.6846144642551566,0.688398347995663,7.181918367804547,5.681030092520935,7.264600004627728,5.749251487217771,0.8918104841406065,-0.8647086952884915,True,1.515348517409957,1.5008882752836126,-0.07601511478424072,0.0012299647035061145,specsub,engine/0034,engine,5105,5.77,0,False,0.010889400029554963,0.0027223500073887408
1.0913002490997314,1.107471227645874,0.33359692773411104,0.33533132585736586,0.21017650145884442,0.213100335671121,-5.269315318467843,-5.643618043360203,-4.495677461285551,-5.185542521562697,-6.589005139893255,-6.863356481116148,True,0.6898650602771461,0.3743027248923596,-0.016170978546142578,-0.0017343981232548211,specsub,engine/0035,engine,1188,-2.43,0,True,0.011203400092199445,0.002800850023049861
1.0795071125030518,1.1158515214920044,0.43865286748076115,0.4367033687278242,0.1973316791464208,0.18532506097957419,-9.576948170038566,-9.653452998232444,-9.26014373368601,-9.729026620121479,-7.59951538692542,-7.945645700604704,True,0.46888288643546794,0.07650482819387783,-0.03634440898895264,0.001949498752936929,specsub,engine/0036,engine,4992,-2.72,0,True,0.01134920003823936,0.00283730000955984
1.078471064567566,1.0702617168426514,0.7506613607165287,0.7450654363538228,0.4848512178958029,0.47038599252081353,2.013703612394015,1.1697824479587495,2.060968268891326,1.0790128868365152,-2.062428504814982,-2.733517380597028,True,0.9819553820548108,0.8439211644352655,0.00820934772491455,0.00559592436270584,specsub,engine/0037,engine,237,1.61,0,False,0.01258770003914833,0.0031469250097870827
1.5850392580032349,1.5140825510025024,0.9457471279625885,0.9448314874133475,0.8861766593649052,0.8826366014512923,14.711510718605744,14.465406692769916,14.721986783259826,14.466642015414665,14.514217056922387,13.757021857368906,True,0.2553447678451608,0.24610402583582847,0.07095670700073242,0.0009156405492409814,specsub,engine/0038,engine,5142,14.48,0,False,0.011576300021260977,0.002894075005315244
1.2989475727081299,1.445371389389038,0.9631692850273513,0.9622302116448771,0.8687924809102487,0.8626914714700241,3.742601608369183,3.159642509238687,3.930178797646085,3.060762843025106,1.442561790202588,0.6205424446864533,True,0.8694159546209788,0.582959099130496,-0.1464238166809082,0.0009390733824742314,specsub,engine/0039,engine,8230,12.79,0,True,0.010946599999442697,0.002736649999860674
1.0817350149154663,1.0896196365356445,0.8853321742036646,0.890949753230886,0.799940608132953,0.8170732283358401,-12.683489543126052,-12.605202325650126,-10.847911613841756,-10.848280211385235,4.072732910582078,4.286865726196931,True,0.0003685975434795097,-0.0782872174759266,-0.007884621620178223,-0.0056175790272213755,specsub,siren/0000,siren,2094,-3.29,0,True,0.011279799975454807,0.002819949993863702
1.7548558712005615,1.7163509130477905,0.9111678154420215,0.9085049892362258,0.7549164240217174,0.7479517523514958,12.725803730103388,12.36680486829501,12.759952013183248,12.37715975822189,6.94658645819877,6.200448191744594,True,0.38279225496135894,0.35899886180837903,0.038504958152770996,0.002662826205795721,specsub,siren/0001,siren,908,12.4,0,False,0.012132100062444806,0.0030330250156112015
1.1550320386886597,1.1488102674484253,0.7615140569768117,0.7614429111038054,0.6448143766661363,0.644517103021821,-8.245680487766956,-8.244722050142482,-8.193798301137772,-8.193896204016216,7.853156056089121,7.9133021751332215,True,9.790287844424483e-05,-0.0009584376244742288,0.006221771240234375,7.114587300638409e-05,specsub,siren/0002,siren,5142,-1.22,0,True,0.010765200015157461,0.0026913000037893653
2.720181703567505,2.7464075088500977,0.9907034731471563,0.9907324177704401,0.9733433959533664,0.9735579438523828,14.276363580947894,14.277785521816666,14.271982765797295,14.272183690651763,27.548559108446323,28.710964645888705,True,-0.0002009248544680986,-0.0014219408687718982,-0.026225805282592773,-2.894462328373315e-05,specsub,siren/0003,siren,8224,14.84,0,False,0.015483199851587415,0.0038707999628968537
1.9229410886764526,1.951132893562317,0.9223886721283463,0.9224124576635488,0.8397722520347171,0.8403220636992251,7.247002269040191,7.246895263275039,7.173602951568373,7.172882195992136,22.304387883386305,23.89071496779408,True,0.0007207555762374085,0.00010700576515176863,-0.028191804885864258,-2.3785535202547337e-05,specsub,siren/0004,siren,8230,7.57,0,False,0.012391000054776669,0.003097750013694167
1.2639634609222412,1.2639868259429932,0.7969760166827722,0.7969756318936483,0.6771886547619763,0.6771856787696504,-11.331070373962778,-11.330893386975,-11.61453151921781,-11.614542578617792,5.243586326256086,5.2125254935866545,True,1.1059399982471518e-05,-0.0001769869877783492,-2.3365020751953125e-05,3.847891238972778e-07,specsub,siren/0005,siren,121,-3.4,0,True,0.01097559998743236,0.00274389999685809
1.3780595064163208,1.386789321899414,0.9293597352312609,0.9291041142539712,0.8587126676034661,0.857931135730985,2.228185613156553,2.2141268557760223,2.2810814709309994,2.2476349201003676,2.314552625462125,2.1798663672037577,True,0.03344655083063186,0.01405875738053064,-0.008729815483093262,0.00025562097728970556,specsub,siren/0006,siren,672,2.25,0,False,0.010897199856117368,0.002724299964029342
1.7215739488601685,1.7504234313964844,0.8395628607220841,0.8397916497800069,0.6701785678392321,0.6697304798812318,4.7212426100177955,4.706737375050567,4.720912898626404,4.686828847203467,4.394502485862369,4.0528011099465795,True,0.03408405142293702,0.014505234967228553,-0.028849482536315918,-0.0002287890579227847,specsub,siren/0007,siren,4077,8.69,0,True,0.011225800029933453,0.002806450007483363
1.9122898578643799,2.058227777481079,0.9454031051906361,0.9455993198407088,0.8517322495216223,0.8537123159874241,9.471265401343675,9.652747085562064,9.574461779403155,9.688008740909115,14.139676645711786,21.68547281070296,True,-0.11354696150596055,-0.1814816842183884,-0.14593791961669922,-0.00019621465007269023,specsub,siren/0008,siren,61,9.69,0,False,0.013016399927437305,0.0032540999818593264
3.8191888332366943,3.8788344860076904,0.9852082342718165,0.9854229092335948,0.9478867784819474,0.9494052407754714,13.959038563477366,13.95707935362709,13.957747393346008,13.954538955146463,26.953047940545865,30.4489376070867,True,0.0032084381995449718,0.001959209850275201,-0.059645652770996094,-0.00021467496177829393,specsub,siren/0009,siren,1188,14.65,0,False,0.01191769982688129,0.0029794249567203224
1.1050772666931152,1.1179486513137817,0.8175087457773444,0.8188391473040102,0.6611733193025278,0.6666054157168588,-0.27688926572601535,-0.27423956237319624,-0.24827807241367336,-0.25426184362503573,2.3416960717306234,2.2858795050673035,True,0.005983771211362371,-0.0026497033528191105,-0.012871384620666504,-0.0013304015266657476,specsub,siren/0010,siren,1580,5.17,0,True,0.011833399999886751,0.002958349999971688
1.1923553943634033,1.280860185623169,0.8328091130474619,0.8333276483993587,0.6371110913563877,0.6365940049723372,-3.3522954117521353,-3.365918941925225,-3.1526015033072374,-3.1967790634310678,-4.758516492539254,-4.845010269156509,True,0.04417756012383034,0.013623530173089815,-0.08850479125976562,-0.0005185353518968316,specsub,siren/0011,siren,8230,-1.61,0,True,0.013994399923831224,0.003498599980957806
1.1940101385116577,1.1903129816055298,0.8070376832897673,0.8072022932911553,0.7106438093170993,0.7104761345332604,-7.0013643013480396,-6.995855400417121,-6.982502919617822,-6.983207905465937,6.281497298635724,5.739176155505554,True,0.0007049858481149585,-0.005508900930918159,0.0036971569061279297,-0.0001646100013880103,specsub,siren/0012,siren,3575,0.47,0,True,0.010951299918815494,0.0027378249797038734
1.8512401580810547,1.907860279083252,0.9287337869232118,0.9289936349752138,0.8835835491880901,0.8850801764949091,4.873338417685596,4.902971505622884,4.869542624357051,4.873831538774072,19.59479067484696,25.14984022744766,True,-0.004288914417020173,-0.02963308793728814,-0.056620121002197266,-0.00025984805200196526,specsub,siren/0013,siren,1221,4.87,0,False,0.014046499971300364,0.003511624992825091
1.8594934940338135,1.842874526977539,0.9813214022386453,0.9813925734349267,0.9216152283839393,0.921722750303789,1.6276888395933713,1.634189066265458,1.6998743904054379,1.6946918726676772,11.429019234214305,11.250282125030372,True,0.0051825177377606835,-0.006500226672086606,0.016618967056274414,-7.117119628141655e-05,specsub,siren/0014,siren,4446,6.52,0,True,0.011464699869975448,0.002866174967493862
1.203520655632019,1.2230619192123413,0.8729420329569159,0.872983871270863,0.7244734779537044,0.7228617401379217,-3.4290638367943145,-3.450374601412085,-3.414856253338592,-3.466534155597854,-2.7402000784318843,-2.902945099741032,True,0.05167790225926172,0.021310764617770594,-0.019541263580322266,-4.18383139471068e-05,specsub,siren/0015,siren,1284,3.23,0,True,0.011085400125011802,0.0027713500312529504
1.3803223371505737,1.3866536617279053,0.9593626736012817,0.9587947466296186,0.8063027847685936,0.8047547521365266,2.0062468406991645,1.9629266371172285,2.106643385676174,2.0484318140801303,-0.6580753944371706,-0.7814079759208452,True,0.05821157159604384,0.043320203581936,-0.006331324577331543,0.0005679269716630797,specsub,siren/0016,siren,1580,10.29,0,True,0.012706000125035644,0.003176500031258911
1.7528377771377563,1.7904260158538818,0.9508766858002443,0.9530930612183155,0.8084842578578583,0.8133631996018433,9.339825596170135,9.30545921093353,9.362337794381107,9.319637525615638,5.418522662923307,5.28943736477593,True,0.04270026876546851,0.03436638523660562,-0.03758823871612549,-0.0022163754180711814,specsub,siren/0017,siren,5105,9.32,0,False,0.010482799960300326,0.0026206999900750816
1.2767140865325928,1.286064624786377,0.9040729150357286,0.9037576930011805,0.7176748384521288,0.7148050517728476,-4.983225639778146,-5.005005815004501,-4.947556008828217,-4.989776385007556,-4.584685790598501,-4.717541335012209,True,0.042220376179338714,0.021780175226354892,-0.00935053825378418,0.000315222034548146,specsub,siren/0018,siren,6829,-4.8,0,False,0.010965400142595172,0.002741350035648793
1.4142827987670898,1.4189558029174805,0.9464619290716625,0.9464103998183716,0.8497160898024632,0.8500581231355483,4.718155427488583,4.686505729887079,4.7383856580127794,4.700662344271414,1.7509590938866582,1.5994538464337245,True,0.03772331374136506,0.03164969760150349,-0.004673004150390625,5.152925329088287e-05,specsub,siren/0019,siren,5683,4.93,0,False,0.011539399856701493,0.0028848499641753733
1.5731401443481445,1.5718767642974854,0.8659210881075302,0.865920143746134,0.7930779468452669,0.793076741499356,-2.112941708314364,-2.1127798263774547,-2.0572909650459126,-2.0573066077750433,19.782666897811765,20.36988694924516,True,1.5642729130682653e-05,-0.00016188193690913621,0.0012633800506591797,9.443613961934716e-07,specsub,siren/0020,siren,5142,-1.39,0,False,0.011273500043898821,0.0028183750109747052
1.290944218635559,1.2455955743789673,0.9149409951708527,0.9122791344810353,0.7020267598225204,0.6911611203173115,7.950432086843328,7.441123735507583,8.00880549156313,7.454336674001669,3.4764956816416537,2.960061806030878,True,0.5544688175614612,0.5093083513357453,0.0453486442565918,0.0026618606898174413,specsub,siren/0021,siren,4446,7.61,0,False,0.01185020012781024,0.00296255003195256
1.0622711181640625,1.0610406398773193,0.9297333403633925,0.9294808382702298,0.7901577133387314,0.7883052611296943,-6.781741207259433,-6.767303399644302,-6.368637336426061,-6.369972614616534,10.491755262500918,10.285284930408489,True,0.0013352781904734101,-0.014437807615131248,0.001230478286743164,0.0002525020931627431,specsub,siren/0022,siren,6930,-4.25,0,True,0.01113409991376102,0.002783524978440255
1.708638072013855,1.7061175107955933,0.9399479267203181,0.9399479191904689,0.9071267803540357,0.9071280542735323,1.2521404728253505,1.2521776944209215,1.272505066857298,1.2725033607536063,28.37632715398638,28.3763271619731,True,1.7061036916565797e-06,-3.722159557106863e-05,0.0025205612182617188,7.529849188614435e-09,specsub,siren/0023,siren,121,2.48,0,False,0.01135329995304346,0.002838324988260865
4.338101863861084,4.467159748077393,0.9999423410080426,0.9999996142043772,0.9997734734484744,0.9999994776050679,14.192520352773627,14.196486198316263,14.193285830957304,14.194056026651353,33.22966026377774,34.71060421804732,True,-0.0007701956940486809,-0.003965845542635904,-0.1290578842163086,-5.7273196334639564e-05,specsub,siren/0024,siren,4446,14.57,0,False,0.014283400028944016,0.003570850007236004
1.434325098991394,1.4284191131591797,0.9083163991938392,0.9083098224440401,0.8214455167506369,0.8216661479678254,4.131049072774345,4.131018539930681,4.123333501221803,4.121707595471002,17.13817677449657,19.06689009904689,True,0.0016259057508012376,3.0532843664055065e-05,0.0059059858322143555,6.576749799092063e-06,specsub,siren/0025,siren,5683,4.32,0,False,0.011420200113207102,0.0028550500283017755
1.067657470703125,1.0379829406738281,0.4974400755566125,0.49249586994391364,0.2854939185062915,0.2792677200233087,-7.1154666073739525,-7.410750762032857,-6.8827865738886915,-7.414837264287431,-7.028145018475619,-7.358514630230746,True,0.5320506903987399,0.2952841546589049,0.029674530029296875,0.004944205612698871,specsub,siren/0026,siren,1089,0.35,0,True,0.01281869993545115,0.0032046749838627875
1.1652942895889282,1.1455014944076538,0.8174119008189451,0.8157770481018622,0.6648795553594754,0.6591331356918454,6.6245299908351996,6.31474000301816,6.740390471725968,6.326322687240057,4.035886661398836,3.5211467493017317,True,0.4140677844859111,0.30978998781703915,0.019792795181274414,0.0016348527170828575,specsub,siren/0027,siren,1188,6.33,0,False,0.010573099832981825,0.0026432749582454562
1.0805861949920654,1.0799733400344849,0.8162108286252993,0.816174432454669,0.6294499556079498,0.6293274277880674,-9.980384070872244,-9.979160611003294,-9.33014548487067,-9.330361121926797,1.4249758020805092,1.427272701746723,True,0.00021563705612770434,-0.0012234598689495613,0.0006128549575805664,3.6396170630226266e-05,specsub,siren/0028,siren,260,7.94,0,True,0.011373399989679456,0.002843349997419864
1.1488618850708008,1.1390076875686646,0.8244081841699632,0.8229509328321044,0.666423181961171,0.6630428163709904,10.245403383756859,9.994120818107714,10.42229989031525,10.13749060235596,6.689676239211728,6.2971128873131725,True,0.2848092879592894,0.2512825656491451,0.00985419750213623,0.0014572513378587892,specsub,siren/0029,siren,1320,13.55,0,True,0.01093699992634356,0.00273424998158589
1.0657988786697388,1.057820439338684,0.4275885069769658,0.4310640606012331,0.1664349708904599,0.1610393732846387,-10.273993145563807,-10.86329105094846,-9.26362221058731,-9.999029245907085,-7.915151232981641,-8.288438078951247,True,0.7354070353197759,0.5892979053846528,0.007978439331054688,-0.003475553624267269,specsub,siren/0030,siren,4507,-0.19,0,True,0.011665399884805083,0.002916349971201271
1.4175136089324951,1.393184781074524,0.9444966099753332,0.9441310824259163,0.8168335222655625,0.8130928417458627,4.361114773213652,4.313441106533993,4.378419661045964,4.305744818342011,4.6546916083775445,4.4316669875086925,True,0.07267484270395297,0.047673666679658666,0.02432882785797119,0.0003655275494169885,specsub,siren/0031,siren,7021,14.14,0,True,0.010922000044956803,0.002730500011239201
1.123077154159546,1.1255991458892822,0.7947166500412461,0.7949739177490444,0.655229899501203,0.6561185610835525,-1.7385744244354118,-1.734948491705795,-1.7302105993924888,-1.7307985709566225,10.005949906865581,10.974006070247315,True,0.0005879715641337047,-0.0036259327296168653,-0.002521991729736328,-0.0002572677077982144,specsub,siren/0032,siren,2830,-1.7,0,False,0.01135789998807013,0.0028394749970175326
1.2271126508712769,1.2276668548583984,0.8228813638120523,0.8229388223039173,0.6908031621311427,0.6910817872468648,-0.1914988226773011,-0.1891355038028564,-0.23020167167002104,-0.2312256282889438,10.031154353734932,11.062192395294936,True,0.0010239566189227667,-0.0023633188744446865,-0.000554203987121582,-5.74584918650034e-05,specsub,siren/0033,siren,1284,0.37,0,False,0.011931100161746144,0.002982775040436536
1.1009447574615479,1.0936857461929321,0.8958876166250156,0.8965610693972689,0.7666197493281474,0.774559113205917,-2.002649030430018,-1.9999928373863338,-2.022221918898103,-2.022689591411872,17.139092041268402,19.913982967955793,True,0.0004676725137691129,-0.0026561930436841408,0.007259011268615723,-0.0006734527722532802,specsub,siren/0034,siren,1320,-2.0,0,False,0.0120211998000741,0.003005299950018525
1.3845881223678589,1.3900796175003052,0.8682609470256981,0.8682574367223829,0.7658287403497215,0.7657898723150159,0.7017997112288346,0.7028705990595652,1.7596553403211117,1.7591128189784777,3.021445425428807,3.0420032404595423,True,0.0005425213426339948,-0.0010708878307306158,-0.005491495132446289,3.510303315246155e-06,specsub,siren/0035,siren,2300,8.17,0,True,0.010970900068059564,0.002742725017014891
1.9304311275482178,1.9343695640563965,0.9483179870732046,0.9491098075946189,0.8612472175985186,0.8651499044364737,3.340734040721265,3.419871434485966,3.6889814159536,3.6824350489527733,7.750037200941681,7.996390564051779,True,0.0065463670008267805,-0.07913739376470108,-0.003938436508178711,-0.0007918205214143548,specsub,siren/0036,siren,6930,6.34,0,True,0.01119169988669455,0.0027979249716736376
1.3578827381134033,1.3446264266967773,0.8943620034378578,0.894361714192518,0.7880564704507257,0.788796543279734,-0.5059037936969719,-0.5026472217444174,-0.6901709163882729,-0.6942024625030774,6.709120312778153,6.60156027557719,True,0.004031546114804496,-0.0032565719525544656,0.013256311416625977,2.892453397906891e-07,specsub,siren/0037,siren,4446,6.9,0,True,0.0114828001242131,0.002870700031053275
1.2325299978256226,1.2180404663085938,0.7854138314191099,0.8118598854491504,0.6663275845074603,0.7018423351948144,-2.567098854318555,-2.5453536015092664,-2.731649458137521,-2.7366902474424064,4.586221571031171,4.701815599909597,True,0.005040789304885607,-0.02174525280928874,0.014489531517028809,-0.026446054030040522,specsub,siren/0038,siren,672,6.47,0,True,0.011207400122657418,0.0028018500306643546
1.3841521739959717,1.389992117881775,0.8506975772340616,0.850714469293868,0.776164274490679,0.7762660676669559,0.5621238430952789,0.5638715747259009,0.5631099045334211,0.5625911924709077,20.472860688899978,21.79714597386279,True,0.0005187120625134156,-0.0017477316306220292,-0.005839943885803223,-1.689205980637265e-05,specsub,siren/0039,siren,3575,0.82,0,False,0.01189549989067018,0.002973874972667545
3.2726657390594482,2.904052734375,0.9752186813071683,0.9392513839277192,0.9300602355826023,0.8979937823407009,16.89455792189205,7.619858012062335,16.97935187924509,7.6246279145337095,24.846995935040475,31.466082961330567,True,9.354723964711381,9.274699909829717,0.36861300468444824,0.03596729737944904,gtcrn_dns3,gunshot/0000,gunshot,5142,9.22,1,False,0.4510225998237729,0.11275564995594323
2.1178152561187744,1.5394258499145508,0.9664297891129912,0.9448730121563927,0.8641871353530619,0.795431619513726,9.67307368491507,3.8898251641682484,9.098337076072614,4.061065805240029,7.137178422114568,6.504926798527301,True,5.037271270832585,5.78324852074682,0.5783894062042236,0.02155677695659841,gtcrn_dns3,gunshot/0001,gunshot,4077,6.72,2,True,0.2037080000154674,0.05092700000386685
3.816777467727661,3.8241806030273438,0.9921565916704824,0.9991601878089545,0.9773076458742209,0.9987642805724914,23.31057454818435,32.4280733093195,22.808905946574566,32.428150441176896,21.699086210864376,33.87255013161075,True,-9.61924449460233,-9.117498761135153,-0.007403135299682617,-0.0070035961384721235,gtcrn_dns3,gunshot/0002,gunshot,1580,9.58,1,False,0.1989680000115186,0.04974200000287965
3.0291924476623535,3.2802019119262695,0.9868307192721159,0.999155808874499,0.9737818750576424,0.9993977756636857,17.239214349109407,21.23588325904676,17.034701519631035,21.223436513052864,19.31184365220099,34.29290191554085,True,-4.1887349934218285,-3.996668909937352,-0.251009464263916,-0.0123250896023831,gtcrn_dns3,gunshot/0003,gunshot,1580,11.33,1,False,0.1828823999967426,0.04572059999918565
3.7498281002044678,2.1303906440734863,0.9870130382793004,0.9656478159174423,0.9606670817782996,0.9605218117374777,21.025365486721206,14.744720727573906,19.848785922042982,14.771672366428001,17.612054342458052,32.4709188398653,True,5.0771135556149805,6.2806447591473,1.6194374561309814,0.021365222361858116,gtcrn_dns3,gunshot/0004,gunshot,5105,2.83,1,False,0.23505250015296042,0.058763125038240105
3.1003429889678955,2.3308281898498535,0.9801348333324676,0.967282204811773,0.9500996829615971,0.9526583812540728,19.93509885762521,14.082138686995728,19.38868880985631,14.210158345576806,19.870143835349765,25.853959049399343,True,5.178530464279502,5.852960170629482,0.769514799118042,0.012852628520694687,gtcrn_dns3,gunshot/0005,gunshot,1320,13.14,2,True,0.21972669987007976,0.05493167496751994
3.473660945892334,2.5386340618133545,0.9645242459642633,0.9373646321149858,0.9293563056512377,0.9141024175116549,21.17110447180865,12.289392605750873,21.063719612810683,12.292903805835188,20.88525160374957,28.604809240916882,True,8.770815806975495,8.881711866057778,0.9350268840789795,0.027159613849277564,gtcrn_dns3,gunshot/0006,gunshot,4970,5.21,2,False,0.19168439996428788,0.04792109999107197
3.7858123779296875,3.6611926555633545,0.9966783856881319,0.9978782759580714,0.9898015785402042,0.9906142697928068,22.184280326794617,18.32438379139716,21.769590170200395,18.32477192495645,25.40320310495428,31.10180239482355,True,3.444818245243944,3.859896535397457,0.12461972236633301,-0.0011998902699394964,gtcrn_dns3,gunshot/0007,gunshot,8455,1.13,1,False,0.19065430015325546,0.047663575038313866
3.5607995986938477,3.373321056365967,0.9955063591836251,0.9966061567394492,0.9792637806302003,0.9843872915505535,19.726531751169148,20.303751696669387,19.72844738494207,20.180851501176956,18.2740161737743,19.691713223459104,True,-0.45240411623488797,-0.5772199455002394,0.18747854232788086,-0.0010997975558241224,gtcrn_dns3,gunshot/0008,gunshot,7021,8.37,1,True,0.21332379989326,0.053330949973315
3.688005208969116,3.700113534927368,0.9827822164651981,0.999980125202178,0.9684448074241977,0.9999095705636887,26.14066945415258,21.835894844071024,25.744489598018042,21.83545999257789,24.413206728334078,34.283970890901536,True,3.9090296054401534,4.304774610081555,-0.012108325958251953,-0.017197908736979906,gtcrn_dns3,gunshot/0009,gunshot,3570,13.71,1,False,0.19888460007496178,0.049721150018740445
4.093225002288818,3.348283052444458,0.9966957158116931,0.9936651049605969,0.9903820035325547,0.9863322791430371,24.98283689567806,22.617725253910134,24.725838136872916,22.627662076423952,27.85787748305383,33.51485092559595,True,2.0981760604489637,2.3651116417679248,0.7449419498443604,0.003030610851096238,gtcrn_dns3,gunshot/0010,gunshot,7021,11.06,3,False,0.22130639990791678,0.055326599976979196
2.8363847732543945,1.4315348863601685,0.9495974879176589,0.8722144162944097,0.9249843342471424,0.8551212865623332,19.59358312890068,11.545662158087444,19.47836196302839,11.525186555715766,20.224653027667905,18.738865191601896,True,7.953175407312624,8.047920970813236,1.404849886894226,0.0773830716232492,gtcrn_dns3,gunshot/0011,gunshot,1995,-2.54,3,True,0.20256370003335178,0.050640925008337945
1.5119431018829346,1.1247618198394775,0.8383160141048127,0.7225321617577584,0.7512844334468959,0.6249429373831376,7.126531847781296,7.061636062130839,6.610111284939931,7.780283916955631,7.760856080916,6.308895438037296,True,-1.1701726320157002,0.06489578565045662,0.38718128204345703,0.11578385234705435,gtcrn_dns3,gunshot/0012,gunshot,2094,11.86,4,True,0.19129369989968836,0.04782342497492209
2.860222816467285,1.8405494689941406,0.9887009523918824,0.9869787791276866,0.9515871523779821,0.9296502955165734,18.44415459325985,17.19845262972559,18.503368744293624,17.15396879130763,14.676878129348834,12.616785595955701,True,1.3493999529859941,1.245701963534259,1.0196733474731445,0.0017221732641957699,gtcrn_dns3,gunshot/0013,gunshot,4992,10.92,1,True,0.22569560003466904,0.05642390000866726
1.787563681602478,1.4429727792739868,0.9059671404754913,0.8573056034202945,0.798067240497021,0.7696371039229728,7.837631314486538,5.962757826382743,8.164088805884688,5.909421271284958,7.18521763008608,5.763838574173529,True,2.2546675345997302,1.8748734881037947,0.3445909023284912,0.048661537055196824,gtcrn_dns3,gunshot/0014,gunshot,1284,1.59,1,True,0.2061487000901252,0.0515371750225313
2.4744808673858643,3.018339157104492,0.9413474648857365,0.9792692034110322,0.8960080237290065,0.9610517341775598,12.983223511497307,18.762176023456306,12.516726704441032,18.807330977160454,8.82589734339958,28.465060915983454,True,-6.290604272719422,-5.778952511958998,-0.5438582897186279,-0.03792173852529568,gtcrn_dns3,gunshot/0015,gunshot,2830,-1.98,3,False,0.20684780017472804,0.05171195004368201
2.1096909046173096,1.4192157983779907,0.9190011336330437,0.8332438127309634,0.8870262047036602,0.7997469984685524,13.727099613713795,5.962764260675427,13.75265307585754,5.954921998941379,20.72278050121364,26.21903407503641,True,7.79773107691616,7.764335353038368,0.6904751062393188,0.08575732090208033,gtcrn_dns3,gunshot/0016,gunshot,1320,3.01,4,False,0.22233949997462332,0.05558487499365583
3.6563193798065186,2.9453930854797363,0.9837976764826842,0.976471083529024,0.9535321465951307,0.9370140955662599,20.00878379485712,16.787782597755175,19.848407083210553,16.802485443432136,21.211519493494457,32.83681945471342,True,3.045921639778417,3.2210011971019448,0.7109262943267822,0.007326592953660227,gtcrn_dns3,gunshot/0017,gunshot,8230,5.26,1,False,0.2069296999834478,0.05173242499586195
2.173109292984009,1.7746329307556152,0.9569746073735672,0.9568031176304082,0.912870218742166,0.9077988674435064,16.101056510290917,15.140418899836616,16.17505023423906,15.119747572487901,13.561097291576905,11.69092485426706,True,1.055302661751158,0.9606376104543006,0.39847636222839355,0.00017148974315905896,gtcrn_dns3,gunshot/0018,gunshot,1995,-1.98,1,True,0.20254480000585318,0.050636200001463294
1.7845258712768555,1.580939769744873,0.8611960742641486,0.8521507090943204,0.7726325413385039,0.7531974096772148,11.582842648728596,10.080741931232742,11.772598932136027,9.970798267051235,8.669061256290147,7.192263601817268,True,1.8018006650847926,1.5021007174958534,0.20358610153198242,0.009045365169828123,gtcrn_dns3,gunshot/0019,gunshot,5105,4.13,1,True,0.21676429989747703,0.05419107497436926
2.9272546768188477,1.7958990335464478,0.9578987862486246,0.9540305302628918,0.9342367291860393,0.9097465439227654,17.46797795454354,14.678451983895762,17.49112942321284,14.71848547636367,14.616028505512094,13.494357798459268,True,2.77264394684917,2.7895259706477766,1.1313556432724,0.003868255985732816,gtcrn_dns3,gunshot/0020,gunshot,4992,3.94,1,True,0.19998340005986392,0.04999585001496598
1.9130706787109375,1.5523087978363037,0.9174325914129245,0.8692749430753263,0.7596557377254962,0.6926858655921979,12.082442214087589,8.486678550739192,12.295768089784122,8.47544300717844,8.953961310221022,6.697507474303119,True,3.8203250826056827,3.5957636633483965,0.3607618808746338,0.04815764833759828,gtcrn_dns3,gunshot/0021,gunshot,4446,-2.77,3,True,0.1914945999160409,0.047873649979010224
2.2138078212738037,1.7121474742889404,0.9465400125750324,0.9320473306696448,0.8766032425126945,0.8357971987601467,8.617331662727858,7.596093047539379,9.028923605862365,7.749026986080817,8.323765963301781,6.205574102324926,True,1.2798966197815487,1.0212386151884791,0.5016603469848633,0.01449268190538755,gtcrn_dns3,gunshot/0022,gunshot,5639,-4.66,1,True,0.204882699996233,0.05122067499905825
3.6275086402893066,3.8682658672332764,0.9867838445689279,0.9961493786783836,0.9738715628637103,0.9922030584941203,17.535562515212625,22.449354445289373,17.34892415645477,22.448401960896373,19.670036935475483,32.695880307825725,True,-5.099477804441602,-4.913791930076748,-0.24075722694396973,-0.009365534109455731,gtcrn_dns3,gunshot/0023,gunshot,7127,5.22,1,False,0.2796368000563234,0.06990920001408085
3.4271605014801025,3.096214771270752,0.9778377584392602,0.9887856800522831,0.9655381433135238,0.9703508532284336,22.3158928108614,25.493024469016508,22.172311641490623,25.49261926612555,24.228117670208785,28.93068670330149,True,-3.3203076246349283,-3.1771316581551083,0.3309457302093506,-0.010947921613022826,gtcrn_dns3,gunshot/0024,gunshot,3570,12.62,3,False,0.201154800131917,0.05028870003297925
3.3985977172851562,2.964982748031616,0.9557179403445658,0.9360440696029446,0.8997967075400005,0.885875362576922,16.55219030330362,14.940689545658701,16.644608818416824,14.949427416314666,13.369930063787283,12.8524571646692,True,1.6951814021021576,1.6115007576449205,0.43361496925354004,0.01967387074162119,gtcrn_dns3,gunshot/0025,gunshot,3729,5.7,1,True,0.19487739983014762,0.048719349957536906
4.103080749511719,4.057178020477295,0.9945989311698012,0.9942465704605404,0.9883435112806216,0.9915412615807163,22.797996852562378,29.30817794650356,22.575173421208273,29.305183764418974,26.016069323045876,33.790191171898286,True,-6.730010343210701,-6.510181093941181,0.04590272903442383,0.00035236070926081275,gtcrn_dns3,gunshot/0026,gunshot,5142,11.88,1,False,0.20701099978759885,0.05175274994689971
3.49139142036438,2.210749387741089,0.9898529083550043,0.9888699276059765,0.9644321775800762,0.9694502840540438,24.770191441389635,22.839259535131603,24.536810238923504,22.8366492029217,22.05432568420861,32.28137258269652,True,1.7001610360018056,1.9309319062580315,1.280642032623291,0.0009829807490278064,gtcrn_dns3,gunshot/0027,gunshot,3570,3.34,1,False,0.1932366997934878,0.04830917494837195
2.110290050506592,2.0998780727386475,0.8946684473033966,0.8881053100852631,0.7944153919863307,0.798077225265873,10.496453851506171,10.12985189398903,10.842103548352306,10.330191720884137,8.420400922492545,8.782391138333024,True,0.5119118274681682,0.3666019575171404,0.010411977767944336,0.006563137218133508,gtcrn_dns3,gunshot/0028,gunshot,7176,3.43,1,True,0.21602219995111227,0.05400554998777807
1.8537757396697998,1.6113640069961548,0.9530073797087514,0.9440989231632242,0.8695371366821606,0.8617190572670731,10.69761217400508,9.253002780708801,10.955417917616575,9.163843870777594,7.688337450977353,6.680474870124393,True,1.7915740468389814,1.444609393296279,0.24241173267364502,0.008908456545527188,gtcrn_dns3,gunshot/0029,gunshot,61,12.42,1,True,0.1993908998556435,0.04984772496391088
3.0466370582580566,3.784499168395996,0.9569215265056354,0.9993069829815102,0.9309162507558463,0.9973775250079822,14.326133598206027,24.973043613416003,14.143103391945376,25.00366576308543,14.415651348839003,34.2801090108866,True,-10.860562371140054,-10.646910015209976,-0.7378621101379395,-0.04238545647587477,gtcrn_dns3,gunshot/0030,gunshot,4077,-1.14,2,False,0.20233869994990528,0.05058467498747632
3.2466092109680176,2.801285982131958,0.9891956584051552,0.9967419053509738,0.9736182580143413,0.9882101385151594,23.377235325313563,24.89685331897228,21.111536378492495,24.937263438799384,15.54261213268906,32.37705211948643,True,-3.825727060306889,-1.5196179936587164,0.44532322883605957,-0.007546246945818624,gtcrn_dns3,gunshot/0031,gunshot,5105,5.14,1,False,0.1831803999375552,0.0457950999843888
4.148364067077637,3.70805025100708,0.9975554168562406,0.9972075116152871,0.9925745229028723,0.9901157629088955,30.921227181183568,31.684657967499295,30.089856663469465,31.684873803383354,28.681955032117145,33.527254321714,True,-1.5950171399138888,-0.7634307863157268,0.44031381607055664,0.0003479052409535166,gtcrn_dns3,gunshot/0032,gunshot,2300,5.47,1,False,0.20374010014347732,0.05093502503586933
3.4071693420410156,3.3162176609039307,0.9314673398873892,0.9844728162257828,0.8827177891748761,0.9840611439832099,22.988612882584224,29.815673339509836,22.869688849294526,29.816888651381678,20.736283867937278,32.45788592104724,True,-6.947199802087152,-6.8270604569256115,0.09095168113708496,-0.05300547633839359,gtcrn_dns3,gunshot/0033,gunshot,1995,1.91,3,False,0.20951849990524352,0.05237962497631088
3.1354198455810547,2.9979519844055176,0.9841903876481131,0.9720718278462086,0.9620358946107541,0.9627006425733492,23.952890058283486,23.868667955807364,23.54865398032642,23.867812350005938,24.423583492134348,31.359621355634456,True,-0.31915836967951705,0.08422210247612227,0.1374678611755371,0.01211855980190446,gtcrn_dns3,gunshot/0034,gunshot,6930,-2.63,4,False,0.1976788998581469,0.049419724964536726
4.076585292816162,3.813833236694336,0.9881306723920987,0.9809855905355719,0.9757088380259428,0.9766605760630884,26.691721670409848,27.408547444285603,26.383242559825813,27.409013909207978,27.140287456275487,33.087946597416405,True,-1.0257713493821647,-0.7168257738757546,0.26275205612182617,0.007145081856526847,gtcrn_dns3,gunshot/0035,gunshot,7021,9.1,2,False,0.19317080010659993,0.04829270002664998
2.831148147583008,2.151745319366455,0.9705617963287204,0.9536359020016125,0.8996792780659822,0.8597532151377031,13.565603098678134,12.663889184934305,13.72956534220396,12.57529148808677,11.02664157597185,9.616123192212923,True,1.154273854117191,0.9017139137438281,0.6794028282165527,0.016925894327107893,gtcrn_dns3,gunshot/0036,gunshot,7176,0.77,1,True,0.19418089999817312,0.04854522499954328
2.301860809326172,1.7918202877044678,0.9600549420176014,0.9546680656083038,0.9250886713858001,0.9223325549770376,15.314368951278336,13.886980617118347,15.438505154986785,13.877623938834684,13.332518817917569,12.95586824738309,True,1.5608812161521008,1.4273883341599891,0.5100405216217041,0.005386876409297692,gtcrn_dns3,gunshot/0037,gunshot,1221,-0.94,2,True,0.20520660001784563,0.05130165000446141
2.44503116607666,1.6046476364135742,0.70923455484897,0.6501305161483576,0.6391281383810993,0.6116905841175294,10.152042038778085,6.483545377076975,10.50178528369365,6.4301264358287735,6.282428901658621,3.5187827993736396,True,4.071658847864876,3.668496661701109,0.8403835296630859,0.05910403870061243,gtcrn_dns3,gunshot/0038,gunshot,1188,-3.9,2,True,0.19594909995794296,0.04898727498948574
3.619527578353882,2.6224205493927,0.9959700260865008,0.9960554949830396,0.9945619836782128,0.9933303592291284,30.68269098361676,15.268964200950151,30.496735304397383,15.266292030906047,31.11023923342735,33.22104063622742,True,15.230443273491336,15.413726782666608,0.9971070289611816,-8.546889653882062e-05,gtcrn_dns3,gunshot/0039,gunshot,1995,-1.6,1,False,0.20634270017035306,0.051585675042588264
1.601227045059204,1.4958078861236572,0.9534503788864901,0.9611775446532674,0.8812027310775356,0.8592126209173034,9.47169517914177,11.384130464874804,9.919311645807783,11.394962114250305,10.984705639980584,10.408361098431135,True,-1.475650468442522,-1.912435285733034,0.10541915893554688,-0.007727165766777344,gtcrn_dns3,artillery/0000,artillery,5142,-1.34,3,True,0.2185265999287367,0.05463164998218417
2.683486223220825,3.522458076477051,0.9352304356383192,0.9546245609070334,0.9229781258072924,0.9457731680978335,18.639295830182874,26.433743555467085,18.113522210565673,26.435414299350704,16.93512050666036,31.936787044800926,True,-8.321892088785031,-7.794447725284211,-0.8389718532562256,-0.019394125268714202,gtcrn_dns3,artillery/0001,artillery,61,14.31,1,False,0.2021693999413401,0.05054234998533502
3.3926875591278076,2.640202760696411,0.9816378219061744,0.9861622260325548,0.9623141392003458,0.9585078058750428,15.706054331826643,15.774632525101975,15.729505228047767,15.773335308387972,21.889185035119333,30.535479848986064,True,-0.04383008034020541,-0.06857819327533221,0.7524847984313965,-0.0045244041263803325,gtcrn_dns3,artillery/0002,artillery,8463,11.2,1,False,0.2253952999599278,0.05634882498998195
3.0004494190216064,1.8417468070983887,0.9778276768917809,0.9438138792491091,0.9463593653708625,0.9115808364358192,18.01549453070696,16.04117407345299,18.069322452541673,15.975038129140565,15.045888917151128,13.000182334370848,True,2.0942843234011086,1.9743204572539703,1.1587026119232178,0.03401379764267176,gtcrn_dns3,artillery/0003,artillery,3570,10.35,1,True,0.2000724000390619,0.050018100009765476
2.659461259841919,1.9858102798461914,0.9573820727584399,0.9780144844325018,0.9442768214826726,0.9624688140305595,16.783502215296892,13.866019047049969,16.805829773609922,13.859238553394267,22.605997563862992,27.900968262567577,True,2.9465912202156552,2.917483168246923,0.6736509799957275,-0.020632411674061935,gtcrn_dns3,artillery/0004,artillery,3570,6.43,2,False,0.17694190004840493,0.04423547501210123
2.377788543701172,1.5547269582748413,0.96003318177777,0.9455205544985449,0.8858784623474798,0.8503357255433361,12.512180495493087,9.611813912458368,12.73710060493189,9.607414558494712,11.00428947480542,7.833085838336332,True,3.129686046437177,2.900366583034719,0.8230615854263306,0.014512627279225088,gtcrn_dns3,artillery/0005,artillery,7127,8.98,2,True,0.21034669992513955,0.05258667498128489
3.2818167209625244,2.744131565093994,0.9865559199670362,0.9910847931063335,0.9700409044725091,0.978004153800134,20.630172038687803,14.757554679570175,20.504254180948486,14.726509876976985,23.60400249649276,32.781950732732255,True,5.777744303971501,5.872617359117628,0.5376851558685303,-0.004528873139297285,gtcrn_dns3,artillery/0006,artillery,3575,2.99,1,False,0.20717130019329488,0.05179282504832372
2.893425703048706,2.348884105682373,0.9794202260043158,0.9784549076103608,0.934012007646292,0.9242136331674866,15.851114830478972,14.29722550530933,15.960667297011401,14.29424721695722,11.965638143976342,11.202739702627024,True,1.6664200800541806,1.5538893251696422,0.544541597366333,0.0009653183939549725,gtcrn_dns3,artillery/0007,artillery,8463,0.05,1,True,0.21452759997919202,0.053631899994798005
1.8387784957885742,1.3254265785217285,0.9444220790348571,0.9351461212679377,0.8729317494181607,0.803378636506789,9.552347473546043,7.184281673433738,9.887431665721177,7.193796039177994,9.031038361349546,5.654519757238873,True,2.693635626543183,2.368065800112305,0.5133519172668457,0.009275957766919363,gtcrn_dns3,artillery/0008,artillery,1995,14.31,1,True,0.19976410013623536,0.04994102503405884
2.769768476486206,1.737135648727417,0.958143298343302,0.9436018488933542,0.886494452002583,0.8632820154851824,16.46202711627894,12.572762545610436,16.540442853591625,12.5927479771632,13.544848309504154,12.211486541578623,True,3.947694876428425,3.8892645706685034,1.032632827758789,0.01454144944994784,gtcrn_dns3,artillery/0009,artillery,8463,11.34,2,True,0.20111229992471635,0.05027807498117909
2.069999933242798,1.4030582904815674,0.9094587664607603,0.8918866626657266,0.8169219691110331,0.8097903929472584,8.83670179098865,5.676839251410658,9.32866718864648,5.712409317840281,8.256911988607959,8.274776079443532,True,3.616257870806198,3.1598625395779925,0.6669416427612305,0.01757210379503371,gtcrn_dns3,artillery/0010,artillery,3729,0.2,2,True,0.1905716999899596,0.0476429249974899
1.8162113428115845,1.938246488571167,0.9044765013025061,0.9199024714989409,0.8190208175356553,0.8483842729562489,9.073714990847746,6.727625381836914,9.560395825198025,6.739790978664571,10.478207516107124,22.683108488164834,True,2.8206048465334543,2.346089609010832,-0.12203514575958252,-0.015425970196434768,gtcrn_dns3,artillery/0011,artillery,61,6.51,3,False,0.21537419990636408,0.05384354997659102
3.6115517616271973,3.6788511276245117,0.9617569955234793,0.9476684815153461,0.9225219909781655,0.9239654302034105,20.986802907520076,17.544970910411116,20.99704280450299,17.54649439198439,24.59684417550982,30.57205535721678,True,3.4505484125186,3.4418319971089595,-0.06729936599731445,0.014088514008133157,gtcrn_dns3,artillery/0012,artillery,1320,10.67,1,False,0.18890579999424517,0.04722644999856129
2.7133991718292236,2.671621799468994,0.959818574736923,0.9715478002507233,0.9213078136131287,0.9428033010822938,13.079985515744871,9.04347413086578,13.259892717253692,9.03330672193524,19.18418659333606,27.75745451545966,True,4.226585995318452,4.036511384879091,0.04177737236022949,-0.01172922551380029,gtcrn_dns3,artillery/0013,artillery,7176,9.2,2,False,0.19683109992183745,0.04920777498045936
3.040072441101074,4.212928295135498,0.9772318136795844,0.9999999999981743,0.933225488450301,0.9999999998646354,20.38128497576857,31.996702265758493,20.244428679563136,31.996988356274024,15.255308005765206,34.68149434307514,True,-11.752559676710888,-11.615417289989924,-1.1728558540344238,-0.0227681863185899,gtcrn_dns3,artillery/0014,artillery,1221,7.03,1,False,0.21687810006551445,0.05421952501637861
1.1853570938110352,1.071121096611023,0.7673095172364127,0.7096617583080232,0.6036422149505808,0.5115238422143792,-1.7178338536379945,-6.042669880586184,-0.11535211779850907,-6.458306175109466,0.1182795997745113,-4.860234720111669,True,6.342954057310957,4.324836026948189,0.11423599720001221,0.05764775892838947,gtcrn_dns3,artillery/0015,artillery,3570,-1.42,3,True,0.20072049996815622,0.050180124992039055
1.7144725322723389,1.3433012962341309,0.7899044068671247,0.777119526231093,0.6653623399812842,0.6189616798757059,6.287331482100438,4.1283752712774255,7.165315578617506,4.18061755566384,5.853739794383918,2.876270360232661,True,2.9846980229536655,2.1589562108230123,0.371171236038208,0.01278488063603167,gtcrn_dns3,artillery/0016,artillery,672,-1.54,1,True,0.21278109983541071,0.05319527495885268
2.0921480655670166,1.3871972560882568,0.9520028929924864,0.9335875921186497,0.9161377218150034,0.8658044453721391,13.657015001815466,7.3343586589140415,13.81991542863866,7.112216510431434,16.467088362004844,14.352034965321506,True,6.707698918207226,6.322656342901425,0.7049508094787598,0.018415300873836693,gtcrn_dns3,artillery/0017,artillery,1995,12.89,2,True,0.18633840000256896,0.04658460000064224
1.5238724946975708,1.1226747035980225,0.8805787711347763,0.7983485978229912,0.7412060585153589,0.6536598828977005,7.7854527462521705,2.5835746612264416,8.443988999892305,2.629552972343342,7.213919776420047,4.863092530267289,True,5.814436027548963,5.201878085025729,0.40119779109954834,0.08223017331178517,gtcrn_dns3,artillery/0018,artillery,6930,8.83,3,True,0.19164690002799034,0.047911725006997585
3.7882025241851807,3.8816487789154053,0.9960849787772371,0.9958876624175725,0.9851012405617783,0.9920318018746727,27.77037404294586,25.020966021134456,27.536068904591858,25.01814204829827,24.01697084160336,32.924818385387276,True,2.517926856293588,2.749408021811405,-0.09344625473022461,0.00019731635966457883,gtcrn_dns3,artillery/0019,artillery,4970,7.64,1,False,0.1970401001162827,0.049260025029070675
1.3935747146606445,1.0726245641708374,0.8633062954252133,0.7558202779173321,0.7615493881024501,0.6763762533753305,5.596693937134468,-5.0041682594618395,6.594654248000308,-5.112909523310848,7.968098957138097,5.0897386387088375,True,11.707563771311156,10.600862196596307,0.32095015048980713,0.10748601750788123,gtcrn_dns3,artillery/0020,artillery,5105,7.21,3,True,0.2478314999025315,0.061957874975632876
3.484375238418579,3.762181282043457,0.9895558730824338,0.9851262369589641,0.9734974774440505,0.9692513761121107,26.211281562375866,23.426960906759568,26.080738430212378,23.4285058035333,23.986713536524732,31.912886404331427,True,2.6522326266790763,2.7843206556162983,-0.27780604362487793,0.0044296361234696935,gtcrn_dns3,artillery/0021,artillery,8230,3.57,2,False,0.20639000018127263,0.051597500045318156
3.0677566528320312,2.708359479904175,0.9398017238556055,0.8997028505688128,0.8825518036791489,0.8381417807513003,15.18814885252274,8.655026145574437,15.250701306600119,8.555498300950177,17.125767118042305,25.441792004416662,True,6.695203005649942,6.533122706948303,0.35939717292785645,0.040098873286792625,gtcrn_dns3,artillery/0022,artillery,908,2.31,4,False,0.21099449996836483,0.05274862499209121
2.30782413482666,2.2987170219421387,0.9779741376720636,0.988238627919491,0.9505934999268305,0.9493623714807948,21.422741280173582,18.25886124040508,21.41635709551268,18.23677880252735,21.552038530016787,30.790678522787253,True,3.1795782929853296,3.163880039768504,0.009107112884521484,-0.010264490247427371,gtcrn_dns3,artillery/0023,artillery,1284,-0.07,1,False,0.19925109995529056,0.04981277498882264
2.3281655311584473,1.5654195547103882,0.9302087845395749,0.8774031218732643,0.8511462273268079,0.7731925444709309,14.728136709422198,6.3497631290322545,14.80316535457829,6.364890868158274,12.153002770565838,10.673723507395186,True,8.438274486420017,8.378373580389944,0.7627459764480591,0.05280566266631059,gtcrn_dns3,artillery/0024,artillery,4077,0.21,2,True,0.19690800015814602,0.049227000039536506
4.143518447875977,3.1438937187194824,0.9902468769565977,0.976085742941298,0.9847536923042043,0.9760433466199568,24.41923879566739,20.799138086695343,24.319983676265274,20.797772577793058,29.864384669920582,33.452147788095374,True,3.5222110984722157,3.6201007089720463,0.9996247291564941,0.014161134015299726,gtcrn_dns3,artillery/0025,artillery,5639,-3.31,1,False,0.21268130000680685,0.05317032500170171
1.3583437204360962,1.1974414587020874,0.8483272914778475,0.8290441138858492,0.7674954774252514,0.7378709975240131,5.012738510289589,-1.544462728591949,6.067793481842834,-1.5173403156576186,6.335886790244774,4.805011751282054,True,7.585133797500452,6.557201238881538,0.1609022617340088,0.01928317759199827,gtcrn_dns3,artillery/0026,artillery,8230,-2.5,3,True,0.2207798999734223,0.05519497499335557
2.9337918758392334,1.4701931476593018,0.9198763172720639,0.9231508046330641,0.9025335819893365,0.8961302064315753,11.906480732076751,0.618397925147431,12.12688628287193,0.5720076050013343,21.605853943033715,24.455842225820216,True,11.554878677870596,11.28808280692932,1.4635987281799316,-0.0032744873610002223,gtcrn_dns3,artillery/0027,artillery,1284,6.61,1,True,0.20830460009165108,0.05207615002291277
2.966662645339966,3.8151824474334717,0.9592423880914518,0.9703871467024997,0.9415176703148064,0.9621077524215361,22.066003043101404,29.735825840346255,21.952732071947825,29.736229670022656,20.608324801126987,32.81937571547339,True,-7.783497598074831,-7.669822797244851,-0.8485198020935059,-0.011144758611047911,gtcrn_dns3,artillery/0028,artillery,237,13.02,1,False,0.19282639981247485,0.04820659995311871
2.1638219356536865,1.4538698196411133,0.9381799221611782,0.9104263722254483,0.881038868801011,0.8267608381476866,11.239165198452108,10.005324771271027,11.48231774709295,10.190809557160616,9.512265579239523,7.961262746199835,True,1.2915081899323333,1.2338404271810806,0.7099521160125732,0.02775354993572987,gtcrn_dns3,artillery/0029,artillery,1320,4.62,1,True,0.20600569993257523,0.051501424983143806
3.4855239391326904,3.5065927505493164,0.979819465537525,0.9839461804558133,0.9573150265924524,0.9746630552128188,24.762546914710022,22.51745890404312,24.554810923382355,22.519524595227082,21.256788015879806,33.68763640511914,True,2.035286328155273,2.245088010666901,-0.021068811416625977,-0.00412671491828831,gtcrn_dns3,artillery/0030,artillery,3575,4.21,1,False,0.20150960003957152,0.05037740000989288
4.18880558013916,4.347370624542236,0.9977057017971775,0.9999995948937619,0.993366333627947,0.9999895754307384,24.86752310541072,29.72951312027253,24.727762129834893,29.72868475808109,25.358893321130335,34.71393965987072,True,-5.000922628246197,-4.86199001486181,-0.15856504440307617,-0.002293893096584343,gtcrn_dns3,artillery/0031,artillery,4992,11.56,1,False,0.18911579996347427,0.04727894999086857
2.2446048259735107,1.2540524005889893,0.8808986874039112,0.8316634363152334,0.7420969585712938,0.6856421859599099,11.619719371531152,1.3217618946806056,11.901694587815268,1.3586973363377126,8.277712874884056,4.58304904737581,True,10.542997251477555,10.297957476850547,0.9905524253845215,0.04923525108867777,gtcrn_dns3,artillery/0032,artillery,2961,1.02,1,True,0.19362980010919273,0.04840745002729818
2.85306715965271,2.2580339908599854,0.969956306564139,0.9640482129869336,0.9309129103518601,0.9098693962003027,12.839599249314906,10.465529178037723,13.037764563168677,10.465948494348993,14.510474386169784,16.01575242595497,True,2.5718160688196843,2.374070071277183,0.5950331687927246,0.005908093577205453,gtcrn_dns3,artillery/0033,artillery,61,9.85,3,True,0.21001899987459183,0.05250474996864796
3.010999917984009,3.065403461456299,0.964648692156126,0.9774547226349695,0.9338395814695539,0.9485848702634252,14.699751111284199,11.520524035566932,14.843375806210112,11.488815947856885,21.642328328493072,30.6008465318667,True,3.354559858353227,3.1792270757172663,-0.05440354347229004,-0.012806030478843433,gtcrn_dns3,artillery/0034,artillery,61,3.04,1,False,0.18360420013777912,0.04590105003444478
3.2610628604888916,2.990842342376709,0.9706666239555063,0.9946003961134525,0.9512777764783621,0.9660612999813728,23.891925400778938,19.94322167633368,23.292403866230078,19.920075432502,24.530019269258243,30.832052939989342,True,3.372328433728079,3.9487037244452594,0.2702205181121826,-0.02393377215794623,gtcrn_dns3,artillery/0035,artillery,3570,7.39,1,False,0.1953551999758929,0.048838799993973225
2.2896888256073,1.35262131690979,0.9577391055417409,0.9267724010668558,0.8882674441581814,0.8483399124834937,15.675857479260474,9.58671249515711,15.790491575464596,9.58662721568299,12.643411339146185,10.022272092784858,True,6.2038643597816066,6.089144984103363,0.9370675086975098,0.030966704474885143,gtcrn_dns3,artillery/0036,artillery,1580,1.66,3,True,0.21766580012626946,0.054416450031567365
1.8384439945220947,1.1067508459091187,0.8458444832785598,0.8218804251677727,0.7069787975223294,0.6601811345502315,11.401110422931522,-2.1168160857976597,11.674644065474553,-2.356057021009366,9.984826419049815,4.747849062006388,True,14.03070108648392,13.517926508729182,0.7316931486129761,0.023964058110787056,gtcrn_dns3,artillery/0037,artillery,8463,2.13,4,True,0.19231169996783137,0.04807792499195784
1.8170788288116455,1.3991546630859375,0.9229667397489013,0.9057358311461743,0.7792310428185073,0.7147420224976055,9.456020387909156,2.261197736178283,8.63603678563192,2.3552072340683714,6.09853843501215,5.547406127003421,True,6.2808295515635475,7.194822651730873,0.417924165725708,0.017230908602727024,gtcrn_dns3,artillery/0038,artillery,4077,4.09,2,True,0.22263590013608336,0.05565897503402084
2.4121572971343994,2.9392755031585693,0.9342116927417946,0.9530110110469103,0.8478182580193342,0.9110434592825523,16.969300225994544,17.285843934018125,16.94753059780276,17.27234456488409,13.967320864398312,31.366148502076303,True,-0.3248139670813295,-0.31654370802358045,-0.5271182060241699,-0.01879931830511572,gtcrn_dns3,artillery/0039,artillery,672,12.71,1,False,0.23785110004246235,0.05946277501061559
1.5822124481201172,1.0949034690856934,0.8506022758165559,0.8643381986058809,0.7078641363238917,0.6598212891983697,10.833037612358385,4.847275127128363,11.130143708567603,4.867922434984063,8.053826677662196,1.5440976824592183,True,6.26222127358354,5.985762485230023,0.48730897903442383,-0.013735922789325006,gtcrn_dns3,rotor/0000,rotor,4446,5.34,0,False,0.20611999998800457,0.05152999999700114
1.6730237007141113,1.113064169883728,0.8993200335035114,0.8460764116012166,0.7958451652828974,0.6562525346527991,10.192895653014212,4.513514372717359,10.549125012733182,4.58493521022197,8.371940953147178,2.7578531488039175,True,5.9641898025112114,5.679381280296853,0.5599595308303833,0.05324362190229481,gtcrn_dns3,rotor/0001,rotor,237,7.83,0,True,0.21086649992503226,0.052716624981258065
1.2445051670074463,1.2212241888046265,0.7533119623725987,0.7397967584191633,0.6527899252704426,0.6177930687518118,-1.7058489915187227,-7.774369683437944,0.17386524146727378,-7.181034294774422,5.013883256288459,3.680122806367749,True,7.354899536241696,6.068520691919221,0.023280978202819824,0.013515203953435417,gtcrn_dns3,rotor/0002,rotor,7729,-4.23,0,True,0.19592660013586283,0.04898165003396571
2.370014190673828,2.0808966159820557,0.9312761329856385,0.9263301227356507,0.9027271186255876,0.8871039540537934,10.32069058245684,-1.5599488247952595,10.69479485480002,-1.493827301340914,18.04690753637499,24.10168503912609,True,12.188622156140934,11.880639407252099,0.28911757469177246,0.004946010249987753,gtcrn_dns3,rotor/0003,rotor,8455,-1.29,0,False,0.21236789994873106,0.053091974987182766
1.660353422164917,1.129776954650879,0.9172400616268345,0.8936905149170817,0.8073183095290385,0.6787851641087577,9.633707924071501,5.065408494226156,10.055088988087231,5.121085710970275,7.3336000291846535,1.9034655721015599,True,4.934003277116956,4.568299429845346,0.5305764675140381,0.023549546709752733,gtcrn_dns3,rotor/0004,rotor,6829,5.46,0,False,0.196771000046283,0.04919275001157075
1.2021855115890503,1.0340322256088257,0.776972394181797,0.7361588147997011,0.5940543502668094,0.4327615757683198,-12.428722877692016,-10.528017516096416,-9.41083943419734,-10.430414455498976,-6.313144324326512,-7.513708356811896,True,1.0195750213016357,-1.9007053615956,0.1681532859802246,0.040813579382095844,gtcrn_dns3,rotor/0005,rotor,4992,3.44,0,True,0.19125579996034503,0.04781394999008626
1.1166603565216064,1.018254041671753,0.8041992794755223,0.7203976936261365,0.6248266892681481,0.4867699168063599,0.8634200531669739,-7.080401322003688,2.9545707966747576,-7.123182021512406,0.6661325166043536,-7.06137300442337,True,10.077752818187165,7.9438213751706614,0.09840631484985352,0.0838015858493858,gtcrn_dns3,rotor/0006,rotor,4992,2.74,0,True,0.22217689990065992,0.05554422497516498
1.4824074506759644,1.030236005783081,0.8473536210398968,0.719052881079604,0.6726665293752595,0.48670501123123944,7.497572031643313,0.15968808663348547,8.203448564131701,0.23851937399899736,5.281118674425121,-2.8283791527707054,True,7.964929190132704,7.337883945009827,0.4521714448928833,0.1283007399602928,gtcrn_dns3,rotor/0007,rotor,2094,0.24,0,False,0.22657259996049106,0.056643149990122765
1.3419649600982666,1.0616166591644287,0.8401841052800999,0.7642099323800566,0.6588868779583436,0.4870332189582268,7.6727082037989325,3.564650943062842,8.242830019690095,3.57640961042889,8.01582888247139,3.0194843889428977,True,4.666420409261205,4.108057260736091,0.2803483009338379,0.07597417290004327,gtcrn_dns3,rotor/0008,rotor,6930,3.64,0,False,0.19586850004270673,0.04896712501067668
1.3870455026626587,1.0274473428726196,0.8229760137835364,0.7273380208919111,0.6450285224173411,0.5390138353814335,5.409168421136181,-1.803773121241056,6.366168083053277,-1.676144337853665,4.994432844996241,-1.9875127608995335,True,8.042312420906942,7.212941542377237,0.35959815979003906,0.09563799289162522,gtcrn_dns3,rotor/0009,rotor,2300,-1.59,0,False,0.20898130000568926,0.052245325001422316
1.3342868089675903,1.0569887161254883,0.8255418016031862,0.7650141538645743,0.64582026191381,0.5691068616884621,-6.8207423862749454,-10.510252626347896,-4.361856034456534,-9.701824843816196,2.504052139815708,0.006490169940559099,True,5.339968809359662,3.6895102400729503,0.27729809284210205,0.06052764773861197,gtcrn_dns3,rotor/0010,rotor,4077,-1.18,0,True,0.2379664999898523,0.05949162499746308
2.139918804168701,1.3474161624908447,0.9136843885983654,0.8834293378666497,0.8276419663064942,0.7440898165904049,8.235344131057259,5.13962163823133,8.817902236105922,5.058915201605171,6.097385564135841,3.090364278385098,True,3.758987034500752,3.095722492825929,0.7925026416778564,0.03025505073171575,gtcrn_dns3,rotor/0011,rotor,7127,9.02,0,True,0.19048969983123243,0.04762242495780811
2.258005142211914,1.6055223941802979,0.949338141901655,0.9070750765604321,0.786468689311048,0.6815952190317407,15.89877504035606,10.585268559774342,15.961785966724193,10.594319969758832,7.96235722201466,2.9367863056317196,True,5.367465996965361,5.313506480581719,0.6524827480316162,0.04226306534122293,gtcrn_dns3,rotor/0012,rotor,2961,10.63,0,False,0.20307950000278652,0.05076987500069663
1.3188848495483398,1.0459495782852173,0.8034843019498131,0.7448403917752912,0.6246689297928154,0.47254302618510324,2.827730509319802,0.2661575270358932,4.489927144632608,0.41342694239260763,2.4356070063643913,-2.2273771724959777,True,4.07650020224,2.561572982283909,0.27293527126312256,0.058643910174521974,gtcrn_dns3,rotor/0013,rotor,2300,9.94,0,True,0.19414010015316308,0.04853502503829077
1.8477816581726074,1.183483600616455,0.9332575761327144,0.8817133012959656,0.8221802275562583,0.6647821113333539,10.074664269778744,6.070581750802063,10.468085581266964,6.064782516304005,8.022867564691044,4.532874527244162,True,4.403303064962959,4.004082518976681,0.6642980575561523,0.05154427483674884,gtcrn_dns3,rotor/0014,rotor,7729,11.31,0,True,0.20369939994998276,0.05092484998749569
2.0475642681121826,1.3997846841812134,0.9029982959308495,0.8321938704482099,0.736037682451826,0.626013995592972,9.217197887512732,3.4469617723534074,9.671457219732694,3.3993442717817137,4.4742726865291305,-1.1281000369672565,True,6.272112947950981,5.770236115159324,0.6477795839309692,0.07080442548263954,gtcrn_dns3,rotor/0015,rotor,3729,8.32,0,True,0.21437070006504655,0.05359267501626164
1.6895500421524048,1.142737865447998,0.8427420026914817,0.7896409002951456,0.6340381744247696,0.546897238443255,10.151335259874454,2.118087149600221,10.508336572398754,2.0929749109311673,5.356692757308156,-1.982358802292735,True,8.415361661467587,8.033248110274233,0.5468121767044067,0.05310110239633614,gtcrn_dns3,rotor/0016,rotor,908,8.63,0,True,0.2266466999426484,0.0566616749856621
1.3538305759429932,1.067007064819336,0.7664021896006918,0.5916014996556545,0.5018258342514399,0.3645861417024268,0.2923719418007784,-6.4791166617042,2.364097143566452,-6.572613434075821,-1.3217705351631914,-7.454064255836807,True,8.936710577642273,6.771488603504979,0.2868235111236572,0.1748006899450374,gtcrn_dns3,rotor/0017,rotor,3729,2.63,0,True,0.18586900015361607,0.04646725003840402
1.2878564596176147,1.0585259199142456,0.6390128978879843,0.6019916398462659,0.37185099140412364,0.30148338563532195,4.776761092201841,-6.068854213639455,5.995103585079182,-6.1300292977304505,1.7064746673083635,-7.44027742372873,True,12.125132882809632,10.845615305841296,0.22933053970336914,0.03702125804171841,gtcrn_dns3,rotor/0018,rotor,5639,6.94,0,True,0.2072632999625057,0.051815824990626425
1.58015775680542,1.3008520603179932,0.8892519385071205,0.8645898668407191,0.8073087411943527,0.7550126186065482,4.214156374522539,-2.5018097616391755,5.489802217840585,-2.6882901091125038,14.205926337791992,16.500107539181602,True,8.178092326953088,6.715966136161715,0.27930569648742676,0.02466207166640133,gtcrn_dns3,rotor/0019,rotor,2300,-2.31,0,False,0.21473739994689822,0.053684349986724555
1.177728295326233,1.043225646018982,0.7770230436100992,0.7285277971020403,0.5300606559069132,0.42287575474516625,-9.784093971810401,-8.610570411917225,-6.771745826777854,-8.739368516040638,-5.9158818106305775,-7.745475937403302,True,1.9676226892627842,-1.1735235598931766,0.13450264930725098,0.04849524650805892,gtcrn_dns3,rotor/0020,rotor,121,-1.13,0,True,0.21046299999579787,0.05261574999894947
1.320292353630066,1.0505588054656982,0.7945347125670865,0.6991873056134124,0.6000535662404938,0.479664333352938,4.5484526475588165,-8.987647702624786,5.721026698616675,-8.646693960846873,1.5497414253559914,-7.993226097583613,True,14.367720659463547,13.536100350183602,0.2697335481643677,0.09534740695367416,gtcrn_dns3,rotor/0021,rotor,908,4.25,0,True,0.2143990001641214,0.05359975004103035
2.1289899349212646,1.5535838603973389,0.9433079917067103,0.9115636640538656,0.870024365858258,0.7972784371039012,8.702855518397968,3.343736233500532,9.249904883784158,3.3563065803997363,14.699916887818729,18.22767803978323,True,5.8935983033844215,5.359119284897435,0.5754060745239258,0.03174432765284474,gtcrn_dns3,rotor/0022,rotor,7176,3.89,0,False,0.1899177001323551,0.047479425033088773
2.2838330268859863,2.128204345703125,0.8777550937514936,0.8570118923642944,0.7490708750449141,0.719135082516523,11.156097723426992,12.948186889326621,11.241572551549828,12.975524792641377,9.541011915769872,6.768189269650383,True,-1.7339522410915489,-1.792089165899629,0.15562868118286133,0.020743201387199206,gtcrn_dns3,rotor/0023,rotor,7127,12.98,0,False,0.212153899949044,0.053038474987261
2.6037275791168213,1.4120486974716187,0.9404015631899999,0.918519579174187,0.8895813915882053,0.8229144823385248,15.406097194694299,10.858672888817738,15.287330056995103,10.8667871298198,12.117385953330679,7.319888115458585,True,4.420542927175303,4.547424305876561,1.1916788816452026,0.021881984015812872,gtcrn_dns3,rotor/0024,rotor,3575,10.89,0,False,0.20719559979625046,0.051798899949062616
2.1952667236328125,1.313738465309143,0.9406853075124832,0.8886816958451328,0.7738786752947704,0.6060887146186569,15.952363968514282,10.0514088545997,15.951801282577918,10.060862761569538,9.494360117758708,3.4836525801230263,True,5.89093852100838,5.900955113914582,0.8815282583236694,0.05200361166735046,gtcrn_dns3,rotor/0025,rotor,2961,10.41,0,False,0.22868559998460114,0.057171399996150285
1.0916931629180908,1.0266023874282837,0.6982667835592102,0.5901085442426108,0.47846580201833727,0.3449369265715453,-1.357741441933011,-18.449834081590645,0.7881988123634204,-18.440715599753666,0.808740133011117,-9.827832276413305,True,19.228914412117085,17.092092639657633,0.06509077548980713,0.1081582393165994,gtcrn_dns3,rotor/0026,rotor,8455,2.38,0,True,0.20677629997953773,0.05169407499488443
1.251987338066101,1.0419306755065918,0.7278183168388177,0.6401752590308376,0.5259118835882575,0.4121032383931518,1.2707043838249703,-4.479079335997495,3.531994242940714,-3.8142243823068784,2.325883344892669,-5.259946170107037,True,7.346218625247593,5.7497837198224655,0.21005666255950928,0.0876430578079801,gtcrn_dns3,rotor/0027,rotor,1221,4.84,0,True,0.20851049991324544,0.05212762497831136
1.440232276916504,1.0604698657989502,0.746269510155451,0.6412267301302487,0.48870885791812685,0.34491655675700184,1.079228020563485,-6.617500035563779,3.1603537978822116,-6.506750438574024,1.542825945658065,-7.331043572523291,True,9.667104236456236,7.696728056127264,0.3797624111175537,0.10504278002520229,gtcrn_dns3,rotor/0028,rotor,2830,4.79,0,True,0.24746159999631345,0.06186539999907836
1.3895289897918701,1.377245545387268,0.7788266370112014,0.780637654694878,0.6455546482780085,0.6051172435407278,8.383561474602516,5.014296576510834,8.933568359417754,5.018239700319088,5.893839433989205,2.8478507950365795,True,3.915328659098665,3.369264898091682,0.01228344440460205,-0.0018110176836766412,gtcrn_dns3,rotor/0029,rotor,61,5.02,0,False,0.20531399990431964,0.05132849997607991
1.0382620096206665,1.0145018100738525,0.6038895961132137,0.4681069176314138,0.3385870854328883,0.2780354506456015,-1.45224618955476,-12.232659452721297,1.643749331738554,-10.804424182778511,1.2694974450413503,-9.133607314457217,True,12.448173514517066,10.780413263166537,0.023760199546813965,0.13578267848179987,gtcrn_dns3,rotor/0030,rotor,2830,-2.75,0,True,0.23710089991800487,0.05927522497950122
2.0377585887908936,1.8288044929504395,0.9515616766688049,0.9518947327183986,0.9267587169942082,0.9198992705509298,12.266053474779264,-4.651553662579536,12.513015879543856,-4.654624477740713,17.496855862106553,25.378605411947394,True,17.16764035728457,16.9176071373588,0.2089540958404541,-0.0003330560495937718,gtcrn_dns3,rotor/0031,rotor,237,-3.97,0,False,0.20777139998972416,0.05194284999743104
2.1419129371643066,1.0990262031555176,0.9306725229403797,0.8914101951078033,0.8510769373938439,0.7442232135380658,13.287295381774765,6.101361514379672,13.459516063470234,6.117906482104222,11.372609867226092,5.965884066056363,True,7.341609581366012,7.185933867395093,1.042886734008789,0.03926232783257644,gtcrn_dns3,rotor/0032,rotor,4992,6.7,0,False,0.20198970008641481,0.050497425021603703
2.6648333072662354,1.8000190258026123,0.9336387172833693,0.9425652559895025,0.8948814154928073,0.8756225740691046,13.574662281582954,13.68573654188065,13.637501284297993,13.678107492198466,11.874715877830806,9.552692611961426,True,-0.04060620790047231,-0.11107426029769485,0.864814281463623,-0.008926538706133136,gtcrn_dns3,rotor/0033,rotor,3575,13.7,0,False,0.2141762999817729,0.053544074995443225
2.219940185546875,1.5326902866363525,0.9602630470003766,0.9111512177585248,0.8832363184085433,0.7636541089053593,16.18361192328938,10.945575418907511,16.253952393376426,10.903713631189548,12.006254969624091,5.557671011469405,True,5.350238762186878,5.238036504381869,0.6872498989105225,0.04911182924185176,gtcrn_dns3,rotor/0034,rotor,4507,11.53,0,False,0.20120349992066622,0.050300874980166554
2.0688493251800537,1.5560624599456787,0.9341219376837763,0.9106974089948022,0.8236320240893469,0.7204381931499951,13.13313248602402,5.837981065681639,13.336760508620593,5.875348345404849,7.830603544795663,0.45872887032789916,True,7.461412163215743,7.295151420342382,0.512786865234375,0.023424528688974044,gtcrn_dns3,rotor/0035,rotor,8463,8.3,0,True,0.2333935999777168,0.0583483999944292
1.5004441738128662,1.0566751956939697,0.7812672269505551,0.7124866324221408,0.6146679468891717,0.5112449216207097,6.886403382450857,-4.194018468526324,7.693878898197787,-4.210464980972906,4.5501296176589285,-4.627584704786041,True,11.904343879170693,11.080421850977181,0.4437689781188965,0.06878059452841423,gtcrn_dns3,rotor/0036,rotor,237,-3.48,0,False,0.23598100012168288,0.05899525003042072
1.408604383468628,1.16263747215271,0.6489167865548868,0.5394419448537838,0.38022382214245637,0.24909819133607625,-6.5676521575573235,-6.525314559609608,-3.367666581536339,-6.393453926140839,-5.071741362431465,-7.24632217651795,True,3.0257873446045,-0.04233759794771519,0.24596691131591797,0.109474841701103,gtcrn_dns3,rotor/0037,rotor,1188,5.82,0,True,0.2231612999457866,0.05579032498644665
1.762049674987793,1.1276427507400513,0.889515325450463,0.8159885270298407,0.7786099456283991,0.6461617930390716,8.86374851278781,0.4747864846685476,9.38675914074963,0.43017109162387296,5.46193172026527,-2.478876787270066,True,8.956588049125758,8.388962028119263,0.6344069242477417,0.07352679842062226,gtcrn_dns3,rotor/0038,rotor,1284,2.3,0,True,0.23332599992863834,0.058331499982159585
1.5785765647888184,1.3179563283920288,0.8366110061643162,0.8172314737755257,0.6856701104689324,0.6184529784671895,9.435693603970837,7.490000615252729,9.739856609170563,7.516585655001369,5.873955847622701,2.571379398585055,True,2.2232709541691937,1.9456929887181076,0.26062023639678955,0.01937953238879042,gtcrn_dns3,rotor/0039,rotor,61,7.52,0,False,0.2260764001403004,0.0565191000350751
2.654398202896118,1.3730735778808594,0.9726391842965904,0.9606057150718232,0.8804533404079703,0.7854734755685202,18.958625600726553,13.230548834309184,18.889577849225645,13.225648878914676,14.293930602492269,10.704125249919294,True,5.66392897031097,5.728076766417368,1.2813246250152588,0.012033469224767113,gtcrn_dns3,engine/0000,engine,121,14.19,0,False,0.2182068000547588,0.0545517000136897
1.2588874101638794,1.095259189605713,0.7844012056185419,0.737796394000406,0.5600146851934419,0.4822132456055894,5.052970222239582,1.9399353640755224,6.1549348388502825,1.8316227960346068,4.113633733398149,0.29555623701937866,True,4.323312042815676,3.1130348581640592,0.1636282205581665,0.0466048116181359,gtcrn_dns3,engine/0001,engine,121,10.16,0,True,0.21200230019167066,0.053000575047917664
2.730475902557373,1.311739206314087,0.987563634607539,0.9799709761352026,0.9659336358994691,0.9320003883519142,19.677769067672465,8.009533144336364,19.544080886775962,8.031502256769512,14.951121903172254,4.8967926065872955,True,11.51257863000645,11.6682359233361,1.4187366962432861,0.007592658472336478,gtcrn_dns3,engine/0002,engine,237,9.4,0,False,0.20346690015867352,0.05086672503966838
2.3391406536102295,1.4404712915420532,0.9289731387379006,0.9252722802306206,0.8605738567193594,0.8323229237089376,14.775144960313959,8.833625081101966,14.77730722468239,8.823970491937757,10.460818323888855,4.670941063485915,True,5.953336732744633,5.941519879211993,0.8986693620681763,0.0037008585072799693,gtcrn_dns3,engine/0003,engine,1089,9.26,0,False,0.1951956998091191,0.048798924952279776
2.013409376144409,1.520149827003479,0.9635961333003845,0.9597462842809391,0.8989946951964894,0.8722510121210117,12.250498596498396,9.695088761199258,12.484287402745299,9.627932329730365,9.283088634050984,6.5974244978341625,True,2.8563550730149334,2.5554098352991375,0.4932595491409302,0.003849849019445406,gtcrn_dns3,engine/0004,engine,7176,10.06,0,False,0.22170650004409254,0.055426625011023134
1.0777733325958252,1.0488035678863525,0.6050179819409004,0.5677346736982781,0.35491746105170796,0.3035990362967473,-3.0682770313758683,-9.184906573930405,-0.05655471780710358,-9.053169707180796,-1.7185928676286673,-5.251723265833923,True,8.996614989373693,6.116629542554537,0.028969764709472656,0.03728330824262227,gtcrn_dns3,engine/0005,engine,2830,-0.06,0,True,0.19363979995250702,0.048409949988126755
1.549767017364502,1.1245598793029785,0.8997972932010986,0.835715892906551,0.7558173176780536,0.6350525883452192,8.64897404850835,1.3534911761171997,9.125103096783437,1.3636377824119155,7.449747090036908,0.8853911455130018,True,7.761465314371522,7.29548287239115,0.42520713806152344,0.06408140029454756,gtcrn_dns3,engine/0006,engine,4970,2.12,0,False,0.21418979996815324,0.05354744999203831
1.0383262634277344,1.0229339599609375,0.5536473685220287,0.4962352706289785,0.32253064371537526,0.25444782981308617,-11.267150284398395,-12.98128592962772,-3.7096201677516127,-13.131426266054449,-0.9262468026177826,-6.698818707964025,True,9.421806098302836,1.7141356452293248,0.015392303466796875,0.057412097893050185,gtcrn_dns3,engine/0007,engine,1580,-4.63,0,True,0.18698800005950034,0.046747000014875084
2.776113986968994,1.4003159999847412,0.9413826656052267,0.9061763923216762,0.864140513297702,0.7720391727923234,16.85940130018446,3.045832920689955,16.850150111187766,3.0380936665996594,11.69007628517667,-1.3665845263710912,True,13.812056444588107,13.813568379494503,1.375797986984253,0.035206273283550416,gtcrn_dns3,engine/0008,engine,3729,3.32,0,False,0.22403279994614422,0.056008199986536056
1.2174193859100342,1.0513532161712646,0.6886550540777404,0.6570499480615041,0.5266705051873765,0.4148396930757086,6.085567292383731,2.5781192320118738,6.732023747945167,2.5616058252294054,5.401247428214652,0.7089687563629427,True,4.170417922715762,3.507448060371857,0.16606616973876953,0.03160510601623634,gtcrn_dns3,engine/0009,engine,6930,2.59,0,False,0.20214330009184778,0.050535825022961944
2.236706256866455,1.6262786388397217,0.9461299023831364,0.9679626154415155,0.9085786222835718,0.8568927544175581,15.235007656397945,13.566472717320684,15.293215257827718,13.54904658017096,13.551508697542365,11.069049975711051,True,1.7441686776567575,1.6685349390772615,0.6104276180267334,-0.021832713058379083,gtcrn_dns3,engine/0010,engine,121,13.82,0,False,0.2073629000224173,0.05184072500560433
1.1130048036575317,1.0413355827331543,0.6144325713758501,0.5815366748408687,0.4577987183963388,0.34791983126645315,2.991671038746055,-2.0564985979067356,4.6003485151890295,-2.000338340669253,4.074633127343252,-2.351293104361177,True,6.6006868558582825,5.048169636652791,0.07166922092437744,0.03289589653498137,gtcrn_dns3,engine/0011,engine,2300,2.07,0,True,0.21216490003280342,0.053041225008200854
1.377340316772461,1.0552332401275635,0.8016813322494908,0.7226264975648953,0.644123516581832,0.5040492853283075,6.284848945643514,1.8811228748933089,7.185511916269695,1.92379395870721,4.90529671179029,-1.248702783434206,True,5.261717957562485,4.403726070750205,0.32210707664489746,0.07905483468459551,gtcrn_dns3,engine/0012,engine,4992,9.03,0,True,0.21585210016928613,0.05396302504232153
1.3887317180633545,1.0716160535812378,0.7637439567490926,0.7073135410895569,0.5787947696995812,0.4898074078388405,6.687716050588399,1.6759120797832479,7.531219399360616,1.718369592269775,5.6824747842229115,1.947821756979288,True,5.81284980709084,5.011803970805151,0.3171156644821167,0.05643041565953566,gtcrn_dns3,engine/0013,engine,7176,1.95,0,False,0.2061867001466453,0.05154667503666133
1.525395154953003,1.0303117036819458,0.8176992696540224,0.659189431925931,0.6885294154070725,0.4381390392678936,8.427612415609351,0.5681423503363634,8.896525630716996,0.505319145159274,6.948147508711631,-1.7402113800197532,True,8.39120648555772,7.859470065272988,0.49508345127105713,0.15850983772809135,gtcrn_dns3,engine/0014,engine,3575,3.07,0,True,0.22221719985827804,0.05555429996456951
2.4406914710998535,1.137006163597107,0.9630090945312504,0.9335904176851053,0.9078826779828787,0.8170417353693594,13.662225113881156,3.583391874666193,13.72871975954661,3.541440572957301,10.832469857134011,0.45754027464442515,True,10.18727918658931,10.078833239214964,1.3036853075027466,0.029418676846145075,gtcrn_dns3,engine/0015,engine,237,3.8,0,False,0.20366159989498556,0.05091539997374639
1.765653371810913,1.2170828580856323,0.8751621670406196,0.8015490858780061,0.7064421042494716,0.5635146445363316,7.216280811648685,4.088473155953953,7.971099446733341,3.9903782664594587,5.153196233806119,1.5140203058318167,True,3.980721180273882,3.127807655694732,0.5485705137252808,0.07361308116261345,gtcrn_dns3,engine/0016,engine,7729,8.7,0,True,0.19898519990965724,0.04974629997741431
2.069492816925049,1.3154979944229126,0.786251706543702,0.7051550493190728,0.6057617288178413,0.5143751501853724,9.294493412388565,4.0781737673490985,9.680113392734091,4.220476197715209,4.01510712399748,-2.116745684800545,True,5.459637195018882,5.216319645039467,0.7539948225021362,0.08109665722462922,gtcrn_dns3,engine/0017,engine,908,14.55,0,True,0.2133011999540031,0.053325299988500774
1.8142824172973633,1.0410239696502686,0.8269328612589861,0.731072895406194,0.7223336023892354,0.6082513236398832,6.042633094158236,-7.362412550330014,6.967451710336138,-7.376084319052531,5.311284352239856,-6.203725811805973,True,14.34353602938867,13.40504564448825,0.7732584476470947,0.0958599658527921,gtcrn_dns3,engine/0018,engine,672,8.94,0,True,0.22008609981276095,0.05502152495319024
1.3890959024429321,1.0716488361358643,0.6764918584175659,0.5604289752280917,0.49201583098343066,0.3790505985132993,4.169318367713803,-2.1271940349173386,5.572659367477238,-2.0246339149749493,2.6954989549120496,-4.093136892474401,True,7.597293282452187,6.296512402631142,0.31744706630706787,0.11606288318947422,gtcrn_dns3,engine/0019,engine,3729,-2.02,0,False,0.2073340998031199,0.051833524950779974
2.102032423019409,1.279261827468872,0.9577809190056977,0.9402980189774169,0.9046925292520192,0.8244348617547873,9.32178104962508,6.381052093857914,9.743079422114073,6.406119772818605,8.207808977314125,2.9949401135239504,True,3.3369596492954683,2.9407289557671668,0.8227705955505371,0.01748290002828079,gtcrn_dns3,engine/0020,engine,1284,13.52,0,True,0.20391359995119274,0.050978399987798184
1.1150532960891724,1.0538417100906372,0.5261067502569988,0.5343939960477523,0.2847304097777106,0.26819065896033306,-2.2827173333159747,-3.91954648541299,1.975770237261959,-3.528378568541922,-0.06876606785983815,-3.65746031092654,True,5.504148805803881,1.636829152097015,0.061211585998535156,-0.008287245790753461,gtcrn_dns3,engine/0021,engine,7176,0.61,0,True,0.2193130999803543,0.05482827499508858
2.348533868789673,1.326629877090454,0.9221084135284052,0.878309853704517,0.8487776783291346,0.7658602194875185,17.103757148483027,13.398191515796967,17.17176933471172,13.375008406274773,14.786155050322419,11.674458588316721,True,3.796760928436946,3.70556563268606,1.0219039916992188,0.04379855982388825,gtcrn_dns3,engine/0022,engine,8555,13.94,0,False,0.2020143000409007,0.05050357501022518
2.1708240509033203,1.3707265853881836,0.9560679676364855,0.9295160149720416,0.9005556853645118,0.8162102451490019,12.34869102100056,8.452635175734628,12.573710893394928,8.44696206411729,12.007650213640773,7.317131823389515,True,4.126748829277638,3.8960558452659324,0.8000974655151367,0.02655195266444388,gtcrn_dns3,engine/0023,engine,1320,8.59,0,False,0.18411819986067712,0.04602954996516928
1.1265895366668701,1.1149520874023438,0.5391667997967127,0.44014935284144546,0.3031379766942594,0.16943617711217338,0.9328315869395152,-8.438155899210749,3.489207095266959,-8.058134466974785,1.1198608140817992,-7.6591755455512525,True,11.547341562241744,9.370987486150264,0.011637449264526367,0.09901744695526721,gtcrn_dns3,engine/0024,engine,672,2.17,0,True,0.2098432001657784,0.0524608000414446
1.1332218647003174,1.0283094644546509,0.6103224174059692,0.5032245297652332,0.43004043371138906,0.24174895944747132,4.59374906073718,-3.625369010328621,5.876192898716036,-3.7152261523392296,3.7323926685528206,-4.785550843193337,True,9.591419051055265,8.2191180710658,0.1049124002456665,0.10709788764073591,gtcrn_dns3,engine/0025,engine,1995,-3.17,0,False,0.21217680000700057,0.05304420000175014
1.4344234466552734,1.074013590812683,0.8720301712148042,0.8230317691975433,0.7107851713391029,0.6483324436873612,7.4853692640978755,0.9346518162947676,8.10114329719683,0.9406701184437404,6.255168917471423,2.2673185716258355,True,7.160473178753089,6.550717447803108,0.36040985584259033,0.04899840201726091,gtcrn_dns3,engine/0026,engine,5639,6.79,0,True,0.1963553000241518,0.04908882500603795
1.1582573652267456,1.0230315923690796,0.777614971099628,0.7370549269481074,0.5702299293590465,0.42293101391640964,5.341725158223106,0.2609046446485077,6.448363816322072,0.29235352096361966,3.735013471219419,-2.7648962481669903,True,6.156010295358453,5.080820513574598,0.13522577285766602,0.04056004415152059,gtcrn_dns3,engine/0027,engine,5142,4.4,0,True,0.20991680002771318,0.052479200006928295
1.1362452507019043,1.0372154712677002,0.6543510236351061,0.544631976332094,0.45359625514918817,0.3146119183537172,0.6536298949251501,-3.4268733885656566,3.2546399154304337,-3.188396884994193,2.076365688094814,-4.6408473321294,True,6.443036800424627,4.080503283490807,0.0990297794342041,0.10971904730301207,gtcrn_dns3,engine/0028,engine,2830,3.63,0,True,0.2128271001856774,0.05320677504641935
1.1072144508361816,1.0219519138336182,0.7192932413086015,0.6265253016004598,0.5086214539022179,0.40882441245420936,6.778215365867855,-4.734818313696245,7.592852393929697,-4.465313221798769,4.429432178754892,-7.144078333355151,True,12.058165615728466,11.5130336795641,0.08526253700256348,0.09276793970814168,gtcrn_dns3,engine/0029,engine,2094,-1.47,0,True,0.1802810998633504,0.0450702749658376
1.586594581604004,1.0990363359451294,0.8709234734076706,0.7910748018687546,0.6462498615718085,0.5144925301352553,9.517302706816235,5.338947003274255,9.94551109019812,5.333969067660524,7.184194897286359,2.8680740171785986,True,4.611542022537597,4.17835570354198,0.4875582456588745,0.07984867153891606,gtcrn_dns3,engine/0030,engine,1284,7.67,0,True,0.19212669995613396,0.04803167498903349
2.401331901550293,1.133439540863037,0.9288800298609414,0.8469969570859223,0.8164409267071554,0.6599040844916528,19.745755866474802,5.42034203081276,19.265070262649306,5.420179492297638,13.039832312851383,0.90890504034419,True,13.844890770351668,14.325413835662042,1.2678923606872559,0.08188307277501916,gtcrn_dns3,engine/0031,engine,3570,5.42,0,False,0.18220609985291958,0.045551524963229895
1.42130446434021,1.0730359554290771,0.787811196134122,0.6147696791565516,0.488168759872256,0.2934080716322782,7.864692368308032,-0.09223308164614,8.521039616317026,-0.09172259668265989,3.0154816735801826,-4.899445849161424,True,8.612762212999685,7.956925449954172,0.3482685089111328,0.17304151697757042,gtcrn_dns3,engine/0032,engine,908,-0.09,0,False,0.18360750004649162,0.045901875011622906
1.6441998481750488,1.1318156719207764,0.8326939031253635,0.7699693392539568,0.7266191720568494,0.6381915787046099,6.981304455564574,0.6429668957630675,7.706557065781698,0.6270552185671509,8.056053454832858,5.174068972360985,True,7.079501847214548,6.338337559801507,0.5123841762542725,0.06272456387140668,gtcrn_dns3,engine/0033,engine,61,6.51,0,True,0.23885490000247955,0.05971372500061989
2.1690778732299805,1.3720022439956665,0.9069347697451469,0.8736330422158429,0.7815975508814634,0.6883983479956632,15.126048180918579,5.681030092520935,14.708870710809347,5.749251487217771,8.228597423898227,-0.8647086952884915,True,8.959619223591575,9.445018088397644,0.797075629234314,0.03330172752930394,gtcrn_dns3,engine/0034,engine,5105,5.77,0,False,0.16512729995884,0.04128182498971
1.72565495967865,1.107471227645874,0.46164713702628163,0.33533132585736586,0.32304636126649827,0.21310033567112088,4.954967548063197,-5.643618043360203,6.011646879156535,-5.185542521562697,1.952072609691438,-6.863356481116148,True,11.197189400719232,10.5985855914234,0.6181837320327759,0.12631581116891577,gtcrn_dns3,engine/0035,engine,1188,-2.43,0,True,0.18487290013581514,0.046218225033953786
1.06058669090271,1.1158515214920044,0.43733263787344734,0.4367033687278242,0.20694685065283078,0.18532506097957419,-11.515684717243346,-9.653452998232444,-3.1788439866627805,-9.729026620121479,-3.581267663757694,-7.945645700604704,True,6.550182633458698,-1.862231719010902,-0.055264830589294434,0.0006292691456231125,gtcrn_dns3,engine/0036,engine,4992,-2.72,0,True,0.18042830005288124,0.04510707501322031
1.3867387771606445,1.0702617168426514,0.778869275760123,0.7450654363538228,0.5832527696944089,0.47038599252081353,7.4999105488262785,1.1697824479587495,8.204010190613433,1.0790128868365152,4.028462320586381,-2.733517380597028,True,7.124997303776918,6.330128100867529,0.31647706031799316,0.03380383940630016,gtcrn_dns3,engine/0037,engine,237,1.61,0,False,0.19874030002392828,0.04968507500598207
2.035933494567871,1.5140825510025024,0.9602494819847154,0.9448314874133475,0.9206599953543015,0.8826366014512923,13.291548165623988,14.465406692769916,13.363735026596675,14.466642015414665,14.958627781217471,13.757021857368906,True,-1.10290698881799,-1.1738585271459279,0.5218509435653687,0.015417994571367832,gtcrn_dns3,engine/0038,engine,5142,14.48,0,False,0.17119599995203316,0.04279899998800829
1.8745372295379639,1.445371389389038,0.9648518370420732,0.9622302116448771,0.8989716514519098,0.8626914714700241,5.9304210577394665,3.159642509238687,6.588823812369,3.060762843025106,4.439977420684502,0.6205424446864533,True,3.528060969343894,2.7707785485007794,0.4291658401489258,0.0026216253971961256,gtcrn_dns3,engine/0039,engine,8230,12.79,0,True,0.18129860004410148,0.04532465001102537
2.2388219833374023,1.0896196365356445,0.9152645091641792,0.890949753230886,0.8079642624916087,0.8170732283358395,-0.8801479874483293,-12.605202325650126,2.021722293478054,-10.848280211385235,4.688965078110089,4.286865726196931,True,12.87000250486329,11.725054338201797,1.1492023468017578,0.02431475593329324,gtcrn_dns3,siren/0000,siren,2094,-3.29,0,True,0.1938738999888301,0.04846847499720752
2.3348357677459717,1.7163509130477905,0.9262554624560585,0.9085049892362258,0.8174130108809211,0.7479517523514958,17.03008038859414,12.36680486829501,16.982242527003937,12.37715975822189,10.787528546937594,6.200448191744594,True,4.605082768782047,4.6632755202991305,0.6184848546981812,0.017750473219832696,gtcrn_dns3,siren/0001,siren,908,12.4,0,False,0.18687460012733936,0.04671865003183484
1.214964509010315,1.1488102674484253,0.754717412279864,0.7614429111038054,0.5842609604785327,0.6445171030218209,1.6257436851114018,-8.244722050142482,3.8847884822008667,-8.193896204016216,10.411439917348124,7.9133021751332215,True,12.078684686217082,9.870465735253884,0.06615424156188965,-0.006725498823941356,gtcrn_dns3,siren/0002,siren,5142,-1.22,0,True,0.1804164000786841,0.04510410001967102
3.7428200244903564,2.7464075088500977,0.9800513402427263,0.9907324177704401,0.974077033474634,0.9735579438523828,18.64648720733804,14.277785521816666,18.606556183203285,14.272183690651763,24.91767232128801,28.710964645888705,True,4.3343724925515215,4.3687016855213745,0.9964125156402588,-0.010681077527713745,gtcrn_dns3,siren/0003,siren,8224,14.84,0,False,0.18399689998477697,0.04599922499619424
3.078930616378784,1.951132893562317,0.9536803223792243,0.9224124576635488,0.8896165794389153,0.8403220636992251,10.53722998581838,7.246895263275039,10.844166123154487,7.172882195992136,18.271070075640324,23.89071496779408,True,3.671283927162351,3.2903347225433404,1.1277977228164673,0.03126786471567544,gtcrn_dns3,siren/0004,siren,8230,7.57,0,False,0.1840333000291139,0.04600832500727847
1.1309770345687866,1.2639868259429932,0.7581606608948664,0.7969756318936483,0.5763593507389093,0.6771856787696504,2.3354437039883087,-11.330893386975,3.877982209824891,-11.614542578617792,7.1453897849469294,5.2125254935866545,True,15.492524788442683,13.666337090963308,-0.13300979137420654,-0.03881497099878184,gtcrn_dns3,siren/0005,siren,121,-3.4,0,True,0.19634609995409846,0.049086524988524616
2.96639084815979,1.386789321899414,0.9699609221103844,0.9291041142539712,0.9509871552837266,0.857931135730985,13.31032435441562,2.2141268557760223,13.462653140406678,2.2476349201003676,15.732824248375367,2.1798663672037577,True,11.21501822030631,11.096197498639597,1.579601526260376,0.04085680785641321,gtcrn_dns3,siren/0006,siren,672,2.25,0,False,0.194496100069955,0.04862402501748875
1.9569717645645142,1.7504234313964844,0.8473840510315903,0.8397916497800069,0.7065103100387156,0.669730479881232,8.770739740070127,4.706737375050567,9.265683233071854,4.686828847203467,6.891399548982955,4.0528011099465795,True,4.578854385868388,4.06400236501956,0.20654833316802979,0.007592401251583447,gtcrn_dns3,siren/0007,siren,4077,8.69,0,True,0.1859776999335736,0.0464944249833934
2.406851053237915,2.058227777481079,0.9486240662808099,0.9455993198407088,0.8847863165243526,0.8537123159874243,13.659373547808416,9.652747085562064,13.451948951820603,9.688008740909115,13.830080137220266,21.68547281070296,True,3.7639402109114872,4.006626462246352,0.34862327575683594,0.0030247464401010893,gtcrn_dns3,siren/0008,siren,61,9.69,0,False,0.1807081000879407,0.04517702502198517
3.7102015018463135,3.8788344860076904,0.9895088640619707,0.9854229092335948,0.9401036202874895,0.9494052407754714,22.881442681076667,13.95707935362709,22.178454691137482,13.954538955146463,18.950287365445757,30.4489376070867,True,8.223915735991019,8.924363327449576,-0.16863298416137695,0.004085954828375926,gtcrn_dns3,siren/0009,siren,1188,14.65,0,False,0.17760040005668998,0.044400100014172494
1.7325340509414673,1.1179486513137817,0.871987328531024,0.8188391473040102,0.8103362755115208,0.6666054157168587,10.021008872784607,-0.27423956237319624,10.358870041077886,-0.25426184362503573,7.870645987557573,2.2858795050673035,True,10.613131884702922,10.295248435157804,0.6145853996276855,0.05314818122701381,gtcrn_dns3,siren/0010,siren,1580,5.17,0,True,0.1859108000062406,0.04647770000156015
2.499630928039551,1.280860185623169,0.947972061528302,0.8333276483993587,0.8758521579947409,0.6365940049723372,10.26092644273654,-3.365918941925225,10.644607306815448,-3.1967790634310678,9.235533065181421,-4.845010269156509,True,13.841386370246516,13.626845384661765,1.2187707424163818,0.11464441312894336,gtcrn_dns3,siren/0011,siren,8230,-1.61,0,True,0.20425229985266924,0.05106307496316731
1.4012054204940796,1.1903129816055298,0.8216151214024778,0.8072022932911553,0.7203905868097007,0.7104761345332604,6.081658469748358,-6.995855400417121,6.994543958564856,-6.983207905465937,10.123704484764508,5.739176155505554,True,13.977751864030793,13.077513870165479,0.2108924388885498,0.014412828111322495,gtcrn_dns3,siren/0012,siren,3575,0.47,0,True,0.18058200017549098,0.045145500043872744
2.863729238510132,1.907860279083252,0.9742390835187283,0.9289936349752138,0.9451418400308962,0.8850801764949091,11.502414922596104,4.902971505622884,11.77282501972641,4.873831538774072,14.774209848210905,25.14984022744766,True,6.898993480952338,6.59944341697322,0.9558689594268799,0.04524544854351453,gtcrn_dns3,siren/0013,siren,1221,4.87,0,False,0.18371489993296564,0.04592872498324141
2.5574004650115967,1.842874526977539,0.9802897581137376,0.9813925734349267,0.9220132967235372,0.921722750303789,8.787014228275225,1.634189066265458,9.1991778975197,1.6946918726676772,12.422213951253323,11.250282125030372,True,7.504486024852023,7.152825162009767,0.7145259380340576,-0.0011028153211890546,gtcrn_dns3,siren/0014,siren,4446,6.52,0,True,0.1820680999662727,0.04551702499156818
2.6137642860412598,1.2230619192123413,0.9701694613447528,0.872983871270863,0.9359935223099062,0.7228617401379218,14.912493396940414,-3.450374601412085,14.898229303273585,-3.466534155597854,13.985099418676286,-2.902945099741032,True,18.364763458871437,18.3628679983525,1.3907023668289185,0.09718559007388983,gtcrn_dns3,siren/0015,siren,1284,3.23,0,True,0.1788512000348419,0.044712800008710474
2.388871908187866,1.3866536617279053,0.9748955621605182,0.9587947466296186,0.9151564922735216,0.8047547521365264,8.902491163876054,1.9629266371172285,9.388567157251327,2.0484318140801303,9.45414215608475,-0.7814079759208452,True,7.340135343171196,6.939564526758825,1.002218246459961,0.016100815530899593,gtcrn_dns3,siren/0016,siren,1580,10.29,0,True,0.20362990000285208,0.05090747500071302
3.602299928665161,1.7904260158538818,0.9769234430024244,0.9530930612183155,0.9336464422499815,0.8133631996018433,17.608979836491475,9.30545921093353,17.544917978813224,9.319637525615638,14.306245343778967,5.28943736477593,True,8.225280453197586,8.303520625557946,1.8118739128112793,0.0238303817841089,gtcrn_dns3,siren/0017,siren,5105,9.32,0,False,0.1901120999827981,0.047528024995699525
2.307779550552368,1.286064624786377,0.9687094737492465,0.9037576930011805,0.9051013565490915,0.7148050517728476,10.580383261020971,-5.005005815004501,10.944060816850014,-4.989776385007556,10.827729702170407,-4.717541335012209,True,15.93383720185757,15.585389076025471,1.0217149257659912,0.06495178074806607,gtcrn_dns3,siren/0018,siren,6829,-4.8,0,False,0.19597380002960563,0.04899345000740141
2.7221124172210693,1.4189558029174805,0.9721547494189361,0.9464103998183716,0.9466029752298133,0.8500581231355484,10.886995438187396,4.686505729887079,10.95143118991934,4.700662344271414,14.905290742409486,1.5994538464337245,True,6.250768845647926,6.200489708300317,1.3031566143035889,0.025744349600564487,gtcrn_dns3,siren/0019,siren,5683,4.93,0,False,0.1363972001709044,0.0340993000427261
1.8439772129058838,1.5718767642974854,0.8627318280154066,0.865920143746134,0.8136969123623432,0.793076741499356,7.699002430057663,-2.1127798263774547,8.344260401785615,-2.0573066077750433,19.15635408436226,20.36988694924516,True,10.401567009560658,9.811782256435118,0.27210044860839844,-0.00318831573072742,gtcrn_dns3,siren/0020,siren,5142,-1.39,0,False,0.19749050005339086,0.049372625013347715
1.685431718826294,1.2455955743789673,0.9329312903963479,0.9122791344810353,0.8189149719130522,0.6911611203173115,10.066000914582542,7.441123735507583,10.415500719561717,7.454336674001669,8.54751557175109,2.960061806030878,True,2.9611640455600474,2.624877179074959,0.43983614444732666,0.020652155915312664,gtcrn_dns3,siren/0021,siren,4446,7.61,0,False,0.20266100019216537,0.050665250048041344
1.8516621589660645,1.0610406398773193,0.9199813199100211,0.9294808382702298,0.8395304646723178,0.7883052611296943,5.507047870683528,-6.767303399644302,6.5740330614963005,-6.369972614616534,12.482937764083367,10.285284930408489,True,12.944005676112834,12.27435127032783,0.7906215190887451,-0.00949951836020868,gtcrn_dns3,siren/0022,siren,6930,-4.25,0,True,0.3102031999733299,0.07755079999333248
2.4851808547973633,1.7061175107955933,0.8940055313894487,0.9399479191904689,0.8635203687399754,0.9071280542735323,7.763779239278521,1.2521776944209215,8.423070683502754,1.2725033607536063,17.36852375025995,28.3763271619731,True,7.150567322749148,6.5116015448576,0.77906334400177,-0.045942387801020224,gtcrn_dns3,siren/0023,siren,121,2.48,0,False,0.21602510008960962,0.054006275022402406
4.036581993103027,4.467159748077393,0.9792583395091594,0.9999996142043772,0.9709130044274554,0.9999994776050679,20.097434309095227,14.196486198316263,19.94738321764482,14.194056026651353,23.125881428631825,34.71060421804732,True,5.753327190993467,5.900948110778964,-0.43057775497436523,-0.020741274695217804,gtcrn_dns3,siren/0024,siren,4446,14.57,0,False,0.22126660007052124,0.05531665001763031
2.3847827911376953,1.4284191131591797,0.9105009195841383,0.9083098224440401,0.8537037117266191,0.8216661479678254,11.249890322035263,4.131018539930681,11.531805372357852,4.121707595471002,15.158337950846205,19.06689009904689,True,7.4100977768868495,7.118871782104582,0.9563636779785156,0.0021910971400981305,gtcrn_dns3,siren/0025,siren,5683,4.32,0,False,0.2159754999447614,0.05399387498619035
1.1893980503082275,1.0379829406738281,0.6725118198542741,0.49249586994391364,0.4319694979824325,0.2792677200233087,2.7690814229451934,-7.410750762032857,4.5765846562074,-7.414837264287431,2.1423588640376465,-7.358514630230746,True,11.991421920494831,10.17983218497805,0.15141510963439941,0.18001594991036046,gtcrn_dns3,siren/0026,siren,1089,0.35,0,True,0.20880099991336465,0.05220024997834116
1.8355960845947266,1.1455014944076538,0.9059147117394494,0.8157770481018622,0.8542425874544332,0.6591331356918454,11.89947758087516,6.31474000301816,12.10354106925392,6.326322687240057,9.326754420258558,3.5211467493017317,True,5.777218382013863,5.584737577857,0.6900945901870728,0.09013766363758713,gtcrn_dns3,siren/0027,siren,1188,6.33,0,False,0.21279739984311163,0.05319934996077791
1.4424736499786377,1.0799733400344849,0.827885410436248,0.816174432454669,0.684979776319949,0.6293274277880674,1.3721657481533738,-9.979160611003294,3.5805162686169636,-9.330361121926797,5.465620510960743,1.427272701746723,True,12.91087739054376,11.351326359156669,0.36250030994415283,0.01171097798157894,gtcrn_dns3,siren/0028,siren,260,7.94,0,True,0.19558059982955456,0.04889514995738864
1.9919509887695312,1.1390076875686646,0.907703126917198,0.8229509328321044,0.824706219458448,0.6630428163709904,13.043585372352652,9.994120818107714,13.20294499471887,10.13749060235596,10.102517193026257,6.2971128873131725,True,3.065454392362909,3.0494645542449383,0.8529433012008667,0.0847521940850936,gtcrn_dns3,siren/0029,siren,1320,13.55,0,True,0.515440900111571,0.12886022502789274
1.2045996189117432,1.057820439338684,0.5256534874365774,0.4310640606012331,0.26958205745269864,0.16103937328463871,0.31676660854103306,-10.86329105094846,2.963988933885867,-9.999029245907085,0.590021203551085,-8.288438078951247,True,12.963018179792952,11.180057659489494,0.14677917957305908,0.09458942683534427,gtcrn_dns3,siren/0030,siren,4507,-0.19,0,True,0.2413363999221474,0.06033409998053685
1.8924938440322876,1.393184781074524,0.963917514269668,0.9441310824259163,0.8760201570986174,0.8130928417458627,9.94291187489663,4.313441106533993,10.352648646677023,4.305744818342011,7.486585154071497,4.4316669875086925,True,6.0469038283350125,5.629470768362637,0.49930906295776367,0.01978643184375173,gtcrn_dns3,siren/0031,siren,7021,14.14,0,True,0.21295029995962977,0.053237574989907444
1.81562077999115,1.1255991458892822,0.9171823404541094,0.7949739177490444,0.7973305032977533,0.6561185610835524,12.655178020037718,-1.734948491705795,12.726163961470427,-1.7307985709566225,12.816342474899152,10.974006070247315,True,14.456962532427049,14.390126511743514,0.6900216341018677,0.12220842270506505,gtcrn_dns3,siren/0032,siren,2830,-1.7,0,False,0.3003893999848515,0.07509734999621287
2.8295862674713135,1.2276668548583984,0.9535402911104137,0.8229388223039173,0.9132523901245168,0.6910817872468648,11.125986014083962,-0.1891355038028564,11.44742465649778,-0.2312256282889438,16.025545104291584,11.062192395294936,True,11.678650284786725,11.315121517886817,1.601919412612915,0.13060146880649637,gtcrn_dns3,siren/0033,siren,1284,0.37,0,False,0.2635958001483232,0.0658989500370808
2.0768892765045166,1.0936857461929321,0.9357449572463739,0.8965610693972689,0.8572863941637626,0.7745591132059171,9.504839104152131,-1.9999928373863338,9.868926298629981,-2.022689591411872,16.641414314946775,19.913982967955793,True,11.891615890041853,11.504831941538464,0.9832035303115845,0.03918388784910498,gtcrn_dns3,siren/0034,siren,1320,-2.0,0,False,0.19769190018996596,0.04942297504749149
1.6780493259429932,1.3900796175003052,0.8776447915987733,0.8682574367223829,0.7734990625829925,0.7657898723150158,5.501572872625525,0.7028705990595652,6.5614564554493775,1.7591128189784777,5.506617218021683,3.0420032404595423,True,4.8023436364709,4.79870227356596,0.287969708442688,0.009387354876390419,gtcrn_dns3,siren/0035,siren,2300,8.17,0,True,0.193015499971807,0.04825387499295175
1.4751142263412476,1.9343695640563965,0.9302532081663164,0.9491098075946189,0.8338637506318511,0.8651499044364737,0.713898870165353,3.419871434485966,3.346718122073968,3.6824350489527733,4.787476261760814,7.996390564051779,True,-0.3357169268788054,-2.705972564320613,-0.4592553377151489,-0.018856599428302534,gtcrn_dns3,siren/0036,siren,6930,6.34,0,True,0.2344003999605775,0.05860009999014437
1.8645565509796143,1.3446264266967773,0.921964392061456,0.894361714192518,0.8464466268722566,0.7887965432797341,6.157353380798406,-0.5026472217444174,7.062825983047251,-0.6942024625030774,9.291881141401767,6.60156027557719,True,7.757028445550328,6.660000602542823,0.5199301242828369,0.027602677868937997,gtcrn_dns3,siren/0037,siren,4446,6.9,0,True,0.19697609986178577,0.04924402496544644
1.7144688367843628,1.2180404663085938,0.8446811488757818,0.8118598854491504,0.7381977245136087,0.7018423351948144,6.084517645726488,-2.5453536015092664,6.75221944218876,-2.7366902474424064,7.6241443819536086,4.701815599909597,True,9.488909689631166,8.629871247235755,0.49642837047576904,0.032821263426631386,gtcrn_dns3,siren/0038,siren,672,6.47,0,True,0.19839829998090863,0.04959957499522716
2.1562108993530273,1.389992117881775,0.8881115466590902,0.850714469293868,0.8330465288502396,0.7762660676669559,11.357833918955345,0.5638715747259009,11.46644610146301,0.5625911924709077,17.979146633219923,21.79714597386279,True,10.903854908992102,10.793962344229444,0.7662187814712524,0.03739707736522224,gtcrn_dns3,siren/0039,siren,3575,0.82,0,False,0.20018770010210574,0.050046925025526434
