pesq,pesq_nb,stoi,estoi,si_sdr,snr,segsnr,pesq_available,pesq_noisy,pesq_nb_noisy,stoi_noisy,estoi_noisy,si_sdr_noisy,snr_noisy,segsnr_noisy,snr_gain,si_sdr_gain,pesq_gain,pesq_nb_gain,stoi_gain,burst_si_sdr,burst_si_sdr_noisy,burst_snr,burst_snr_noisy,burst_frac,burst_si_sdr_gain,burst_snr_gain,method,id,category,speaker,bg_snr_db,n_events,reverb,proc_s,rtf
3.1037518978118896,3.6205880641937256,0.990331828449503,0.9660244338735184,19.490445076463928,19.494116380759877,19.328919786246217,True,2.030520439147949,2.877366542816162,0.9810259836478165,0.9373580618055403,14.180164328184217,14.190454293117547,15.478498141125717,5.30366208764233,5.310280748279711,1.0732314586639404,0.7432215213775635,0.009305844801686503,13.217716211589515,6.608650190604779,13.367326554263748,6.6638824533306495,0.127609375,6.609066020984736,6.7034441009330985,onnx:C:/SIH26052_data/mid/model_wide32_mid_simple.onnx,gunshot/0000,gunshot,5142,16.39,1,False,3.142477899964433,0.7856194749911083
3.1855599880218506,3.8557145595550537,0.9441803247284577,0.8774231468351029,18.43816155192512,18.37431864672991,15.809130448878436,True,1.7776437997817993,3.067108154296875,0.9272090517974163,0.8020856237182796,3.056846397295648,3.115451781377356,15.031112083142727,15.258866865352555,15.381315154629473,1.4079161882400513,0.7886064052581787,0.016971272931041392,3.3552076738286205,-16.587330940630675,4.891928975663799,-16.035111487574905,0.13221875,19.942538614459295,20.927040463238704,onnx:C:/SIH26052_data/mid/model_wide32_mid_simple.onnx,gunshot/0001,gunshot,2830,19.07,1,False,3.0698715999606065,0.7674678999901516
1.4988101720809937,1.981581687927246,0.6952038744122394,0.496321137976528,9.982481185661493,10.298372530277753,4.590829522158377,True,1.080151081085205,1.3798283338546753,0.5492807235954968,0.41383833073948934,-2.705857403487771,-2.656685975524282,-5.655250448295222,12.955058505802036,12.688338589149264,0.4186590909957886,0.6017533540725708,0.14592315081674256,10.741271813891633,-0.9195300424909238,10.916272600083264,-0.8281709486402875,0.27040625,11.660801856382557,11.744443548723552,onnx:C:/SIH26052_data/mid/model_wide32_mid_simple.onnx,gunshot/0002,gunshot,3729,2.24,2,True,3.086996799975168,0.771749199993792
2.2352943420410156,2.724008560180664,0.8809945026430634,0.80705610449343,9.483869658059053,9.911427132919087,8.301991981137485,True,1.3340623378753662,1.677091360092163,0.811341598437065,0.7062219255037514,6.911385161281235,7.033860288101378,3.317867552264333,2.877566844817709,2.572484496777818,0.9012320041656494,1.046917200088501,0.06965290420599846,11.197958495033419,7.389145235990054,11.369866418237073,7.598584488105898,0.140609375,3.8088132590433643,3.7712819301311757,onnx:C:/SIH26052_data/mid/model_wide32_mid_simple.onnx,gunshot/0003,gunshot,4992,17.52,2,True,3.0178461999748833,0.7544615499937208
2.7358686923980713,3.2194721698760986,0.9708653307521762,0.9253382871766513,18.478160582139573,18.47172070515241,17.38351710810959,True,1.2785115242004395,1.3758985996246338,0.790005951695671,0.7867352439259728,9.117256876181637,9.120829794853952,13.796012056588049,9.350890910298459,9.360903705957936,1.4573571681976318,1.8435735702514648,0.18085937905650518,16.542079215625137,5.829997648345918,16.561959828860502,5.810289074230758,0.22303125,10.712081567279219,10.751670754629744,onnx:C:/SIH26052_data/mid/model_wide32_mid_simple.onnx,gunshot/0004,gunshot,4507,8.7,2,False,2.517748499987647,0.6294371249969117
4.322824001312256,4.402411460876465,0.9977168573760408,0.9948394250940547,24.525227327087723,24.52569579352817,25.467064315586164,True,3.5795016288757324,4.274502754211426,0.9971293945239669,0.9962642769237705,16.79638959288624,16.791905509719264,16.874471915122385,7.733790283808904,7.728837734201484,0.7433223724365234,0.12790870666503906,0.0005874628520738945,19.160247398137887,12.345351149001054,19.184673145257996,12.286794938738609,0.118328125,6.814896249136833,6.897878206519387,onnx:C:/SIH26052_data/mid/model_wide32_mid_simple.onnx,gunshot/0005,gunshot,5683,18.43,1,False,2.511358499992639,0.6278396249981597
1.2866638898849487,1.5776907205581665,0.7611102157655119,0.5571230415693998,3.366680815337544,5.004297605492186,4.936210059602174,True,1.1221625804901123,1.2647470235824585,0.6416828356154343,0.4677887555984639,-7.9012142456473144,-7.73710990492919,-0.8725920471511297,12.741407510421375,11.26789506098486,0.16450130939483643,0.312943696975708,0.11942738015007759,3.0213478100546083,-8.244632894089076,4.7461002712438125,-8.570246359961779,0.1176875,11.265980704143685,13.31634663120559,onnx:C:/SIH26052_data/mid/model_wide32_mid_simple.onnx,gunshot/0006,gunshot,8463,0.22,1,True,2.4977104000281543,0.6244276000070386
1.875352382659912,2.5912065505981445,0.9486767111514385,0.8697095573921815,12.273334314354777,12.432597181827557,9.793933342982681,True,1.2420012950897217,1.603844165802002,0.8722897292233952,0.7239048641150965,3.5266509286933068,3.5202469437121726,3.94256014778621,8.912350238115383,8.74668338566147,0.6333510875701904,0.9873623847961426,0.07638698192804327,11.156956415815916,1.4576135686913982,11.376534260695074,1.4737598720840859,0.362234375,9.699342847124518,9.902774388610988,onnx:C:/SIH26052_data/mid/model_wide32_mid_simple.onnx,gunshot/0007,gunshot,1580,16.24,3,True,2.4849978999700397,0.6212494749925099
2.7835376262664795,3.216404676437378,0.962355429207781,0.8956269339018796,16.422819411404777,16.36755911574752,12.01888895547293,True,1.6322073936462402,2.308011293411255,0.9258937039189753,0.7878360865487002,11.713850176058259,11.733333273958626,7.299349540747862,4.634225841788895,4.708969235346519,1.1513302326202393,0.908393383026123,0.03646172528880576,9.666270297685598,4.3057866003068614,9.930391067283873,4.4732556530521315,0.106703125,5.360483697378736,5.457135414231741,onnx:C:/SIH26052_data/mid/model_wide32_mid_simple.onnx,gunshot/0008,gunshot,8463,12.91,1,False,2.5305243999464437,0.6326310999866109
2.8344790935516357,3.1324968338012695,0.979736064265575,0.9399759492665289,16.366188722167823,16.323000707769985,15.993723585056244,True,1.7406795024871826,2.3291776180267334,0.9414333702645779,0.8685334711815954,12.94312082933657,12.975237710098646,15.990293619664296,3.347762997671339,3.423067892831254,1.0937995910644531,0.8033192157745361,0.03830269400099717,15.681583387547878,12.379794464757666,15.660945771371367,12.422982112325823,0.630328125,3.3017889227902124,3.237963659045544,onnx:C:/SIH26052_data/mid/model_wide32_mid_simple.onnx,gunshot/0009,gunshot,61,17.08,5,False,2.4949628000031225,0.6237407000007806
1.4826807975769043,1.9712464809417725,0.85256263683669,0.7224241555262133,6.110872730204301,7.011101771142727,8.346640458120953,True,1.0405224561691284,1.3140864372253418,0.7014026448153736,0.5344107368711019,-2.4232381649739354,-2.3963134058018305,1.2233261387762722,9.407415176944557,8.534110895178237,0.4421583414077759,0.6571600437164307,0.15115999202131636,-1.9803917732475131,-8.415773458386603,1.7250750299241144,-8.488429725133301,0.135875,6.43538168513909,10.213504755057416,onnx:C:/SIH26052_data/mid/model_wide32_mid_simple.onnx,gunshot/0010,gunshot,1320,7.82,1,True,2.4736170999822207,0.6184042749955552
2.6370162963867188,3.02487850189209,0.9400733088897163,0.9030043135555865,12.713137042498683,12.838747571286056,13.848671351161698,True,1.1227920055389404,1.319135069847107,0.8448837671458935,0.7530581138521064,-2.6191675104186602,-2.615581704045278,4.404952218460365,15.454329275331334,15.332304552917343,1.5142242908477783,1.705743432044983,0.09518954174382277,14.762111148719015,-1.5460126149702134,14.855777495693514,-1.5733070859030238,0.113625,16.308123763689228,16.429084581596538,onnx:C:/SIH26052_data/mid/model_wide32_mid_simple.onnx,gunshot/0011,gunshot,4446,4.14,1,True,2.5331465000053868,0.6332866250013467
1.5174164772033691,1.959125280380249,0.7756875746928246,0.665873817147187,8.63031256236761,9.065109034939255,8.206297807148987,True,1.0531002283096313,1.371251106262207,0.7186127849292382,0.5464571508374417,-13.33577470616924,-12.97342616263788,-0.8679461136360249,22.038535197577133,21.96608726853685,0.4643162488937378,0.587874174118042,0.057074789763586375,-6.742777347023433,-36.22852151542226,0.7976003409770921,-25.09508830012004,0.113390625,29.485744168398824,25.89268864109713,onnx:C:/SIH26052_data/mid/model_wide32_mid_simple.onnx,gunshot/0012,gunshot,3575,12.2,1,True,2.5338764000334777,0.6334691000083694
1.8543683290481567,2.426467180252075,0.9467962463005233,0.8356962867521731,11.039868329920274,11.283837271733091,8.500119994544404,True,1.3056243658065796,1.7797787189483643,0.8922004845259104,0.7658414083786622,6.70818798347645,6.693305600761037,3.8337939408685635,4.590531670972054,4.331680346443824,0.5487439632415771,0.6466884613037109,0.054595761774612894,6.6803069052721575,2.4065194060614066,7.42966266336559,2.346898377377542,0.1106875,4.273787499210751,5.0827642859880475,onnx:C:/SIH26052_data/mid/model_wide32_mid_simple.onnx,gunshot/0013,gunshot,8463,18.28,1,True,2.468784600030631,0.6171961500076577
2.678987503051758,3.1904728412628174,0.9325968049130945,0.9054074024047248,17.179109267326258,17.034820744127458,19.186141530057657,True,1.3399171829223633,1.695338249206543,0.8592328058467796,0.820803871855017,8.62896975740518,8.666775367341671,12.819736924113565,8.368045376785787,8.550139509921078,1.3390703201293945,1.4951345920562744,0.07336399906631486,19.190081131590567,14.112972013683535,19.229851656767643,14.040879337304347,0.067734375,5.077109117907032,5.188972319463296,onnx:C:/SIH26052_data/mid/model_wide32_mid_simple.onnx,gunshot/0014,gunshot,1995,8.95,1,False,2.512805500009563,0.6282013750023907
2.730437994003296,3.3694448471069336,0.899437923356244,0.789444618983209,13.085276296291157,13.063786295101513,11.832891782175569,True,1.1321781873703003,1.6772534847259521,0.8207215128164809,0.6316748571435068,7.5492738816119855,7.650277499992435,8.022748249010585,5.413508795109078,5.536002414679172,1.5982598066329956,1.6921913623809814,0.07871641053976308,7.03855373613611,-0.9364902092935086,7.823647491082251,-0.8090025524703106,0.2365625,7.9750439454296185,8.63265004355256,onnx:C:/SIH26052_data/mid/model_wide32_mid_simple.onnx,gunshot/0015,gunshot,2830,7.66,2,False,2.4768936000182293,0.6192234000045573
1.0858906507492065,1.273261547088623,0.5946146416715398,0.3321028167900343,-5.00333582294818,-2.496894683129689,-4.894221323023942,True,1.0291924476623535,1.275923728942871,0.5004741875018526,0.16025485433475528,-8.103676475799531,-7.274411375485684,-7.50316581594583,4.777516692355995,3.1003406528513517,0.05669820308685303,-0.002662181854248047,0.0941404541696872,-22.285329939007873,-12.33682255608382,-3.8259168534655315,-8.613134552838934,0.1230625,-9.948507382924053,4.787217699373403,onnx:C:/SIH26052_data/mid/model_wide32_mid_simple.onnx,gunshot/0016,gunshot,2300,1.3,1,True,2.5541916000074707,0.6385479000018677
2.418203830718994,2.932239294052124,0.9205431233592691,0.8399413242472226,15.42521886166243,15.463850051961305,10.604356759428743,True,1.8143255710601807,2.7259886264801025,0.9192836587798758,0.7965242200231214,-0.9921182799437953,-1.007810620131312,8.601852518461055,16.471660672092618,16.417337141606225,0.6038782596588135,0.20625066757202148,0.001259464579393299,-21.611469814799378,-40.87558487208145,-0.11335239168238266,-38.547842257422076,0.04425,19.26411505728207,38.43448986573969,onnx:C:/SIH26052_data/mid/model_wide32_mid_simple.onnx,gunshot/0017,gunshot,2961,17.42,1,False,2.5222694000112824,0.6305673500028206
2.7014100551605225,3.693976402282715,0.9653761154684429,0.888230002442809,18.975803315706298,18.983414098197734,12.873521527008657,True,1.4292513132095337,2.4752163887023926,0.9311240260993061,0.7839828477208334,11.979254033462084,11.98543974457534,7.518640729580338,6.997974353622395,6.996549282244214,1.2721587419509888,1.2187600135803223,0.03425208936913682,21.85520080930315,13.336498204349848,21.767345574127862,13.32832259527086,0.1124375,8.518702604953301,8.439022978857002,onnx:C:/SIH26052_data/mid/model_wide32_mid_simple.onnx,gunshot/0018,gunshot,237,13.86,1,False,2.5345322000212036,0.6336330500053009
1.8293628692626953,2.4644546508789062,0.8575458362659992,0.7347233520064906,12.746776004530423,12.841060084475902,9.870014470223376,True,1.1148773431777954,1.6481740474700928,0.7594528769041585,0.6368683210949596,7.306124631738184,7.353495237279745,5.770629818805019,5.487564847196158,5.440651372792239,0.7144855260848999,0.8162806034088135,0.0980929593618407,7.901015905920362,3.2170940271829234,8.326623121421514,3.3311735341168927,0.12325,4.683921878737438,4.995449587304622,onnx:C:/SIH26052_data/mid/model_wide32_mid_simple.onnx,gunshot/0019,gunshot,5683,13.53,1,True,2.542703800019808,0.635675950004952
1.5371173620224,2.1909401416778564,0.8218361356560077,0.670292067208024,10.22281843628219,10.607775357958902,6.683033717913609,True,1.0871186256408691,1.658435583114624,0.7061071403345336,0.48880735321185154,1.9828137991968067,2.0044137642050095,-0.8021492482938822,8.603361593753892,8.240004637085383,0.44999873638153076,0.5325045585632324,0.11572899532147407,3.234182930990718,-7.938594512811075,3.7630008430251256,-8.683817940842317,0.140578125,11.172777443801792,12.446818783867442,onnx:C:/SIH26052_data/mid/model_wide32_mid_simple.onnx,gunshot/0020,gunshot,2961,3.93,1,False,2.5472974999574944,0.6368243749893736
2.195051670074463,2.9595625400543213,0.8780037705961588,0.7593775247050645,9.750960006797529,9.95770239982258,6.995298691635676,True,1.4591914415359497,1.7433668375015259,0.786869747318308,0.6678629381838991,7.779774292289197,7.612957507973225,5.189970234839876,2.3447448918493548,1.9711857145083318,0.7358602285385132,1.2161957025527954,0.0911340232778507,7.232551557137925,4.891121493974153,7.801124033491332,4.6989031487455835,0.43171875,2.341430063163772,3.1022208847457486,onnx:C:/SIH26052_data/mid/model_wide32_mid_simple.onnx,gunshot/0021,gunshot,61,19.02,4,True,2.5415943000116386,0.6353985750029096
1.2668672800064087,1.6089849472045898,0.6944646656924517,0.4651532080910752,-1.0559012864643431,1.9113120322656645,3.115893274996275,True,1.038925290107727,1.1670371294021606,0.5896689401205527,0.44065942130013896,-10.85372823840078,-9.282978261186361,-1.0360330266021809,11.194290293452026,9.797826951936438,0.22794198989868164,0.4419478178024292,0.10479572557189898,-6.784195745760158,-12.256989480104679,-2.0352729882369727,-9.685546574202368,0.113921875,5.4727937343445205,7.650273585965396,onnx:C:/SIH26052_data/mid/model_wide32_mid_simple.onnx,gunshot/0022,gunshot,1089,6.71,1,True,2.522579599986784,0.630644899996696
1.3945144414901733,1.7899479866027832,0.8909833281772983,0.7263878560387728,7.340973226498869,8.002211118808786,4.807190665269552,True,1.087462067604065,1.4030110836029053,0.7567310979604421,0.5184918650556122,-1.1445956420290886,-1.4262715538174509,-3.405032394220339,9.428482672626236,8.485568868527958,0.3070523738861084,0.38693690299987793,0.13425223021685617,-16.363976888979426,-12.751210824766568,-2.9387506872220976,-12.687014512841152,0.123453125,-3.612766064212858,9.748263825619055,onnx:C:/SIH26052_data/mid/model_wide32_mid_simple.onnx,gunshot/0023,gunshot,8455,0.24,1,False,2.538779099995736,0.634694774998934
1.950378179550171,2.562713146209717,0.9566316857119227,0.8954066089334226,11.295740478468579,11.60660444095064,10.986093618684272,True,1.3311662673950195,1.844198226928711,0.8973454777831176,0.723585755218908,1.8816782355272113,1.8169688118274754,-1.2877712121647875,9.789635629123165,9.414062242941368,0.6192119121551514,0.7185149192810059,0.059286207928805124,15.481207119873394,6.796511335025695,15.44600912787178,6.8263189574862,0.114515625,8.6846957848477,8.619690170385581,onnx:C:/SIH26052_data/mid/model_wide32_mid_simple.onnx,gunshot/0024,gunshot,3575,2.43,1,False,2.5652248000260442,0.6413062000065111
1.7049920558929443,2.2552239894866943,0.800582782132858,0.6730826895301272,7.2035671328621875,7.925573439702481,6.741320328195487,True,1.21541428565979,1.4233001470565796,0.6781063759515125,0.5139085768229592,0.9018742264037745,0.9949417297674548,-1.3344134284479414,6.930631709935026,6.301692906458413,0.4895777702331543,0.8319238424301147,0.12247640618134559,11.415902755253642,4.838809469557423,11.633068996983535,5.075399540690788,0.112046875,6.577093285696219,6.557669456292747,onnx:C:/SIH26052_data/mid/model_wide32_mid_simple.onnx,gunshot/0025,gunshot,2094,1.01,1,False,2.551044300023932,0.637761075005983
1.5786421298980713,2.0290908813476562,0.7656898899542947,0.5586599884402491,7.8290126353947525,8.382382031584754,3.8421384534742713,True,1.1943228244781494,1.4585649967193604,0.6293762919741137,0.3834101873127897,-0.7557931502357372,-0.6816625852734868,-3.3845764328096477,9.06404461685824,8.58480578563049,0.3843193054199219,0.5705258846282959,0.13631359798018094,9.526007356913192,-3.9321154657845234,9.920560382294543,-4.011076476504938,0.326578125,13.458122822697716,13.93163685879948,onnx:C:/SIH26052_data/mid/model_wide32_mid_simple.onnx,gunshot/0026,gunshot,7127,1.8,3,False,2.5252011000411585,0.6313002750102896
1.5487866401672363,1.8934433460235596,0.7722278195291057,0.6513926083737592,8.04994203494207,8.612958997322323,7.68950538384803,True,1.0834782123565674,1.4752166271209717,0.6941324983639077,0.5145672659842091,0.4896377934055229,0.47776390773673627,0.7540933979659049,8.135195089585586,7.560304241536548,0.46530842781066895,0.4182267189025879,0.07809532116519802,9.18559658680044,-1.5511480901938548,9.587834827725025,-1.7300044285602993,0.133921875,10.736744676994295,11.317839256285325,onnx:C:/SIH26052_data/mid/model_wide32_mid_simple.onnx,gunshot/0027,gunshot,1580,4.7,1,True,2.5803085999796167,0.6450771499949042
2.0184967517852783,2.564175844192505,0.913208867656487,0.8233515868708765,11.436670244957163,11.716524526758747,11.431443798796797,True,1.180629849433899,1.5287566184997559,0.81382294154937,0.6705115438867822,1.1646803851556147,1.2850877476788511,5.5718168474556755,10.431436779079895,10.271989859801549,0.8378669023513794,1.035419225692749,0.09938592610711705,4.746133704294298,-5.853854335703316,5.983308109112127,-5.199904561372878,0.229296875,10.599988039997614,11.183212670485005,onnx:C:/SIH26052_data/mid/model_wide32_mid_simple.onnx,gunshot/0028,gunshot,6829,10.04,2,False,2.571617999987211,0.6429044999968028
2.5535776615142822,3.040083169937134,0.8445121466880143,0.7430632966772681,12.48333784680242,12.570989600047689,8.83082902452004,True,1.261133074760437,1.680678129196167,0.7670877433610978,0.5985097453262239,6.854487806033227,6.862381307147815,3.911486445481598,5.708608292899874,5.628850040769194,1.2924445867538452,1.3594050407409668,0.07742440332691658,9.4771528411352,1.7145831824653976,9.918809009384335,1.9117461254567227,0.107640625,7.762569658669803,8.007062883927611,onnx:C:/SIH26052_data/mid/model_wide32_mid_simple.onnx,gunshot/0029,gunshot,3575,19.82,1,True,2.542518400005065,0.6356296000012662
1.799758791923523,2.4998490810394287,0.8891508759137902,0.7816488337031935,11.276805566927306,11.581983601167947,7.831793077981119,True,1.1216578483581543,1.565948486328125,0.8161934759491167,0.6367689766234712,4.08789482272699,4.109758683464936,1.425572180061948,7.472224917703011,7.188910744200316,0.6781009435653687,0.9339005947113037,0.07295739996467343,5.667216830280807,-2.780376722219372,6.66676058067196,-2.5348527712157534,0.13090625,8.447593552500178,9.201613351887714,onnx:C:/SIH26052_data/mid/model_wide32_mid_simple.onnx,gunshot/0030,gunshot,6829,6.01,1,False,2.5748895999859087,0.6437223999964772
1.5969345569610596,2.411855459213257,0.840415427765186,0.7133488128321136,6.940298517015153,7.692488735194437,4.536539354065037,True,1.0380971431732178,1.5807774066925049,0.7561641535045255,0.5677564672617625,-4.059093507930672,-4.210340635626736,-5.548984710074162,11.902829370821173,10.999392024945823,0.5588374137878418,0.831078052520752,0.08425127426066048,4.764039047868398,-4.484422683511645,5.8688154153574725,-4.3924543244424745,0.270015625,9.248461731380043,10.261269739799946,onnx:C:/SIH26052_data/mid/model_wide32_mid_simple.onnx,gunshot/0031,gunshot,61,5.81,2,True,2.5794736999669112,0.6448684249917278
1.7529501914978027,2.4551737308502197,0.8896429618896136,0.768914137473301,7.0070841962496475,7.478112911072267,6.464903629126577,True,1.2089934349060059,1.6988469362258911,0.8002451440312036,0.5964860744079984,-5.1549739914421355,-5.124302249492086,-5.240210469414679,12.602415160564352,12.162058187691784,0.5439567565917969,0.7563267946243286,0.08939781785840994,-1.7694163035030086,-13.8090667113161,-0.054287440233699163,-13.647664874255893,0.319125,12.039650407813092,13.593377434022194,onnx:C:/SIH26052_data/mid/model_wide32_mid_simple.onnx,gunshot/0032,gunshot,5639,5.9,3,True,2.5901464999769814,0.6475366249942454
2.845313310623169,3.458056688308716,0.9596979451929774,0.9116464364985496,17.12120513885703,17.08103006954215,15.717607913949225,True,1.5480313301086426,1.952498435974121,0.9104145444313915,0.7988889443545995,14.300072141266618,14.307987698989312,13.755433594731514,2.77304237055284,2.8211329975904107,1.2972819805145264,1.5055582523345947,0.04928340076158588,4.999050981740827,2.8080369897458795,6.141274636772062,2.8341105551573964,0.107140625,2.1910139919949474,3.3071640816146655,onnx:C:/SIH26052_data/mid/model_wide32_mid_simple.onnx,gunshot/0033,gunshot,7176,19.6,1,False,2.5513721000170335,0.6378430250042584
2.929323673248291,3.8084142208099365,0.9482637752014259,0.8986742051761363,5.4259865444715505,5.527162267750395,2.860146428403979,True,2.246744394302368,2.961487293243408,0.89568702814108,0.8625364133490834,5.292754869892365,5.309555939524898,2.732456607821734,0.21760632822549653,0.13323167457918572,0.6825792789459229,0.8469269275665283,0.052576747060345874,3.6887365522034155,3.29584394769501,3.791395914478251,3.3166416767850713,0.356640625,0.39289260450840535,0.4747542376931797,onnx:C:/SIH26052_data/mid/model_wide32_mid_simple.onnx,gunshot/0034,gunshot,672,5.53,3,False,2.564208800031338,0.6410522000078345
2.489351272583008,2.869297981262207,0.9430439150402719,0.8825135298647913,16.694451994456163,15.566593222938208,13.568567178140796,True,1.567463994026184,2.1511316299438477,0.9106602985471339,0.8421093270074547,8.520692069724603,8.552804943896456,11.9936457689283,7.013788279041751,8.17375992473156,0.9218872785568237,0.7181663513183594,0.03238361649313792,7.182484588901673,-0.5280953117804977,7.500782803418603,-0.3945136723571329,0.267765625,7.710579900682171,7.895296475775735,onnx:C:/SIH26052_data/mid/model_wide32_mid_simple.onnx,gunshot/0035,gunshot,2830,13.02,3,False,2.59865419997368,0.64966354999342
1.3505549430847168,1.9841662645339966,0.8473711211480724,0.6606656436899623,2.172656212370446,4.222733642469976,4.046088629415771,True,1.1890159845352173,1.3328335285186768,0.713464999763874,0.5457228106045282,-8.502438687801545,-8.541631131859337,-5.0225896278777915,12.764364774329312,10.675094900171992,0.1615389585494995,0.6513327360153198,0.13390612138419844,0.921029840716902,-11.380054024348425,3.384959558729839,-11.84763448803885,0.3694375,12.301083865065326,15.232594046768689,onnx:C:/SIH26052_data/mid/model_wide32_mid_simple.onnx,gunshot/0036,gunshot,7127,2.08,3,True,2.5916286999708973,0.6479071749927243
1.7573251724243164,2.119375228881836,0.8752354832097334,0.7256381756088113,6.532607815984761,7.365055144936779,5.756749136926151,True,1.1609841585159302,1.4070403575897217,0.7637333536961601,0.5428205361835403,1.40817028947352,1.4654537944586337,-0.5990773441064032,5.899601350478145,5.124437526511241,0.5963410139083862,0.7123348712921143,0.1115021295135733,4.828843123094254,1.325894390879244,5.922865426213813,1.1100435698348796,0.129859375,3.50294873221501,4.812821856378934,onnx:C:/SIH26052_data/mid/model_wide32_mid_simple.onnx,gunshot/0037,gunshot,7729,5.16,1,True,2.6014911999809556,0.6503727999952389
2.0413427352905273,2.8286144733428955,0.9602281618861042,0.9270540557382458,15.488991092431776,15.60488316432437,18.11225667045344,True,1.222793459892273,1.5530699491500854,0.906492185241379,0.8496091357301876,2.6922950339922243,2.7212736124545467,13.650996028227713,12.883609551869824,12.796696058439553,0.8185492753982544,1.27554452419281,0.05373597664472518,10.627443230373295,4.875415213844691,10.97790938700282,4.943025107220722,0.133828125,5.752028016528604,6.034884279782098,onnx:C:/SIH26052_data/mid/model_wide32_mid_simple.onnx,gunshot/0038,gunshot,121,4.62,1,False,2.5935168999712914,0.6483792249928229
1.526174545288086,2.1036033630371094,0.8281761425750135,0.644496593327127,4.8969896438829466,6.075598247326708,3.869977124800199,True,1.2088631391525269,1.7901121377944946,0.765118994709163,0.5235812007744317,-0.37230092536815873,-0.2891558552497516,-2.479058771087805,6.36475410257646,5.269290569251106,0.3173114061355591,0.31349122524261475,0.06305714786585048,1.2345376407427986,-3.9843849264191094,3.642197463964973,-3.916581178669131,0.21678125,5.218922567161908,7.558778642634104,onnx:C:/SIH26052_data/mid/model_wide32_mid_simple.onnx,gunshot/0039,gunshot,61,16.43,2,True,2.618089900002815,0.6545224750007037
2.5252785682678223,3.394439935684204,0.9781604213790197,0.9507802376995308,12.2850043574063,12.508860726195419,18.112743293848926,True,1.4302319288253784,2.3359174728393555,0.9450219650625187,0.9290536528351775,5.341817073475129,5.3761857968128215,16.98607029019876,7.132674929382597,6.943187283931172,1.0950466394424438,1.0585224628448486,0.03313845631650103,18.399804465671696,8.011728545229563,18.429132159803565,8.00151261490727,0.169671875,10.388075920442134,10.427619544896295,onnx:C:/SIH26052_data/mid/model_wide32_mid_simple.onnx,gunshot/0040,gunshot,3575,5.67,2,False,2.66995529999258,0.667488824998145
2.863259792327881,3.3784260749816895,0.9651704999031092,0.8814994871643256,17.442695178041955,17.3641120063037,11.903166989275597,True,1.390148401260376,2.570939302444458,0.932042475394515,0.8072588737383491,11.79944267312262,11.830886384467998,7.350775833834676,5.533225621835701,5.643252504919335,1.4731113910675049,0.8074867725372314,0.0331280245085942,17.273541230134427,9.000255925944673,17.213445941794827,8.985092870852068,0.245203125,8.273285304189754,8.22835307094276,onnx:C:/SIH26052_data/mid/model_wide32_mid_simple.onnx,gunshot/0041,gunshot,5105,14.84,2,False,2.6625547999865375,0.6656386999966344
1.623163104057312,2.1516458988189697,0.8817091690260018,0.7385320571743955,7.431962721421817,8.111629991123205,6.298978159743945,True,1.2830318212509155,1.735204815864563,0.7900600943356421,0.5729325629953388,3.9516489738304856,3.9226488722098765,2.2377454641769754,4.188981118913329,3.4803137475913313,0.3401312828063965,0.41644108295440674,0.09164907469035977,3.881978873004045,-0.3375134473904752,5.169816165753021,-0.4976940490456106,0.389984375,4.2194923203945205,5.667510214798631,onnx:C:/SIH26052_data/mid/model_wide32_mid_simple.onnx,gunshot/0042,gunshot,7176,14.66,3,True,2.709443800034933,0.6773609500087332
1.5755832195281982,1.9338332414627075,0.7790416342605934,0.6529360029968926,7.905290608728604,8.47982544789872,9.436839193720562,True,1.38376784324646,1.7699733972549438,0.7620213642621317,0.5697356949566025,10.9830947885848,10.963600019261646,4.984333028062005,-2.4837745713629253,-3.077804179856196,0.19181537628173828,0.16385984420776367,0.017020269998461623,9.758951181672547,9.319578844340185,10.081274161384407,9.32544437784222,0.4053125,0.4393723373323617,0.7558297835421861,onnx:C:/SIH26052_data/mid/model_wide32_mid_simple.onnx,gunshot/0043,gunshot,672,12.07,3,False,2.671661700005643,0.6679154250014108
2.259111166000366,2.944169759750366,0.9399766397230536,0.8499083565449904,12.29110557472527,12.52954041618067,9.02616455847837,True,1.268932819366455,1.7360985279083252,0.8438964173013633,0.7069257505824834,6.1285773555566685,6.093696864241757,3.889788852170649,6.4358435519389126,6.1625282191686015,0.9901783466339111,1.208071231842041,0.09608022242169023,7.148973826619269,0.6507555172065639,7.575156227769067,0.3169643939763272,0.236484375,6.498218309412705,7.25819183379274,onnx:C:/SIH26052_data/mid/model_wide32_mid_simple.onnx,gunshot/0044,gunshot,1284,9.35,2,False,2.491218500013929,0.6228046250034822
1.457664966583252,2.0189833641052246,0.6319193178161893,0.5133280451673069,6.126672168958277,7.039549320876533,3.6288893123027757,True,1.2027045488357544,1.628489375114441,0.5422467849589929,0.38658025303566085,1.0569703113446947,0.9718552818364881,-0.6552047231237007,6.067694039040045,5.069701857613582,0.25496041774749756,0.3904939889907837,0.08967253285719634,-3.517744210744726,-7.515862554665716,0.9185706675037558,-7.463000414796758,0.365375,3.99811834392099,8.381571082300514,onnx:C:/SIH26052_data/mid/model_wide32_mid_simple.onnx,gunshot/0045,gunshot,672,3.71,3,False,2.5149323000223376,0.6287330750055844
2.148550271987915,2.751870632171631,0.9512075447893275,0.9008505104828567,15.038459650272522,15.14700045759598,13.70576590944541,True,1.1153851747512817,1.574505090713501,0.8938146273648828,0.7638321272956636,4.801066799697777,4.743982171921475,2.6260779773505916,10.403018285674504,10.237392850574745,1.0331650972366333,1.1773655414581299,0.057392917424444634,15.095748478481477,1.5776466307167716,15.199516828459096,1.3945122865735513,0.13446875,13.518101847764706,13.805004541885545,onnx:C:/SIH26052_data/mid/model_wide32_mid_simple.onnx,gunshot/0046,gunshot,1995,5.24,1,False,2.4890643000253476,0.6222660750063369
1.3736575841903687,1.7834320068359375,0.8001885762015037,0.64712437227268,7.658792981977051,8.345289124328184,5.987414924157891,True,1.0392158031463623,1.2204582691192627,0.6198833559820413,0.4047771835802054,0.2532990671281283,0.06591930329992868,-2.1761475833723787,8.279369821028256,7.405493914848923,0.33444178104400635,0.5629737377166748,0.1803052202194625,-0.737274040916958,-7.5732912129838725,2.6528680437748293,-7.519222037293841,0.2006875,6.8360171720669145,10.17209008106867,onnx:C:/SIH26052_data/mid/model_wide32_mid_simple.onnx,gunshot/0047,gunshot,3575,4.03,2,True,2.5069498000084423,0.6267374500021106
1.2332102060317993,1.9032821655273438,0.6959617569020502,0.501805889752651,4.382898430176218,5.731413229619423,2.6206033946721594,True,1.1603361368179321,1.541757345199585,0.6245946928517409,0.4123279188246434,-3.026499648559733,-3.082403700666076,-2.0011182458259955,8.8138169302855,7.409398078735951,0.07287406921386719,0.3615248203277588,0.07136706405030935,4.09826226209819,-3.632088851695631,5.473144300625198,-3.4579841553805926,0.4654375,7.730351113793821,8.93112845600579,onnx:C:/SIH26052_data/mid/model_wide32_mid_simple.onnx,gunshot/0048,gunshot,672,2.54,5,True,2.6287383000017144,0.6571845750004286
2.319146156311035,2.8375437259674072,0.8938129101616282,0.8420257175811295,12.694419800243018,12.85828997336262,16.757359043102007,True,2.0806052684783936,2.8793768882751465,0.9104855342679793,0.8540512621315962,8.066765662615671,8.06806531905878,19.452726186863707,4.79022465430384,4.6276541376273475,0.2385408878326416,-0.04183316230773926,-0.016672624106351064,-4.1626982931200205,-3.885221912884292,1.1712597498149018,-3.959195412468759,0.10990625,-0.2774763802357283,5.130455162283661,onnx:C:/SIH26052_data/mid/model_wide32_mid_simple.onnx,gunshot/0049,gunshot,4077,18.69,1,False,2.587102700024843,0.6467756750062108
1.3558094501495361,1.9480819702148438,0.7409186065549435,0.5552276670464035,0.1463701143465124,2.743162629251192,2.938122696118749,True,1.1198785305023193,1.3951462507247925,0.6402288209020697,0.40266242315559553,-1.9416864936245735,-1.4997061198802997,-1.1362658468996893,4.242868749131492,2.088056607971086,0.2359309196472168,0.5529357194900513,0.10068978565287379,-2.5596242329379675,-5.0756726517355695,1.9121025688451474,-3.705329392541336,0.227359375,2.516048418797602,5.617431961386483,onnx:C:/SIH26052_data/mid/model_wide32_mid_simple.onnx,gunshot/0050,gunshot,2094,19.87,3,True,2.6007389999576844,0.6501847499894211
1.2074470520019531,1.5254634618759155,0.5940284766596671,0.41990437188122387,1.913089106793127,3.849313575427784,1.937247295837526,True,1.0398894548416138,1.271655559539795,0.4857671299470901,0.2842902751279724,-18.863219324081037,-19.225039518110275,-8.668082296720646,23.074353093538058,20.776308430874163,0.16755759716033936,0.2538079023361206,0.10826134671257698,6.499166333719597,-19.432012123792187,7.206608951863608,-20.32311981374702,0.226109375,25.931178457511784,27.529728765610628,onnx:C:/SIH26052_data/mid/model_wide32_mid_simple.onnx,gunshot/0051,gunshot,5639,0.87,2,True,2.5861613000161014,0.6465403250040254
1.199798583984375,1.3749361038208008,0.6448951893454079,0.47366492408426447,0.8961528172894684,3.4806758389439207,2.5817640000317126,True,1.0610750913619995,1.1941415071487427,0.48072431682505073,0.29763136411528857,-7.943503371819779,-7.685391944175909,-5.361175432167868,11.16606778311983,8.839656189109247,0.1387234926223755,0.1807945966720581,0.16417087252035717,-3.2996536109157804,-12.712758268330704,1.6228340558181769,-11.57119178853594,0.145546875,9.413104657414923,13.194025844354115,onnx:C:/SIH26052_data/mid/model_wide32_mid_simple.onnx,gunshot/0052,gunshot,6829,0.36,1,True,2.5308072000043467,0.6327018000010867
2.4323770999908447,2.8438453674316406,0.9625073217809719,0.8892768761854242,14.882174263129578,15.006883156865099,11.547591300017887,True,1.240842342376709,1.6537033319473267,0.9059068814957274,0.7368019441453182,9.24453487043307,9.215515474380569,4.7501185777904755,5.79136768248453,5.637639392696508,1.1915347576141357,1.190142035484314,0.05660044028524447,11.596957854893093,6.419651874427182,11.882155245806478,6.409995224802421,0.244828125,5.177305980465911,5.472160021004058,onnx:C:/SIH26052_data/mid/model_wide32_mid_simple.onnx,gunshot/0053,gunshot,5639,10.25,2,False,2.5535517999669537,0.6383879499917384
1.9379334449768066,3.097914934158325,0.955513901896673,0.8824519104991364,12.176239343158064,12.372064984823743,8.330982842479838,True,1.2726740837097168,2.0082037448883057,0.9068503892900097,0.7773869023098878,7.3258216461383405,7.371668579317726,4.188470508606404,5.000396405506017,4.850417697019724,0.6652593612670898,1.0897111892700195,0.04866351260666324,15.549008246363506,5.2459625945864605,15.58931105599708,5.322272361161733,0.113328125,10.303045651777046,10.267038694835346,onnx:C:/SIH26052_data/mid/model_wide32_mid_simple.onnx,gunshot/0054,gunshot,1320,8.67,1,False,2.574052599957213,0.6435131499893032
1.4187813997268677,2.012603521347046,0.8144289194867695,0.6850970335337975,7.085896513497639,7.7707213367287835,6.224885660054916,True,1.0483484268188477,1.1043180227279663,0.7062408579286882,0.5453658695529997,0.24744794034551715,0.2580131971993048,0.7264851247698676,7.512708139529479,6.838448573152122,0.37043297290802,0.9082854986190796,0.10818806155808136,7.860374485062955,-2.68991873337731,8.4889802013674,-2.5528301098746264,0.2774375,10.550293218440265,11.041810311242028,onnx:C:/SIH26052_data/mid/model_wide32_mid_simple.onnx,gunshot/0055,gunshot,2300,7.9,2,True,2.510834100015927,0.6277085250039818
1.5364990234375,2.0188119411468506,0.8266912817622268,0.6258224178272056,3.8768559526989566,5.3510921673788285,3.400349777583526,True,1.121692419052124,1.5183448791503906,0.690571337553548,0.43570227756437635,-9.063613999795997,-9.178885146145234,-6.818384609597143,14.529977313524062,12.940469952494954,0.414806604385376,0.50046706199646,0.1361199442086788,4.118785756966606,-11.120162711403669,5.533914247131051,-11.42750020561921,0.35375,15.238948468370275,16.96141445275026,onnx:C:/SIH26052_data/mid/model_wide32_mid_simple.onnx,gunshot/0056,gunshot,61,5.01,3,True,2.5928474999964237,0.6482118749991059
1.998343586921692,2.9436609745025635,0.9387685527466085,0.8087756036320668,11.021256768545864,11.339965729164117,6.043661171102897,True,1.3362727165222168,1.8812193870544434,0.8409668116260908,0.6240231107927363,4.654224952335582,4.59694340860136,-0.8212684762932817,6.743022320562757,6.367031816210282,0.6620708703994751,1.0624415874481201,0.09780174112051776,9.382309598983552,0.9360085587101201,9.84407595146614,0.8557451778550333,0.114609375,8.446301040273433,8.988330773611107,onnx:C:/SIH26052_data/mid/model_wide32_mid_simple.onnx,gunshot/0057,gunshot,1089,6.14,1,True,2.5710170000093058,0.6427542500023264
2.485513210296631,3.0533790588378906,0.9505567732817689,0.8640209525189786,11.432283162338257,11.674039932019058,8.318080095121593,True,1.1901109218597412,1.6242389678955078,0.8893813718475992,0.7481618050506175,0.4530029966609294,0.3628787509359594,0.07861383761681803,11.311161181083099,10.979280165677327,1.2954022884368896,1.4291400909423828,0.06117540143416966,8.559758871145798,-9.591548592614853,9.120559046488621,-9.50587044566934,0.109359375,18.151307463760652,18.62642949215796,onnx:C:/SIH26052_data/mid/model_wide32_mid_simple.onnx,gunshot/0058,gunshot,4992,12.11,1,True,2.5773461000062525,0.6443365250015631
1.6803309917449951,2.105088233947754,0.8213319718978023,0.6501297586494087,10.200950889547457,10.353127263575178,5.710722465147317,True,1.0882097482681274,1.6318618059158325,0.728289815080163,0.47145502860755895,1.0802577970532004,1.0723215335852248,-2.024220205773224,9.280805729989954,9.120693092494257,0.5921212434768677,0.4732264280319214,0.09304215681763928,-1.8109510073413504,-14.470336919707451,1.7268991786998291,-14.659743989421683,0.0294375,12.659385912366101,16.386643168121513,onnx:C:/SIH26052_data/mid/model_wide32_mid_simple.onnx,gunshot/0059,gunshot,5105,1.84,1,False,2.589803800045047,0.6474509500112617
2.0063230991363525,2.788151741027832,0.8788338710012297,0.7132248685525246,13.524856230381667,13.676760983068766,7.7802574390594215,True,1.3238768577575684,2.058612823486328,0.7032237935745308,0.5372813963937099,1.358620756782438,1.3455731210481325,-4.128095783286408,12.331187862020633,12.16623547359923,0.6824462413787842,0.7295389175415039,0.17561007742669887,9.748320749426387,-4.183177691849894,10.007187030537214,-4.103587884122817,0.24565625,13.931498441276283,14.11077491466003,onnx:C:/SIH26052_data/mid/model_wide32_mid_simple.onnx,gunshot/0060,gunshot,2961,1.64,2,False,2.6344888999592513,0.6586222249898128
1.3522303104400635,1.8627591133117676,0.6166025534785285,0.42630531346647454,4.102479082766798,5.40607302382491,1.638377459283405,True,1.1597440242767334,1.7307220697402954,0.48650598671650774,0.2804878514560365,-2.6783358633123737,-2.657319365107738,-5.817464515058511,8.063392388932648,6.780814946079172,0.19248628616333008,0.13203704357147217,0.1300965667620208,-9.204770331773831,-7.9471605197697945,-0.6805369249643491,-8.408767435716186,0.11646875,-1.2576098120040369,7.728230510751837,onnx:C:/SIH26052_data/mid/model_wide32_mid_simple.onnx,gunshot/0061,gunshot,908,6.07,1,True,2.6205715999822132,0.6551428999955533
2.7603416442871094,3.332873582839966,0.969950083906178,0.964118785685198,13.908785924115946,14.072924392703401,26.317170629355434,True,1.6243104934692383,2.2251193523406982,0.9647676000611658,0.9417030803123136,2.1324275761987193,2.1923229625981784,26.85260178235411,11.880601430105223,11.776358347917228,1.136031150817871,1.1077542304992676,0.005182483845012187,8.520795637052966,4.39501385901875,9.01896153647455,4.691746853138248,0.121796875,4.1257817780342165,4.327214683336301,onnx:C:/SIH26052_data/mid/model_wide32_mid_simple.onnx,gunshot/0062,gunshot,6829,2.98,1,False,2.652002100017853,0.6630005250044633
2.136180877685547,2.8137972354888916,0.9388838654387299,0.8689257838404963,13.53726886696208,13.664585680748312,9.970911245095543,True,1.2524455785751343,1.8444957733154297,0.9001904209598766,0.7350473429090684,7.22949814170451,7.23704801162604,2.884415420640223,6.427537669122271,6.30777072525757,0.8837352991104126,0.9693014621734619,0.03869344447885337,14.821915736799623,7.065981911940159,14.94898396229873,7.094371899034341,0.22703125,7.755933824859464,7.854612063264389,onnx:C:/SIH26052_data/mid/model_wide32_mid_simple.onnx,gunshot/0063,gunshot,672,8.81,2,False,2.627748899976723,0.6569372249941807
1.5799596309661865,1.9838011264801025,0.8540886282255558,0.774025458621301,7.013920881353427,7.799291413737054,6.033445803328208,True,1.0535248517990112,1.2591921091079712,0.7423136173214078,0.5686034180206694,1.6660731184721265,1.6589213246276837,-0.71736924248659,6.1403700891093695,5.347847762881301,0.5264347791671753,0.7246090173721313,0.11177501090414799,7.664496867336496,2.2134113692734787,8.347103056434856,2.0518395302887122,0.355953125,5.4510854980630175,6.295263526146144,onnx:C:/SIH26052_data/mid/model_wide32_mid_simple.onnx,gunshot/0064,gunshot,1221,1.83,3,False,2.5630950999911875,0.6407737749977969
1.3530303239822388,1.9514694213867188,0.7355230941453514,0.43608581592232865,6.102400283009972,7.0088075504556,4.0137868134887915,True,1.0626581907272339,1.460271954536438,0.595862208754292,0.319060800844828,0.6265116997767224,0.6386067862550486,-2.3954515043747455,6.370200764200551,5.47588858323325,0.2903721332550049,0.49119746685028076,0.13966088539105947,3.4482852942827913,-1.7742181926142797,4.739238759071013,-1.5886829749349807,0.11803125,5.222503486897071,6.327921734005994,onnx:C:/SIH26052_data/mid/model_wide32_mid_simple.onnx,gunshot/0065,gunshot,8230,2.73,1,False,2.582943700021133,0.6457359250052832
2.067680597305298,2.356243133544922,0.9240304401512557,0.8643313299000984,8.868757655663417,9.392448907564065,10.240310491635407,True,1.2536581754684448,1.7402734756469727,0.8725892995806919,0.754627961531578,0.8652394309388829,0.8929380150929407,5.174959267093766,8.499510892471124,8.003518224724534,0.814022421836853,0.6159696578979492,0.051441140570563815,3.232765970845799,-4.083555491170951,4.908428649038808,-4.020030139805977,0.41971875,7.31632146201675,8.928458788844786,onnx:C:/SIH26052_data/mid/model_wide32_mid_simple.onnx,gunshot/0066,gunshot,5105,14.63,5,False,2.5793479999992996,0.6448369999998249
2.7163546085357666,3.135178327560425,0.9727652333686764,0.9254285010981143,14.786876188261854,14.902090865916367,12.659961475395841,True,1.510094404220581,2.027031183242798,0.9069613037856882,0.7820660401999505,5.396848686453021,5.413776121609354,6.06223629257109,9.488314744307013,9.390027501808833,1.2062602043151855,1.108147144317627,0.0658039295829882,14.112835251644494,0.6701415538904805,14.174982056792715,0.7507041675632459,0.287328125,13.442693697754013,13.424277889229469,onnx:C:/SIH26052_data/mid/model_wide32_mid_simple.onnx,gunshot/0067,gunshot,8455,9.87,2,False,2.552087999996729,0.6380219999991823
2.1651148796081543,2.657914876937866,0.9430656548506737,0.9093010222661323,13.380821166458588,13.499855351774046,16.851901651295822,True,1.290499210357666,1.6809306144714355,0.8500516136047367,0.7413807510861766,3.8599966391828517,3.8155933361539662,9.160996695649034,9.68426201562008,9.520824527275737,0.8746156692504883,0.9769842624664307,0.09301404124593704,15.828380949641634,13.176084949716856,15.899306715695138,13.109194316047628,0.049671875,2.652295999924778,2.7901123996475103,onnx:C:/SIH26052_data/mid/model_wide32_mid_simple.onnx,gunshot/0068,gunshot,8555,10.15,1,True,2.497651499987114,0.6244128749967786
2.8701305389404297,3.442660093307495,0.9807331233065593,0.9482666104181928,19.372346916666014,19.31868600702898,14.813931961868368,True,1.5013525485992432,1.9659957885742188,0.9551138349492881,0.8395226850953845,12.950911631821507,12.948262172784705,8.765406310918761,6.370423834244274,6.421435284844508,1.3687779903411865,1.4766643047332764,0.02561928835727112,20.436617163787332,14.437646134580879,20.319825167585446,14.378831139733192,0.1235625,5.998971029206453,5.940994027852254,onnx:C:/SIH26052_data/mid/model_wide32_mid_simple.onnx,gunshot/0069,gunshot,3570,13.46,1,False,2.4862746999715455,0.6215686749928864
1.6551382541656494,2.067190647125244,0.8568654814630009,0.7292633468654001,16.341767622903472,16.28685061481694,12.587401417013789,True,1.0276286602020264,1.347910761833191,0.7672557270688035,0.47191793167053586,4.602756394891269,4.617739083105522,0.7443164116767474,11.669111531711419,11.739011228012203,0.627509593963623,0.7192798852920532,0.08960975439419738,12.334394433251257,3.0588956356196255,12.517559250978529,3.090079465456212,0.135671875,9.27549879763163,9.427479785522317,onnx:C:/SIH26052_data/mid/model_wide32_mid_simple.onnx,gunshot/0070,gunshot,3570,4.8,1,False,2.4894587000017054,0.6223646750004264
2.2697863578796387,2.4868924617767334,0.9567590842632281,0.8601905976978582,10.082990452047387,10.40676598725774,11.618260566955167,True,1.2982020378112793,1.7171170711517334,0.889338261491798,0.6497966346658921,0.9507342536329955,0.9882933668500933,-2.7433342578747624,9.418472620407647,9.13225619841439,0.9715843200683594,0.769775390625,0.06742082277143013,10.175377215780355,-2.6799691395691005,10.356577866539322,-2.5834628830257023,0.01803125,12.855346355349456,12.940040749565025,onnx:C:/SIH26052_data/mid/model_wide32_mid_simple.onnx,gunshot/0071,gunshot,6930,1.34,1,True,2.5274274999974295,0.6318568749993574
2.1413233280181885,2.7902469635009766,0.9361242930052949,0.8837920390107379,16.667887921861674,16.683190660656166,17.763335261849495,True,1.1999413967132568,1.413888931274414,0.802682813060262,0.7481246728567994,7.060574323444634,7.057952434606831,17.308072031965057,9.625238226049335,9.60731359841704,0.9413819313049316,1.3763580322265625,0.13344147994503286,13.258170482129067,4.808824962918276,13.408498595852906,4.777113724471566,0.153859375,8.449345519210791,8.63138487138134,onnx:C:/SIH26052_data/mid/model_wide32_mid_simple.onnx,gunshot/0072,gunshot,1580,7.58,2,False,2.466331399977207,0.6165828499943018
2.078228235244751,2.751329183578491,0.8890967287451976,0.773985802949642,8.797593300037628,9.273838350895108,5.503025171869317,True,1.0482434034347534,1.546414852142334,0.8156715086278071,0.6492598006847862,3.6833525966536684,3.6367322371349546,0.4213158746045646,5.6371061137601535,5.11424070338396,1.0299848318099976,1.2049143314361572,0.0734252201173905,6.626284915865944,1.713864058103841,7.424670328618362,1.5364249635436682,0.14140625,4.912420857762103,5.8882453650746935,onnx:C:/SIH26052_data/mid/model_wide32_mid_simple.onnx,gunshot/0073,gunshot,8455,4.58,1,False,2.5048758999910206,0.6262189749977551
3.4736099243164062,3.7689032554626465,0.9943019319398962,0.9752626521047127,23.104031210667294,22.858876684665994,22.761508980614913,True,2.1044371128082275,2.978043794631958,0.9840172832749844,0.932001855593766,14.83514390018321,14.844888276277427,21.855794261639016,8.013988408388567,8.268887310484084,1.3691728115081787,0.7908594608306885,0.010284648664911855,17.90867181922634,9.815274877742583,17.9400359335575,9.822911425924701,0.118171875,8.093396941483755,8.117124507632798,onnx:C:/SIH26052_data/mid/model_wide32_mid_simple.onnx,gunshot/0074,gunshot,3570,15.72,1,False,2.5074781999574043,0.6268695499893511
2.6160433292388916,3.064671754837036,0.9255963524471168,0.8639204334590402,19.495255048211536,19.44615689047699,17.18284896651605,True,1.2070996761322021,1.5485775470733643,0.8865127017380355,0.7494680240224583,13.205688382156264,13.189347865327566,9.678455634214375,6.256809025149423,6.289566666055272,1.4089436531066895,1.5160942077636719,0.039083650709081263,12.793817398415747,6.182163512026389,13.00300411939915,5.901947695678849,0.093359375,6.611653886389358,7.101056423720302,onnx:C:/SIH26052_data/mid/model_wide32_mid_simple.onnx,gunshot/0075,gunshot,3570,14.36,1,False,2.488707999989856,0.622176999997464
1.325251817703247,1.6596360206604004,0.7856153576363313,0.5921776243411024,1.858895346616518,4.032694679501352,2.8841687306318504,True,1.1049225330352783,1.3037879467010498,0.6891709079453607,0.46614645039952773,-2.63557308494268,-2.342485322283749,-3.473458005749573,6.375180001785101,4.494468431559198,0.22032928466796875,0.3558480739593506,0.09644444969097055,0.5543182150365242,-2.743977488120619,3.221305887308991,-2.3721719498684855,0.178796875,3.2982957031571436,5.593477837177476,onnx:C:/SIH26052_data/mid/model_wide32_mid_simple.onnx,gunshot/0076,gunshot,7729,9.08,2,True,2.551851299998816,0.637962824999704
3.630228281021118,3.9308266639709473,0.9915476902683679,0.9788390574778727,25.74668481410736,25.633701738524927,22.74001600592736,True,2.43833327293396,3.005964756011963,0.9799491429149636,0.9564221770902646,13.517957527656336,13.516861767715547,11.600451209944604,12.11683997080938,12.228727286451026,1.1918950080871582,0.9248619079589844,0.011598547353404265,26.115621810030838,15.737502592033978,25.983410864490082,15.752791108044786,0.105359375,10.37811921799686,10.230619756445297,onnx:C:/SIH26052_data/mid/model_wide32_mid_simple.onnx,gunshot/0077,gunshot,8555,13.65,1,False,2.5141848999774083,0.6285462249943521
1.6733064651489258,2.176924467086792,0.7729741600336599,0.5614141341357399,7.52341319393207,8.096366360616434,4.46810859799018,True,1.0920932292938232,1.495815634727478,0.6695540151710815,0.405523151402053,-3.22547585996704,-3.1244685711070557,-4.304247360478843,11.22083493172349,10.74888905389911,0.5812132358551025,0.681108832359314,0.10342014486257844,-9.708332928988758,-13.820568258611296,0.2715681997227749,-12.544340781364642,0.126,4.112235329622537,12.815908981087418,onnx:C:/SIH26052_data/mid/model_wide32_mid_simple.onnx,gunshot/0078,gunshot,8455,9.33,1,True,2.5079997000284493,0.6269999250071123
1.7053232192993164,2.809363842010498,0.9437220251175593,0.8916339487966706,15.981181339813102,16.02478122173394,12.80943172995352,True,1.092917799949646,1.635918140411377,0.8511516694640625,0.7147029857460234,8.752841563652426,8.761189697105005,8.059676173641483,7.263591524628934,7.228339776160675,0.6124054193496704,1.173445701599121,0.0925703556534968,13.530214659410591,6.538924861905594,13.669033013163332,6.559658218167051,0.279890625,6.991289797504997,7.109374794996281,onnx:C:/SIH26052_data/mid/model_wide32_mid_simple.onnx,gunshot/0079,gunshot,5683,13.93,3,False,2.5316365000326186,0.6329091250081547
2.0646631717681885,2.8553147315979004,0.9151306317929425,0.8074756082141965,9.371701466203534,9.832008194675538,7.014132675754539,True,1.2610771656036377,1.781724452972412,0.8094720095196056,0.6985219763899966,1.6884934322888137,1.8299535134171896,2.318002221461616,8.002054681258349,7.68320803391472,0.8035860061645508,1.0735902786254883,0.10565862227333689,5.322411429363263,-4.848994257470465,6.438237160509969,-4.9232896610080505,0.296640625,10.171405686833728,11.36152682151802,onnx:C:/SIH26052_data/mid/model_wide32_mid_simple.onnx,gunshot/0080,gunshot,4446,12.3,3,True,2.5190482000471093,0.6297620500117773
1.7644788026809692,2.488600492477417,0.9387547882565618,0.7748735047865467,12.362772896174963,12.567725015686111,8.962177704243524,True,1.1347808837890625,1.5204159021377563,0.868873415784273,0.627370945090381,0.5308147163260781,0.5578223459592675,1.3288363974580713,12.009902669726843,11.831958179848884,0.6296979188919067,0.9681845903396606,0.06988137247228876,14.02421119847632,6.426792483453259,14.13829419877884,6.44586634207868,0.10925,7.5974187150230605,7.692427856700161,onnx:C:/SIH26052_data/mid/model_wide32_mid_simple.onnx,gunshot/0081,gunshot,7176,1.09,1,False,2.4800832999753766,0.6200208249938441
1.9085023403167725,2.43682861328125,0.9041126885688084,0.8498369366600842,11.854398990164746,12.017488820247738,12.581520059639129,True,1.1280381679534912,1.4676320552825928,0.8538587692211486,0.7411325835153515,6.297493149586478,6.258065235605037,6.467889816452975,5.759423584642701,5.556905840578269,0.7804641723632812,0.9691965579986572,0.05025391934765988,3.252162575326128,-0.37776589642791314,4.86609926033929,-0.6292417576295133,0.107296875,3.6299284717540408,5.495341017968803,onnx:C:/SIH26052_data/mid/model_wide32_mid_simple.onnx,gunshot/0082,gunshot,8555,9.37,1,False,2.5341016000020318,0.6335254000005079
2.1699721813201904,2.8722124099731445,0.9412454209351175,0.8283358501108532,15.378382316619561,15.413165875113544,9.402296779613142,True,1.3505104780197144,1.7713873386383057,0.8247159920502413,0.6316427684322942,6.23547220193662,6.27170864525747,1.9674850172276674,9.141457229856073,9.142910114682941,0.8194617033004761,1.1008250713348389,0.11652942888487627,14.874623099996693,8.413073539041143,14.879644251137288,8.448981557458936,0.15084375,6.46154956095555,6.430662693678352,onnx:C:/SIH26052_data/mid/model_wide32_mid_simple.onnx,gunshot/0083,gunshot,2961,7.08,2,False,2.5335868000402115,0.6333967000100529
1.67584228515625,2.105271577835083,0.8009776703959661,0.6921219541147701,7.953553256304478,8.58138575562143,6.522373430074568,True,1.0736291408538818,1.2681548595428467,0.6261539339160047,0.5724839927052525,2.247741736095123,2.2414854214321522,1.5158518568940464,6.339900334189277,5.705811520209355,0.6022131443023682,0.8371167182922363,0.1748237364799614,3.0585452186361444,-4.213406879533159,4.724526806451461,-4.714455986908333,0.13209375,7.2719520981693035,9.438982793359795,onnx:C:/SIH26052_data/mid/model_wide32_mid_simple.onnx,gunshot/0084,gunshot,1284,12.32,1,True,2.5279159999918193,0.6319789999979548
1.3925721645355225,2.0997118949890137,0.8302099887243352,0.7189435573651983,5.751047581976097,6.772654805244594,5.20118945297122,True,1.089603066444397,1.3549160957336426,0.7242477309190631,0.6028079044302661,0.8496362940901354,0.8420670724929059,-0.1260800548194514,5.930587732751688,4.901411287885962,0.3029690980911255,0.7447957992553711,0.10596225780527202,1.4451455046201103,-2.7333059198731906,3.661664433995319,-2.5729783099248005,0.110578125,4.178451424493301,6.234642743920119,onnx:C:/SIH26052_data/mid/model_wide32_mid_simple.onnx,gunshot/0085,gunshot,260,7.41,1,True,2.5462225999799557,0.6365556499949889
1.7073601484298706,2.495575428009033,0.8790560947952885,0.7687907232060439,8.37520268553719,8.921256141406937,6.090454986065809,True,1.1264485120773315,1.6097159385681152,0.8253352481385614,0.6392231610031549,4.239191173192118,4.231433426408708,1.918210924535868,4.689822714998229,4.136011512345071,0.5809116363525391,0.885859489440918,0.05372084665672705,3.9743889429983863,-1.6522403537584631,5.413301847025133,-1.6337364687511067,0.14228125,5.62662929675685,7.0470383157762395,onnx:C:/SIH26052_data/mid/model_wide32_mid_simple.onnx,gunshot/0086,gunshot,1320,15.08,1,True,2.568126199999824,0.642031549999956
2.283670425415039,3.1853744983673096,0.9450008695052877,0.8031499540145255,9.414274708418196,9.663327532476465,7.528822435273985,True,1.4577925205230713,2.066107988357544,0.8804808072004029,0.6942467737012781,-0.14362017866169938,-0.14434638429174054,-0.007301689608190341,9.807673916768206,9.557894887079895,0.8258779048919678,1.1192665100097656,0.06452006230488483,10.177312492805228,-4.34581774228734,10.568191803552601,-4.375436491131044,0.252171875,14.52313023509257,14.943628294683645,onnx:C:/SIH26052_data/mid/model_wide32_mid_simple.onnx,gunshot/0087,gunshot,1089,0.09,2,False,2.5233588999835774,0.6308397249958944
1.582197666168213,2.340841770172119,0.7921677024768013,0.5231424717437722,6.906808758345431,7.7042962283315575,3.3555792119658405,True,1.1480884552001953,1.8222808837890625,0.7031477349427447,0.37745576922049484,1.946412284840805,2.1095108642275546,-2.3353452072915326,5.594785364104003,4.960396473504626,0.4341092109680176,0.5185608863830566,0.08901996753405661,-7.525557954315506,-10.154532548193576,0.7008026602337001,-9.959572284084109,0.119625,2.6289745938780698,10.660374944317809,onnx:C:/SIH26052_data/mid/model_wide32_mid_simple.onnx,gunshot/0088,gunshot,1089,12.73,1,True,2.5727881000493653,0.6431970250123413
2.7689335346221924,3.353466272354126,0.8973180314160181,0.7930356182905588,13.216727314513037,13.394221437008495,8.945090236965612,True,1.7207900285720825,2.5138423442840576,0.834965531840066,0.7233990981780806,8.958850925910129,8.978218258610283,5.069238449802387,4.416003178398212,4.257876388602908,1.0481435060501099,0.8396239280700684,0.062352499575952014,4.939100212911093,0.44934668032338076,6.069201461050072,1.0854601431988973,0.124453125,4.489753532587712,4.983741317851175,onnx:C:/SIH26052_data/mid/model_wide32_mid_simple.onnx,gunshot/0089,gunshot,3729,9.57,1,False,2.533623500028625,0.6334058750071563
3.1054115295410156,3.5062077045440674,0.9756375283967668,0.9118595710216542,19.04851860570258,18.80463385917151,14.582144835091004,True,1.3414714336395264,1.9504750967025757,0.9342419657813743,0.829991092295437,12.276885280655458,12.272810325382547,7.741745557400708,6.5318235337889625,6.771633325047121,1.7639400959014893,1.5557326078414917,0.041395562615392456,20.93124851456343,11.610391415174144,20.559359588945743,11.614071462863013,0.12540625,9.320857099389285,8.94528812608273,onnx:C:/SIH26052_data/mid/model_wide32_mid_simple.onnx,gunshot/0090,gunshot,3570,12.86,1,False,2.5215880000032485,0.6303970000008121
2.174492120742798,2.7497429847717285,0.878183207732961,0.8039932902086705,9.20014719085221,9.674668448398423,8.175076610981831,True,1.2116403579711914,1.7154417037963867,0.8237278762782283,0.6640568798715936,-3.0291952198983636,-2.7172967867201576,3.2407651639926685,12.39196523511858,12.229342410750574,0.9628517627716064,1.0343012809753418,0.05445533145473269,5.652231359180759,-10.159309162454209,6.358110115284425,-8.724572192406963,0.098453125,15.811540521634967,15.082682307691389,onnx:C:/SIH26052_data/mid/model_wide32_mid_simple.onnx,gunshot/0091,gunshot,4446,18.44,1,True,2.51262409996707,0.6281560249917675
1.5992069244384766,2.204664945602417,0.910799888159133,0.7092900424101407,9.130571987399271,9.628428568783816,6.2522255301457585,True,1.1093169450759888,1.459906816482544,0.8290980020290237,0.5038732587048772,3.553580521643191,3.5822378199882543,-0.877108919844964,6.046190748795562,5.57699146575608,0.4898899793624878,0.744758129119873,0.08170188613010931,8.613561805267143,-1.3781263138761308,9.169844080454656,-1.562313486127441,0.0584375,9.991688119143273,10.732157566582096,onnx:C:/SIH26052_data/mid/model_wide32_mid_simple.onnx,gunshot/0092,gunshot,4446,3.83,1,False,2.6873426000238396,0.6718356500059599
1.1969749927520752,1.5418519973754883,0.6154785744747526,0.42069622520841243,1.8387874208481048,4.007095442333145,1.2090144979262047,True,1.0437067747116089,1.2516838312149048,0.5034693933206236,0.3398513168486408,-2.711322602385099,-2.2071189036084755,-4.36715912977241,6.21421434594162,4.550110023233204,0.1532682180404663,0.2901681661605835,0.11200918115412906,-0.9785034407705637,-5.76694914625678,2.4278631747027712,-4.953895536920771,0.246375,4.788445705486216,7.381758711623542,onnx:C:/SIH26052_data/mid/model_wide32_mid_simple.onnx,gunshot/0093,gunshot,1284,0.95,3,True,2.6878744999994524,0.6719686249998631
3.4512925148010254,3.8121323585510254,0.9155072324463402,0.8474901670556972,15.40302855240421,15.461106910410834,11.382244541978219,True,1.958470106124878,2.8272931575775146,0.8701176758280763,0.7750846355516473,8.084883601870114,8.086116834914124,8.094139760663708,7.37499007549671,7.318144950534096,1.4928224086761475,0.9848392009735107,0.04538955661826394,18.112003542021107,4.43215585467419,18.024660492343664,4.413203724025766,0.11025,13.679847687346918,13.611456768317897,onnx:C:/SIH26052_data/mid/model_wide32_mid_simple.onnx,gunshot/0094,gunshot,672,16.02,1,False,2.6895850999862887,0.6723962749965722
2.498950481414795,3.062896490097046,0.9492010261472794,0.8953712323778183,14.11759844760891,14.185455689828785,11.570566970827578,True,1.143438458442688,1.8820825815200806,0.8681190418445012,0.7039769139080354,0.7344253296723191,0.651855590053017,-1.9615439828147945,13.533600099775768,13.38317311793659,1.355512022972107,1.1808139085769653,0.08108198430277824,13.342018879860575,-0.03963047723394259,13.524244805923644,-0.26493957004258806,0.09128125,13.381649357094517,13.789184375966231,onnx:C:/SIH26052_data/mid/model_wide32_mid_simple.onnx,gunshot/0095,gunshot,6829,9.79,1,True,2.7141924999887124,0.6785481249971781
2.641859531402588,3.2228267192840576,0.9312812505793782,0.8401310713833511,11.33645925686055,11.49455778396902,11.997993616432556,True,1.2685480117797852,1.9809184074401855,0.8752822515054213,0.6790918987929851,4.409806833500183,4.484552037520299,0.5549296570054413,7.010005746448721,6.926652423360367,1.3733115196228027,1.241908311843872,0.05599899907395689,9.887808692020553,5.884527597110977,9.204844819398957,6.4767491257497145,0.118546875,4.003281094909576,2.7280956936492426,onnx:C:/SIH26052_data/mid/model_wide32_mid_simple.onnx,gunshot/0096,gunshot,6829,10.41,1,True,2.247261199983768,0.561815299995942
3.1845703125,3.4969077110290527,0.9534986365874093,0.88273925084957,18.518765013134512,18.499009567117195,18.20061253764238,True,1.4287160634994507,2.135035514831543,0.8785497010192314,0.6271385241278734,9.237088872224836,9.251294985561296,11.201068802221181,9.247714581555899,9.281676140909676,1.7558542490005493,1.3618721961975098,0.07494893556817794,14.333434196217068,5.90231989262859,14.489905617924972,5.918577272908622,0.13759375,8.431114303588478,8.57132834501635,onnx:C:/SIH26052_data/mid/model_wide32_mid_simple.onnx,gunshot/0097,gunshot,2830,9.42,1,False,2.2504718999844044,0.5626179749961011
1.2941523790359497,1.680262804031372,0.717394524202504,0.5855784855043891,6.513655390374842,7.381378382070648,6.023735098097335,True,1.0464340448379517,1.3915753364562988,0.5740124294991304,0.43135805740022304,-5.7328734116869935,-5.8893146594926975,-0.38237267771810113,13.270693041563344,12.246528802061835,0.24771833419799805,0.28868746757507324,0.1433820947033736,-0.7899151419269114,-12.831883310599592,2.5694811179558408,-13.587841531441944,0.26053125,12.04196816867268,16.157322649397784,onnx:C:/SIH26052_data/mid/model_wide32_mid_simple.onnx,gunshot/0098,gunshot,1221,10.17,2,True,2.316092099994421,0.5790230249986053
2.575260639190674,3.049504518508911,0.9801557332941147,0.9309269263050304,22.312039807022238,22.292335793849837,20.67584690828672,True,1.4901683330535889,2.4750609397888184,0.965157023871677,0.896719141864428,18.599017387870216,18.59094870044047,19.871534503470677,3.701387093409366,3.713022419152022,1.085092306137085,0.5744435787200928,0.01499870942243764,25.481084578828405,23.42144026464498,24.843710875468055,23.417611507749964,0.116421875,2.0596443141834264,1.4260993677180913,onnx:C:/SIH26052_data/mid/model_wide32_mid_simple.onnx,gunshot/0099,gunshot,4992,18.89,1,False,2.315033700026106,0.5787584250065265
1.5595476627349854,2.308509349822998,0.8402867432795869,0.6626790493345437,2.8636051013930803,4.613102828484564,4.161841075561584,True,1.0992944240570068,1.6180832386016846,0.7374240383694148,0.48806653916982184,-2.093695599009045,-1.3248157147259998,-0.8695321027624113,5.937918543210564,4.957300700402126,0.4602532386779785,0.6904261112213135,0.10286270491017202,1.0079036486671702,-4.712370695221001,3.5004064263465544,-3.349995173816391,0.298765625,5.720274343888171,6.850401600162945,onnx:C:/SIH26052_data/mid/model_wide32_mid_simple.onnx,gunshot/0100,gunshot,5105,17.3,3,True,2.2901204000227153,0.5725301000056788
2.13490891456604,2.7592155933380127,0.9044491193593902,0.8143820083003087,14.604839897985313,14.697721529971853,10.708425852067673,True,1.0829508304595947,1.5076732635498047,0.7500519954693684,0.6059068340721869,6.842979398968373,6.856822212676386,4.3966573602104235,7.840899317295467,7.76186049901694,1.0519580841064453,1.251542329788208,0.1543971238900218,12.51253045101115,5.092555770240357,12.73975409688923,5.130346498223046,0.134484375,7.419974680770793,7.609407598666184,onnx:C:/SIH26052_data/mid/model_wide32_mid_simple.onnx,gunshot/0101,gunshot,8224,7.43,1,False,2.364449599990621,0.5911123999976553
1.1982144117355347,1.8037264347076416,0.7034335421282715,0.3527082505381347,5.718372240780035,6.668168206665608,3.4731797003872233,True,1.0321044921875,1.1767210960388184,0.5377993078635874,0.2653094622938153,-3.893363155864318,-3.56107277432898,-5.302579999630403,10.229240980994588,9.611735396644352,0.16610991954803467,0.6270053386688232,0.16563423426468404,-2.1796817631466823,-6.058683844079144,1.9274094511895363,-5.3784599832967706,0.11434375,3.8790020809324615,7.305869434486307,onnx:C:/SIH26052_data/mid/model_wide32_mid_simple.onnx,gunshot/0102,gunshot,8230,2.9,1,True,2.3556134999962524,0.5889033749990631
3.003713607788086,3.747469186782837,0.9718214995772076,0.9207638397480113,16.944879202944545,17.02248537774697,14.524076595850568,True,1.9654443264007568,2.820427417755127,0.9261934263161066,0.8859647914747318,11.40571940750667,11.415775674942939,12.669456951370282,5.606709702804032,5.539159795437875,1.038269281387329,0.92704176902771,0.045628073261101076,3.6985662543513937,-4.246409931974983,5.057935796260576,-4.2215061458093315,0.108828125,7.944976186326377,9.279441942069909,onnx:C:/SIH26052_data/mid/model_wide32_mid_simple.onnx,gunshot/0103,gunshot,1089,16.44,1,False,2.31974209996406,0.579935524991015
1.9412819147109985,2.5854544639587402,0.7965363110871686,0.5949187962907235,9.04391491518614,9.380473619049713,5.25727595938873,True,1.1402708292007446,1.5527663230895996,0.6738060627533273,0.44860259418602155,2.744121759330431,2.9151196262209362,-2.1184661218337526,6.465353992828777,6.299793155855708,0.8010110855102539,1.0326881408691406,0.12273024833384127,3.833988276040516,-13.122815467545632,5.101859006268751,-13.142700501611724,0.15625,16.956803743586146,18.244559507880474,onnx:C:/SIH26052_data/mid/model_wide32_mid_simple.onnx,gunshot/0104,gunshot,5683,14.52,3,True,2.484264599974267,0.6210661499935668
1.3233917951583862,1.6842023134231567,0.6279945852925969,0.4007725933368343,6.1244905068199875,7.067640026434532,2.9099085318730684,True,1.034831166267395,1.2672744989395142,0.5419600897075352,0.2924577846896161,-4.17202782984224,-4.171685227577595,-6.1534211945255715,11.239325254012126,10.296518336662228,0.2885606288909912,0.4169278144836426,0.08603449558506171,8.507333110892974,-2.6929867099255187,9.076569869813383,-2.7403990188183354,0.28565625,11.200319820818493,11.816968888631719,onnx:C:/SIH26052_data/mid/model_wide32_mid_simple.onnx,gunshot/0105,gunshot,1284,0.62,3,True,2.9151780000538565,0.7287945000134641
2.654548168182373,3.0073652267456055,0.9706364241896651,0.9437494879328889,16.176484252600815,16.270854526858113,15.939164301389608,True,1.1891826391220093,1.6293171644210815,0.9054171703827635,0.8030038419128188,6.8613937387964405,6.862526494018998,8.896562183119363,9.408328032839115,9.315090513804375,1.4653655290603638,1.378048062324524,0.06521925380690163,13.874430129535384,-0.19599416362616134,14.03041748689143,-0.17790018285207004,0.124390625,14.070424293161546,14.2083176697435,onnx:C:/SIH26052_data/mid/model_wide32_mid_simple.onnx,gunshot/0106,gunshot,121,8.22,1,False,2.9658977999933995,0.7414744499983499
1.8559731245040894,2.5390536785125732,0.8355645409386238,0.6635219442861745,11.603540079060739,11.665818698337894,8.247256921264885,True,1.0525275468826294,1.4675689935684204,0.736779329857847,0.5261062573564137,0.8030714272174334,0.8556384259770997,-0.1449365746565179,10.810180272360794,10.800468651843305,0.80344557762146,1.0714846849441528,0.09878521108077676,13.14432829984087,2.3739924510701176,13.215435698709715,2.2871132656490682,0.2518125,10.770335848770753,10.928322433060647,onnx:C:/SIH26052_data/mid/model_wide32_mid_simple.onnx,gunshot/0107,gunshot,1580,8.48,2,True,2.9374715999583714,0.7343678999895928
1.6212003231048584,2.377032518386841,0.8901358724194802,0.7133716524953384,5.731318765370044,6.753598083469975,4.899639380592407,True,1.0732438564300537,1.516512155532837,0.8094816363583917,0.5269565078452663,1.7276079348045967,1.8303245810297715,-0.5670561615143366,4.923273502440203,4.003710830565447,0.5479564666748047,0.8605203628540039,0.08065423606108857,5.747814883380108,2.375785821100593,6.751894376923369,2.521715921958952,0.243359375,3.372029062279515,4.230178454964417,onnx:C:/SIH26052_data/mid/model_wide32_mid_simple.onnx,gunshot/0108,gunshot,61,2.46,3,False,2.836918999964837,0.7092297499912092
1.1904774904251099,1.4142415523529053,0.5675884878762765,0.4034634633080472,0.0383053679517977,2.944150248270116,1.4179653933904812,True,1.022528052330017,1.2082208395004272,0.4575657107456175,0.27361825286931074,-9.998354461416952,-9.157513831412162,-6.132358509844284,12.101664079682278,10.03665982936875,0.16794943809509277,0.20602071285247803,0.11002277713065894,-4.199296326991583,-13.913565349021056,1.3457443964493083,-13.26018261301602,0.17784375,9.714269022029473,14.60592700946533,onnx:C:/SIH26052_data/mid/model_wide32_mid_simple.onnx,gunshot/0109,gunshot,1284,2.46,2,True,2.639614299987443,0.6599035749968607
2.485880136489868,3.281984329223633,0.9776962155826037,0.9275530819846468,17.46301968011416,17.45981613029302,13.991179795606753,True,1.3014593124389648,2.0486884117126465,0.9444675912180733,0.8065621936189334,9.911532522603412,9.936763390135798,7.071624229261322,7.5230527401572225,7.551487157510749,1.1844208240509033,1.2332959175109863,0.033228624364530335,15.766304658138736,9.679554420451412,15.827251673544184,9.689234441954945,0.1355,6.086750237687324,6.13801723158924,onnx:C:/SIH26052_data/mid/model_wide32_mid_simple.onnx,gunshot/0110,gunshot,4970,11.47,1,False,2.600785000016913,0.6501962500042282
2.3589210510253906,3.095743417739868,0.9566615404844663,0.8755434048475708,16.66481254002715,16.667502965078686,12.716240480294818,True,1.3304163217544556,1.9091410636901855,0.9071956924813119,0.6926261980708354,8.624138670673686,8.63033605588855,3.930512746939062,8.037166909190136,8.040673869353464,1.028504729270935,1.1866023540496826,0.049465848003154345,15.860969099521899,8.571648696087951,15.886294173635084,8.558231837879275,0.615140625,7.289320403433948,7.32806233575581,onnx:C:/SIH26052_data/mid/model_wide32_mid_simple.onnx,gunshot/0111,gunshot,4446,9.83,6,False,2.582274199987296,0.645568549996824
1.4320969581604004,2.021946907043457,0.8038837479074147,0.5844520950581207,4.712407883906318,5.8484135422386,3.3081679176693877,True,1.0634161233901978,1.435778260231018,0.6304832892687506,0.41452662545224217,-1.8643895302964326,-2.2425657911080674,-3.5957789130144007,8.090979333346667,6.57679741420275,0.36868083477020264,0.586168646812439,0.17340045863866405,6.466548435381661,2.1152347088683996,7.315326557088682,1.8049827550156852,0.11990625,4.351313726513261,5.510343802072996,onnx:C:/SIH26052_data/mid/model_wide32_mid_simple.onnx,gunshot/0112,gunshot,8455,8.18,1,True,2.496176699991338,0.6240441749978345
1.4612700939178467,2.0233511924743652,0.7945851725934051,0.5530050684396568,8.392220735852254,8.97179460805512,5.185772612030769,True,1.1727849245071411,1.5878851413726807,0.665608770922387,0.38874843500260087,0.45196629216119005,0.529110212006008,-2.2376005029312926,8.442684396049112,7.940254443691064,0.28848516941070557,0.43546605110168457,0.1289764016710181,7.956806571053866,-3.3303962498104873,8.586739565545095,-3.2662427091262365,0.13059375,11.287202820864353,11.852982274671332,onnx:C:/SIH26052_data/mid/model_wide32_mid_simple.onnx,gunshot/0113,gunshot,672,4.37,1,False,2.4974630000069737,0.6243657500017434
1.2104594707489014,1.536754846572876,0.7480429901966339,0.59683158381554,3.421283351048781,5.04655365471138,4.082370310516743,True,1.0647774934768677,1.260016918182373,0.6700924079727129,0.5144241399750612,-7.081505702638092,-6.838154002550471,-2.5761055273097497,11.88470765726185,10.502789053686872,0.1456819772720337,0.27673792839050293,0.07795058222392104,1.318781200917458,-13.565576628327559,3.5222175793229327,-12.49189856795246,0.141,14.884357829245017,16.01411614727539,onnx:C:/SIH26052_data/mid/model_wide32_mid_simple.onnx,gunshot/0114,gunshot,6829,9.65,1,True,2.516553000023123,0.6291382500057807
1.1933412551879883,1.515089511871338,0.6713986758302058,0.5225694391768264,-4.891424818977973,-2.1940861926212145,-3.235487579073597,True,1.0245853662490845,1.0909236669540405,0.40832574358382234,0.4263256420483764,-18.6634874268639,-18.52281237633466,-9.579641718890574,16.328726183713446,13.772062607885925,0.1687558889389038,0.42416584491729736,0.2630729322463835,-14.297730546048026,-19.722784805914337,-5.024406027768088,-19.33107610934283,0.2583125,5.425054259866311,14.306670081574744,onnx:C:/SIH26052_data/mid/model_wide32_mid_simple.onnx,gunshot/0115,gunshot,8555,0.49,2,True,2.5167457000352442,0.6291864250088111
2.6568949222564697,3.2425334453582764,0.9254704985753187,0.8765891711976975,18.93545603973413,18.981619975895242,17.881841123364108,True,1.1252121925354004,1.8344072103500366,0.8380056342420779,0.7573649284622134,3.7916717314916486,3.758261105859498,2.493715852784155,15.223358870035744,15.143784308242482,1.5316827297210693,1.4081262350082397,0.08746486433324085,17.386925813331942,1.0915339204516257,17.41448084661371,0.96186103813388,0.2351875,16.295391892880318,16.45261980847983,onnx:C:/SIH26052_data/mid/model_wide32_mid_simple.onnx,gunshot/0116,gunshot,4507,6.02,2,False,2.5240820000180975,0.6310205000045244
3.037219762802124,3.4659125804901123,0.9274069885554738,0.8731265120261353,18.18135404541074,18.2106105380237,17.54573241148025,True,2.0167951583862305,2.8252055644989014,0.9150547437874458,0.8128525401325891,17.317234886166684,17.37110966509495,15.433817563611305,0.8395008729287525,0.8641191592440549,1.0204246044158936,0.6407070159912109,0.012352244768027987,7.560462850844855,6.434081307104015,8.418086415217303,6.562428206974071,0.124625,1.1263815437408402,1.8556582082432316,onnx:C:/SIH26052_data/mid/model_wide32_mid_simple.onnx,gunshot/0117,gunshot,2830,18.91,1,False,2.537367600016296,0.634341900004074
1.606729507446289,2.1124792098999023,0.7477145106417101,0.6118759025042149,9.845457742967968,10.2726951214518,7.9464383140311,True,1.0878312587738037,1.521945834159851,0.679737528766642,0.45515713662359314,-0.6097394907498186,-0.6548876956370646,0.08235237417847446,10.927582817088865,10.455197233717787,0.5188982486724854,0.5905333757400513,0.06797698187506818,1.9134307797445298,-7.796546441572727,3.9271182309037176,-7.988281085961754,0.301359375,9.709977221317256,11.915399316865471,onnx:C:/SIH26052_data/mid/model_wide32_mid_simple.onnx,gunshot/0118,gunshot,2961,16.14,3,True,2.5164050000021234,0.6291012500005309
1.2129802703857422,1.714808464050293,0.834424059595827,0.5496104601138936,3.50793903298136,5.103058040303989,2.686485182175292,True,1.107142448425293,1.4379805326461792,0.6484977706613005,0.31464794309293664,-4.6954492889198605,-4.820506366168099,-6.0483153231346325,9.923564406472089,8.20338832190122,0.10583782196044922,0.27682793140411377,0.18592628893452645,1.0816651827310957,-11.055278279559527,3.3318925236207955,-10.861809149464367,0.10475,12.136943462290622,14.193701673085162,onnx:C:/SIH26052_data/mid/model_wide32_mid_simple.onnx,gunshot/0119,gunshot,7176,6.35,1,True,2.551576900004875,0.6378942250012187
1.4775978326797485,2.086535692214966,0.8021969816186569,0.6105974504550786,4.7091446317823085,5.8996215488367945,4.453438274345053,True,1.16425359249115,1.665906310081482,0.74816654018425,0.5201602787552888,-3.3960324161632958,-1.7856190055912275,0.05298997876407856,7.685240554428022,8.105177047945604,0.31334424018859863,0.4206293821334839,0.05403044143440694,-7.2349976213033464,-14.304944907263357,0.750748971691316,-8.227502393428118,0.1499375,7.06994728596001,8.978251365119434,onnx:C:/SIH26052_data/mid/model_wide32_mid_simple.onnx,artillery/0000,artillery,237,17.69,2,True,2.5967658999725245,0.6491914749931311
2.715366840362549,3.195875406265259,0.9624441058783959,0.8775678572742237,18.318648188518893,18.32591530623067,13.792482229268808,True,1.4787389039993286,2.0019330978393555,0.9097846891592986,0.7452804247589112,12.136894766185302,12.100738476816101,8.856179496231602,6.225176829414568,6.181753422333591,1.2366279363632202,1.1939423084259033,0.05265941671909735,4.836244041703811,-3.2597766800147827,6.068210789596714,-3.6549219283843444,0.129484375,8.096020721718594,9.72313271798106,onnx:C:/SIH26052_data/mid/model_wide32_mid_simple.onnx,artillery/0001,artillery,8463,15.85,1,False,2.6791243000188842,0.6697810750047211
1.5528639554977417,2.2559926509857178,0.8769437288337385,0.7367685126053632,7.999130074167916,8.631322779737012,6.860865677952003,True,1.1437510251998901,1.6202462911605835,0.8054644917367627,0.6078664984789608,-0.5725949092939218,-0.5446176727471744,-0.48074823801380717,9.175940452484186,8.571724983461838,0.40911293029785156,0.6357463598251343,0.07147923709697579,-2.4692114233970357,-9.200875147001263,1.9462727373462285,-8.649655655566853,0.128390625,6.7316637236042265,10.595928392913082,onnx:C:/SIH26052_data/mid/model_wide32_mid_simple.onnx,artillery/0002,artillery,121,11.51,1,True,2.688938000006601,0.6722345000016503
1.5301207304000854,2.440018892288208,0.7808017449880018,0.4885586566408577,8.676139702527927,9.225722521519623,3.966202466233368,True,1.0502443313598633,1.474565029144287,0.6194735810314109,0.37844796626860727,-5.043100288149961,-4.964643818591633,-4.823129921253861,14.190366340111257,13.719239990677888,0.47987639904022217,0.9654538631439209,0.1613281639565909,-12.247458905579936,-18.322976154956564,-0.7241311463834321,-18.814716078151374,0.12759375,6.075517249376627,18.090584931767943,onnx:C:/SIH26052_data/mid/model_wide32_mid_simple.onnx,artillery/0003,artillery,2961,4.51,1,True,2.645730300049763,0.6614325750124408
1.5428659915924072,2.325397491455078,0.9104349863432466,0.7588330603620408,6.788977748655411,7.613187964488951,5.079181106380209,True,1.1826344728469849,1.6708182096481323,0.836409762382367,0.5626840725456475,2.266260000144387,2.2703870529157113,-0.7299201197342922,5.3428009115732396,4.522717748511024,0.36023151874542236,0.6545792818069458,0.07402522396087963,4.34590153604949,0.062183407689781256,5.703469492804278,-0.11444209796177016,0.1134375,4.283718128359708,5.817911590766048,onnx:C:/SIH26052_data/mid/model_wide32_mid_simple.onnx,artillery/0004,artillery,61,2.33,1,False,2.5788716000388376,0.6447179000097094
1.0370839834213257,1.240512490272522,0.6588123644481335,0.4651346860577994,-13.605883078194587,-10.747278627262249,-6.519710344274277,True,1.0237329006195068,1.2043120861053467,0.6142070912767357,0.39614848718620216,-13.45544672865761,-12.02648890939356,-7.760268003990749,1.2792102821313112,-0.15043634953697804,0.013351082801818848,0.03620040416717529,0.04460527317139784,-7.8581196623698855,-7.346331267242436,-8.654632875818356,-9.799669852522301,0.1305625,-0.5117883951274491,1.1450369767039454,onnx:C:/SIH26052_data/mid/model_wide32_mid_simple.onnx,artillery/0005,artillery,672,12.1,1,True,2.657076799951028,0.664269199987757
1.9770393371582031,2.4182815551757812,0.8719458298171604,0.7548505472423657,10.117933421079528,10.431991936377578,7.349041417032232,True,1.1646032333374023,1.6343035697937012,0.7840180319618141,0.6220492033497151,-2.2299206144979165,-2.1435848335348466,0.9810642086697537,12.575576769912425,12.347854035577445,0.8124361038208008,0.7839779853820801,0.08792779785534632,-1.3436296950551547,-15.59937631560741,2.3039497302388794,-14.807433273492563,0.20275,14.255746620552255,17.111383003731444,onnx:C:/SIH26052_data/mid/model_wide32_mid_simple.onnx,artillery/0006,artillery,8463,19.67,2,True,2.625977799994871,0.6564944499987178
1.6852617263793945,2.386235237121582,0.871836709988756,0.7613662629023964,12.158869249407605,12.384148023593578,9.24827814308693,True,1.073673963546753,1.460484504699707,0.7129925302257997,0.5242648394084833,0.7884961980910675,0.772755580659785,-0.25831633524174713,11.611392442933793,11.370373051316538,0.6115877628326416,0.925750732421875,0.15884417976295628,10.06101105558131,-1.1607311542915697,10.452576916255738,-1.2517226768238494,0.4878125,11.22174220987288,11.704299593079588,onnx:C:/SIH26052_data/mid/model_wide32_mid_simple.onnx,artillery/0007,artillery,3575,2.35,6,False,2.645628099970054,0.6614070249925135
1.0923130512237549,1.2771881818771362,0.7888223744781893,0.5945404477157136,-4.080680143391949,-1.7467498653405291,2.6256101150443256,True,1.1360163688659668,1.1159393787384033,0.7048573641629766,0.36768304518719597,-12.088958186618015,-12.09129352410015,-5.3912755784891315,10.344543658759621,8.008278043226067,-0.043703317642211914,0.1612488031387329,0.08396501031521264,-12.422223482346244,-13.698414225342264,-7.836292223363202,-13.899260871617415,0.361921875,1.27619074299602,6.062968648254213,onnx:C:/SIH26052_data/mid/model_wide32_mid_simple.onnx,artillery/0008,artillery,5142,2.3,3,True,2.6273546000011265,0.6568386500002816
1.438581943511963,1.9563665390014648,0.8463960703126284,0.737369173539018,6.084720831942959,7.030158683890249,7.8234092560823205,True,1.0539958477020264,1.266960859298706,0.7243695570261218,0.6044811556404026,-1.5340985576398305,-1.6938450451561826,1.5546941138231345,8.724003729046432,7.618819389582789,0.3845860958099365,0.6894056797027588,0.1220265132865066,1.6094200851710807,-3.7351840313878277,3.858929748939758,-4.212189376530875,0.1266875,5.344604116558909,8.071119125470634,onnx:C:/SIH26052_data/mid/model_wide32_mid_simple.onnx,artillery/0009,artillery,4970,0.69,2,False,2.500434099987615,0.6251085249969037
1.5472991466522217,2.4642584323883057,0.9145359853643242,0.8286305219355063,11.472409229248669,11.208555894743702,8.714639105035026,True,1.0218703746795654,1.5986403226852417,0.8589772259335565,0.6995386059601103,2.896380196679602,2.6055388128455927,0.39482712875340154,8.603017081898109,8.576029032569068,0.5254287719726562,0.865618109703064,0.05555875943076771,8.803959879637507,-0.03837726712495766,8.948272832041258,-0.423335889826402,0.2335,8.842337146762464,9.371608721867661,onnx:C:/SIH26052_data/mid/model_wide32_mid_simple.onnx,artillery/0010,artillery,3570,10.25,2,True,2.5207045000279322,0.6301761250069831
1.901594877243042,2.4227025508880615,0.861070438809889,0.7147281715541897,5.5565280298057385,6.588850999180781,7.770387894776156,True,1.2181347608566284,2.2540781497955322,0.8240431408095072,0.6549837091357342,-12.162440646348678,-12.069238469446141,-7.990810705255447,18.658089468626923,17.718968676154418,0.6834601163864136,0.1686244010925293,0.037027298000381736,0.9192424656309848,-12.055065211824264,3.4426245643735203,-11.828608946894034,0.12271875,12.974307677455249,15.271233511267555,onnx:C:/SIH26052_data/mid/model_wide32_mid_simple.onnx,artillery/0011,artillery,2961,18.08,1,True,2.5286301000160165,0.6321575250040041
1.2806744575500488,2.0778427124023438,0.8472370090907088,0.6413014081859872,4.567521420963939,5.844895750021275,4.5063503510009335,True,1.0470302104949951,1.3936419486999512,0.725809456829145,0.44869555959890456,-0.0027268498091978224,0.015981786088956448,-1.7166866262167138,5.828913963932318,4.5702482707731376,0.2336442470550537,0.6842007637023926,0.12142755226156376,5.132593860674755,1.1761404501281865,6.265978223956168,1.145789313265581,0.317546875,3.956453410546569,5.120188910690587,onnx:C:/SIH26052_data/mid/model_wide32_mid_simple.onnx,artillery/0012,artillery,1320,0.41,3,False,2.4727006999892183,0.6181751749973046
1.7180278301239014,2.68930983543396,0.8509537281501109,0.7289207440013066,12.9416426130656,13.100228812773206,8.862026104127711,True,1.083554983139038,1.928958535194397,0.7635738906170992,0.570987572457009,-1.8704204399589044,-1.855791969467827,-2.5969238641636174,14.956020782241033,14.812063053024504,0.6344728469848633,0.760351300239563,0.0873798375330117,-17.845669653660195,-17.300803571887325,0.06114718340926002,-17.20595753433092,0.110671875,-0.5448660817728701,17.26710471774018,onnx:C:/SIH26052_data/mid/model_wide32_mid_simple.onnx,artillery/0013,artillery,2961,10.35,1,True,2.524580999976024,0.631145249994006
1.2437245845794678,1.7917848825454712,0.7412163876919825,0.5787355829856337,5.184260130433394,6.30016139482427,4.81596105562207,True,1.0484294891357422,1.3040894269943237,0.5927256410118629,0.3833809991764214,-4.398450152428742,-4.396439206251111,-1.5056180907539212,10.696600601075382,9.582710282862136,0.19529509544372559,0.48769545555114746,0.14849074668011963,0.42213344846476203,-8.60118453699765,3.2261188400821137,-8.660410632406068,0.26671875,9.023317985462413,11.886529472488181,onnx:C:/SIH26052_data/mid/model_wide32_mid_simple.onnx,artillery/0014,artillery,260,13.73,3,True,2.470330999989528,0.617582749997382
1.492133617401123,2.1643142700195312,0.8953867586086862,0.716205499128849,10.16219648917674,10.4128689399679,5.184153053065817,True,1.1643717288970947,1.6446303129196167,0.8186935390088299,0.495664106268191,4.106633938582574,4.127217456377676,-1.258819638418166,6.285651483590224,6.055562550594166,0.3277618885040283,0.5196839570999146,0.07669321959985631,11.890476903136486,3.8235108147135524,12.064104254177252,3.819375585815668,0.1285,8.066966088422934,8.244728668361585,onnx:C:/SIH26052_data/mid/model_wide32_mid_simple.onnx,artillery/0015,artillery,5105,4.94,1,False,2.4467610999708995,0.6116902749927249
2.9674904346466064,3.3118834495544434,0.9564300381989369,0.8768365042647455,18.929360461971953,18.951764834924038,22.532870683171975,True,1.0764163732528687,1.1177083253860474,0.8300454605021481,0.7159879845011998,-2.1108143105969077,-2.1133928512256075,11.014007907536284,21.065157686149647,21.04017477256886,1.8910740613937378,2.194175124168396,0.1263845776967888,7.106645351497525,-12.595999382572515,7.838257354589617,-12.622586512460535,0.1460625,19.70264473407004,20.46084386705015,onnx:C:/SIH26052_data/mid/model_wide32_mid_simple.onnx,artillery/0016,artillery,3570,2.75,1,False,2.5694488000008278,0.6423622000002069
2.736161470413208,3.276258707046509,0.9657015745820302,0.9384021308998325,12.559354929216207,12.758957859624287,13.95481562701393,True,1.3832720518112183,2.2260043621063232,0.9431585521685492,0.873942054106933,4.628608089310099,4.642098999625938,7.629690458836639,8.116858859998349,7.930746839906108,1.3528894186019897,1.0502543449401855,0.02254302241348105,9.649160634316202,0.2401651550743497,10.093902585129161,0.3266972416193643,0.259484375,9.408995479241852,9.767205343509797,onnx:C:/SIH26052_data/mid/model_wide32_mid_simple.onnx,artillery/0017,artillery,121,13.86,2,False,2.596544600033667,0.6491361500084167
1.1612402200698853,1.7022950649261475,0.6698835407665923,0.4691594795992257,0.4191821596109725,2.5536953218341685,1.7541500627870708,True,1.0229226350784302,1.1190751791000366,0.4753211303957716,0.3047006993979466,-5.747905127610578,-5.792476281405663,-5.015128110519758,8.346171603239831,6.167087287221551,0.13831758499145508,0.5832198858261108,0.19456241037082067,-4.800310006112972,-14.09629343037899,0.7246232037115219,-11.550069373530432,0.118515625,9.29598342426602,12.274692577241954,onnx:C:/SIH26052_data/mid/model_wide32_mid_simple.onnx,artillery/0018,artillery,1320,4.22,1,True,2.5679676000145264,0.6419919000036316
1.8925137519836426,2.47391939163208,0.8907850632868397,0.7701036833616652,12.0675705019442,12.160416065407711,8.523196227306757,True,1.108087420463562,1.7572909593582153,0.8106771706068617,0.6347200538511382,3.989936210721358,4.051125838449246,2.5051424369123185,8.109290226958464,8.077634291222843,0.7844263315200806,0.7166284322738647,0.08010789267997798,4.330843463141777,-11.55484581245073,5.3266608210493605,-11.384169862470227,0.130671875,15.885689275592506,16.71083068351959,onnx:C:/SIH26052_data/mid/model_wide32_mid_simple.onnx,artillery/0019,artillery,3575,14.72,1,True,2.586863699951209,0.6467159249878023
1.8034615516662598,2.767375946044922,0.9134303432330939,0.7809060109530814,10.576308319819836,10.867294625453702,7.686568987157181,True,1.0696264505386353,1.594282865524292,0.8067806944803656,0.5919250651703273,-1.822984256950354,-1.8612048576459999,-2.5213542001329974,12.728499483099702,12.39929257677019,0.7338351011276245,1.1730930805206299,0.10664964875272831,11.053477056368013,2.680851754028117,11.197233239014642,2.64236355991138,0.13815625,8.372625302339896,8.554869679103263,onnx:C:/SIH26052_data/mid/model_wide32_mid_simple.onnx,artillery/0020,artillery,1995,2.38,1,True,2.472975399985444,0.618243849996361
1.9500911235809326,2.754322052001953,0.9206194917230365,0.8352192795038988,14.583290492821671,14.706218093217247,12.281050973520422,True,1.2201392650604248,1.6903330087661743,0.8947357196709638,0.7443297345398433,7.761573781513063,7.734111325597351,6.922829794340016,6.972106767619896,6.821716711308608,0.7299518585205078,1.0639890432357788,0.025883772052072707,10.5931412473589,3.427406394309717,10.95127488994371,3.343252575507256,0.245140625,7.165734853049184,7.608022314436454,onnx:C:/SIH26052_data/mid/model_wide32_mid_simple.onnx,artillery/0021,artillery,6829,15.67,2,False,2.506578900036402,0.6266447250091005
2.884357213973999,3.547668695449829,0.9606429990296108,0.9099784712661931,18.95250773949695,18.92657603978572,16.123648336442148,True,1.3318458795547485,1.7946488857269287,0.8996340243177324,0.764922160971188,8.9471903602935,8.949065079386049,8.948049335747937,9.97751096039967,10.00531737920345,1.5525113344192505,1.7530198097229004,0.06100897471187838,19.392596364487787,-2.6704811747099795,19.136045412199454,-2.660546450083632,0.127375,22.063077539197767,21.796591862283087,onnx:C:/SIH26052_data/mid/model_wide32_mid_simple.onnx,artillery/0022,artillery,5683,12.69,1,False,2.4950674999854527,0.6237668749963632
2.448906660079956,2.889420509338379,0.8810862183912684,0.8286144505149222,10.40648708857731,10.751992240925073,12.868596687114223,True,1.0669596195220947,1.2401208877563477,0.8078807144141744,0.7079382334997458,-3.2563812356293225,-3.320821276108956,6.764948597991504,14.07281351703403,13.66286832420663,1.3819470405578613,1.6492996215820312,0.07320550397709402,0.16106652228067725,-10.346093032158365,3.0676452426525387,-10.706951477994354,0.128765625,10.507159554439042,13.774596720646892,onnx:C:/SIH26052_data/mid/model_wide32_mid_simple.onnx,artillery/0023,artillery,3729,10.36,1,True,2.497119100007694,0.6242797750019236
2.9887025356292725,3.382134437561035,0.9627148457669943,0.9211686765856996,19.684850600333647,19.589796462022857,18.162028114873372,True,1.6273012161254883,2.5218515396118164,0.9195247023844378,0.83432148736941,11.545714489398653,11.527739135375922,12.527334641637893,8.062057326646935,8.139136110934993,1.3614013195037842,0.8602828979492188,0.043190143382556445,14.307420005941985,5.195124667305235,14.46170756931429,5.103689262492319,0.2491875,9.11229533863675,9.358018306821972,onnx:C:/SIH26052_data/mid/model_wide32_mid_simple.onnx,artillery/0024,artillery,4446,16.94,2,False,2.5392098000156693,0.6348024500039173
1.3227620124816895,1.6274007558822632,0.8211415227610707,0.6186713420590589,5.602264618249522,6.625346555886173,4.089954450226321,True,1.0671402215957642,1.3503872156143188,0.7380074103332048,0.4430304605961988,1.2327255866662594,1.0915021581906852,-1.370777605863589,5.533844397695487,4.369539031583262,0.2556217908859253,0.27701354026794434,0.08313411242786584,7.273215315228723,1.9031795559865934,7.906247767648812,1.9118409207366416,0.19834375,5.370035759242129,5.99440684691217,onnx:C:/SIH26052_data/mid/model_wide32_mid_simple.onnx,artillery/0025,artillery,7176,1.65,2,False,2.470061900035944,0.617515475008986
1.437339186668396,1.9840357303619385,0.7775137987979815,0.49276060069522104,5.163291383439722,6.1969985985118345,3.6644495311205803,True,1.0752813816070557,1.4207789897918701,0.5978198174653669,0.3202730140523441,-0.8437386260351837,-0.8426438838416338,-3.433100360979422,7.039642482353468,6.007030009474906,0.36205780506134033,0.5632567405700684,0.1796939813326146,2.1000620064768154,-3.8966078674459355,3.9163902976057314,-3.8881704343878627,0.2345,5.996669873922751,7.804560731993594,onnx:C:/SIH26052_data/mid/model_wide32_mid_simple.onnx,artillery/0026,artillery,672,3.54,2,False,2.575330399966333,0.6438325999915833
1.709545373916626,2.8541712760925293,0.8568189290464956,0.7300172329925356,8.701684670025147,6.54434281535944,2.478045947724839,True,1.047542691230774,1.8747864961624146,0.797868005220622,0.6354522602812361,-1.4553096686987055,-2.318218281858994,-2.9616670760096797,8.862561097218434,10.156994338723852,0.662002682685852,0.9793847799301147,0.058950923825873636,3.3559208667140257,-9.89681554950595,4.03296134944715,-8.959578410518311,0.16615625,13.252736416219976,12.99253975996546,onnx:C:/SIH26052_data/mid/model_wide32_mid_simple.onnx,artillery/0027,artillery,672,14.07,2,True,2.508670200011693,0.6271675500029232
1.1844855546951294,1.3413361310958862,0.6467596190571014,0.4684506250772043,5.838240500232822,6.825416155334114,5.32699947866507,True,1.0389645099639893,1.1402509212493896,0.517349090719363,0.3618189711243927,-5.9275981807852105,-5.884660789851841,-2.171482797106694,12.710076945185955,11.765838681018032,0.14552104473114014,0.20108520984649658,0.12941052833773847,5.1626550835162455,-7.3848342617956275,6.296872561562861,-7.320951876361014,0.583171875,12.547489345311874,13.617824437923876,onnx:C:/SIH26052_data/mid/model_wide32_mid_simple.onnx,artillery/0028,artillery,4992,9.19,5,True,2.5451235999935307,0.6362808999983827
2.321730375289917,3.39762020111084,0.932057702729364,0.8657888369297541,6.486524979610504,7.341193405871093,3.710920120562248,True,2.263712167739868,3.1475250720977783,0.9312869579770057,0.8449968627039471,6.225171821930175,7.106711625135656,2.952946522968751,0.2344817807354369,0.26135315768032896,0.05801820755004883,0.2500951290130615,0.0007707447523582767,-19.14400969526715,-26.50606946676651,-27.73652327796774,-31.265869170873316,0.11253125,7.362059771499361,3.5293458929055745,onnx:C:/SIH26052_data/mid/model_wide32_mid_simple.onnx,artillery/0029,artillery,8463,19.38,1,True,2.5037242000107653,0.6259310500026913
1.392330288887024,2.058692216873169,0.6198117640854727,0.33729806899535975,1.962430243680685,4.022693087259196,2.162695982818145,True,1.1397557258605957,1.846872091293335,0.513954319968251,0.3550465352638971,-5.310435133267889,-4.764406473886747,-4.119215478169672,8.787099561145943,7.272865376948574,0.2525745630264282,0.21182012557983398,0.10585744411722164,1.5265955238337612,-10.627620968034584,3.702542815444676,-9.993941829526495,0.23203125,12.154216491868345,13.696484644971171,onnx:C:/SIH26052_data/mid/model_wide32_mid_simple.onnx,artillery/0030,artillery,908,9.75,2,True,2.518361800001003,0.6295904500002507
2.0485341548919678,2.6042115688323975,0.915300550351077,0.8313164135391323,10.617288417678495,10.967949178640524,10.629520213687627,True,1.1292340755462646,1.4722596406936646,0.8380521168691634,0.7171419884761735,1.6494473098530802,1.5899910998666673,6.123078516017015,9.377958078773856,8.967841107825414,0.9193000793457031,1.131951928138733,0.07724843348191368,3.8380280793780175,-4.388234736865797,5.327566754181591,-4.600495764752362,0.34471875,8.226262816243814,9.928062518933952,onnx:C:/SIH26052_data/mid/model_wide32_mid_simple.onnx,artillery/0031,artillery,7729,15.55,3,False,2.5162453000084497,0.6290613250021124
1.731703758239746,2.4820244312286377,0.9236385089013356,0.808322670886685,7.234691527141561,7.944888759396643,6.068512865759997,True,1.0646265745162964,1.411452054977417,0.8353938656704978,0.6118807078929878,1.9595071041299685,1.8470696603749306,0.2256316614978594,6.097819099021713,5.275184423011593,0.6670771837234497,1.0705723762512207,0.0882446432308378,5.477499107672457,0.23172951166278594,6.4873012869094415,0.2755256432098701,0.13134375,5.245769596009671,6.211775643699571,onnx:C:/SIH26052_data/mid/model_wide32_mid_simple.onnx,artillery/0032,artillery,2300,3.73,1,True,2.8218053999589756,0.7054513499897439
2.3924319744110107,3.032106637954712,0.9229898475840114,0.8831929787919783,17.07410634648278,17.156925099179755,18.257575720852298,True,1.0842164754867554,1.2574081420898438,0.7236789996553499,0.5824995978967226,3.9437325949155184,3.9383746781618187,2.843371422058168,13.218550421017937,13.13037375156726,1.3082154989242554,1.7746984958648682,0.1993108479286615,6.98551943666362,-1.9431919711348498,7.262191630088233,-2.0741017145567135,0.138140625,8.92871140779847,9.336293344644947,onnx:C:/SIH26052_data/mid/model_wide32_mid_simple.onnx,artillery/0033,artillery,1995,4.72,1,False,2.8343207000289112,0.7085801750072278
1.050185203552246,1.3008123636245728,0.7307087128029603,0.5577377713093634,6.943485275436624,7.557163606201119,6.216740628049503,True,1.0273709297180176,1.1093562841415405,0.6861049804689909,0.4673971668171192,-0.2095837509167608,0.3325286688192157,2.5393504548506227,7.224634937381903,7.153069026353385,0.022814273834228516,0.19145607948303223,0.044603732333969415,2.000869473881213,-7.5181504561706936,3.9260638964447074,-5.681056874554828,0.239390625,9.519019930051908,9.607120770999536,onnx:C:/SIH26052_data/mid/model_wide32_mid_simple.onnx,artillery/0034,artillery,7021,15.64,3,True,2.8578295000479557,0.7144573750119889
1.1205865144729614,1.2665756940841675,0.5706986337471431,0.3831810077247417,-0.8189164557719035,2.534397723572426,1.3824075529061082,True,1.022845983505249,1.188958764076233,0.4229318018168122,0.22483249824263407,-11.926440773829885,-11.326727051480495,-7.415192993998884,13.861124775052922,11.107524318057981,0.0977405309677124,0.07761693000793457,0.1477668319303309,-4.214225797363904,-13.895392548607326,1.1694694329672908,-13.025128856150213,0.5683125,9.681166751243422,14.194598289117504,onnx:C:/SIH26052_data/mid/model_wide32_mid_simple.onnx,artillery/0035,artillery,3729,4.31,5,True,2.852202199981548,0.713050549995387
1.5575528144836426,2.5951006412506104,0.9185079129199943,0.7619312190254361,6.317868236844598,7.216121565949117,7.330221109027077,True,1.067016839981079,1.5909109115600586,0.8102338007135713,0.5414083531074004,1.8788675563119253,2.032810756138482,0.6937993769276555,5.183310809810635,4.439000680532673,0.4905359745025635,1.0041897296905518,0.10827411220642302,3.859182495910713,-4.845362366433633,5.250324546252453,-4.443307406341709,0.123296875,8.704544862344346,9.693631952594162,onnx:C:/SIH26052_data/mid/model_wide32_mid_simple.onnx,artillery/0036,artillery,8230,13.14,1,True,2.64947189996019,0.6623679749900475
1.6800451278686523,2.076350688934326,0.8837020627115414,0.7948134669578447,12.310213856165781,12.532761480433692,11.184788865135724,True,1.1257447004318237,1.684192180633545,0.8243660393247112,0.7083455875188663,-1.9380079841146522,-1.8949236544329238,4.20078823367547,14.427685134866616,14.248221840280433,0.5543004274368286,0.39215850830078125,0.059336023386830195,1.0249353058872597,-12.405265575482677,3.5160662550511024,-12.216303345426521,0.14696875,13.430200881369936,15.732369600477623,onnx:C:/SIH26052_data/mid/model_wide32_mid_simple.onnx,artillery/0037,artillery,121,19.32,2,True,2.6117008000146598,0.6529252000036649
2.1850266456604004,2.8283989429473877,0.9098516334734139,0.8565992673319129,16.248320598792358,16.289578084916865,13.841726765479207,True,1.0758055448532104,1.4579050540924072,0.8516974870713582,0.7056733462873488,1.808853392847972,1.8040443459258673,0.06147763408508276,14.485533738990998,14.439467205944386,1.10922110080719,1.3704938888549805,0.05815414640205574,11.398541762883156,-1.1450400854369658,11.70206198145526,-1.110938989831255,0.13265625,12.543581848320121,12.813000971286515,onnx:C:/SIH26052_data/mid/model_wide32_mid_simple.onnx,artillery/0038,artillery,8555,2.53,1,False,2.5436050000134856,0.6359012500033714
1.406829595565796,2.0887060165405273,0.7664755164963377,0.5559837387990932,7.933353954527148,8.553612181456035,3.5883221207861213,True,1.1066161394119263,1.579483985900879,0.6851566281636621,0.4154427748020297,0.5073226144401543,0.6121839282120246,-1.8346709299977195,7.941428253244011,7.426031340086994,0.30021345615386963,0.5092220306396484,0.08131888833267564,1.6519484656951495,-5.872015317533187,3.901567038829288,-5.730178477360951,0.43475,7.523963783228336,9.63174551619024,onnx:C:/SIH26052_data/mid/model_wide32_mid_simple.onnx,artillery/0039,artillery,1188,4.7,4,False,2.5456087000202388,0.6364021750050597
2.0477402210235596,2.882643699645996,0.9161450939403666,0.8144557429895624,12.89755949299365,13.05982409036637,10.413423024891923,True,1.3652470111846924,2.020049810409546,0.9022874331484667,0.7809917369241997,3.1217949831516085,3.1171354776618703,5.968551746951283,9.942688612704499,9.775764509842041,0.6824932098388672,0.8625938892364502,0.013857660791899873,1.0836995070370463,-8.256442762501926,3.583073576235936,-8.294708442805328,0.106328125,9.340142269538973,11.877782019041264,onnx:C:/SIH26052_data/mid/model_wide32_mid_simple.onnx,artillery/0040,artillery,1089,13.46,1,False,2.5742132000159472,0.6435533000039868
3.044785976409912,3.780906915664673,0.9548556944148395,0.9194927637340965,16.44232066600788,16.500381940128786,15.017704105916911,True,1.8987599611282349,2.55444073677063,0.9058437619238496,0.8450778840494922,13.38897185921679,13.39473851041728,11.671609509282534,3.105643429711506,3.0533488067910906,1.1460260152816772,1.226466178894043,0.049011932490989896,5.602312478464745,2.7231103824527314,6.6259294868700245,2.842528849017601,0.12121875,2.8792020960120133,3.7834006378524236,onnx:C:/SIH26052_data/mid/model_wide32_mid_simple.onnx,artillery/0041,artillery,672,16.12,1,False,2.554699200030882,0.6386748000077205
1.689977765083313,2.4238977432250977,0.933934291573561,0.8558893833620419,11.044475113671645,11.280107767060771,10.051145900315927,True,1.0751867294311523,1.5522325038909912,0.875571724702602,0.7517119991445308,4.081448338779231,4.137500327714843,3.635516346547585,7.1426074393459285,6.9630267748924135,0.6147910356521606,0.8716652393341064,0.058362566870958976,9.460044824929977,2.1570049888301135,9.844577543532097,2.2357950952337786,0.335203125,7.303039836099863,7.608782448298318,onnx:C:/SIH26052_data/mid/model_wide32_mid_simple.onnx,artillery/0042,artillery,1284,17.32,3,True,2.56724750000285,0.6418118750007125
2.4005565643310547,2.8640875816345215,0.8833069941543654,0.7539691342628132,14.157832727057611,14.222029887046252,10.321981950015342,True,1.3584061861038208,1.8989415168762207,0.7848579201298184,0.6477115776741001,7.219661318323666,7.251231746155381,10.81006963429535,6.970798140890872,6.938171408733945,1.0421503782272339,0.9651460647583008,0.09844907402454706,13.856818638136101,6.795484154092914,13.791141229759855,6.8698253827794895,0.112765625,7.061334484043187,6.921315846980366,onnx:C:/SIH26052_data/mid/model_wide32_mid_simple.onnx,artillery/0043,artillery,2961,8.47,1,False,2.5652975999983028,0.6413243999995757
1.1571513414382935,1.3198013305664062,0.4628791578763195,0.2450553055682354,-0.09620523968849795,2.941741234980315,1.0752771151155176,True,1.0325815677642822,1.1439436674118042,0.36736555532406756,0.11274065211591276,-9.061623481698707,-8.685385020197643,-7.531609547630771,11.627126255177958,8.965418242010209,0.12456977367401123,0.17585766315460205,0.09551360255225194,2.1314513359626175,-7.402981800389403,4.205356271436656,-6.741324149561947,0.29078125,9.534433136352021,10.946680420998604,onnx:C:/SIH26052_data/mid/model_wide32_mid_simple.onnx,artillery/0044,artillery,4507,0.89,3,True,2.4850606999825686,0.6212651749956422
1.3329899311065674,1.614182472229004,0.7588355342489406,0.5101011849571817,5.50200047338117,6.517143766158661,3.864046121713649,True,1.0479496717453003,1.35935378074646,0.552867458408076,0.30293075853937257,-3.6130569976745432,-3.8284319582503814,-5.282424309994431,10.345575724409041,9.115057471055714,0.2850402593612671,0.25482869148254395,0.20596807584086452,4.859717831445688,-4.556059408956555,6.082906031504054,-4.978239658790442,0.106078125,9.415777240402242,11.061145690294495,onnx:C:/SIH26052_data/mid/model_wide32_mid_simple.onnx,artillery/0045,artillery,3729,1.86,1,True,2.4853960999753326,0.6213490249938332
1.6686679124832153,2.1629221439361572,0.9324602875716911,0.8312451091371963,11.98215435285026,12.22825230086885,10.453339741760908,True,1.1142940521240234,1.3960633277893066,0.8289108681868038,0.6840039462809996,2.3261371281542575,2.3747170260029558,5.995615781708366,9.853535274865894,9.656017224696003,0.5543738603591919,0.7668588161468506,0.10354941938488726,7.689249748524855,-2.316813284470628,8.368315399480418,-2.0848319379297546,0.436359375,10.006063032995483,10.453147337410172,onnx:C:/SIH26052_data/mid/model_wide32_mid_simple.onnx,artillery/0046,artillery,7021,10.88,4,False,2.498522999987472,0.624630749996868
1.0715973377227783,1.1989142894744873,0.5262371892632309,0.3242660088687163,-3.122227732231284,1.601008495528208,0.6818426715534125,True,1.0239288806915283,1.1026173830032349,0.5121255689385268,0.32098415497149657,-8.280528015490907,-7.413950155543486,-5.405476405885978,9.014958651071694,5.1583002832596225,0.04766845703125,0.09629690647125244,0.014111620324704144,-17.318538704408198,-14.974457837478635,0.05407475363460187,-10.825529273355839,0.424359375,-2.3440808669295627,10.87960402699044,onnx:C:/SIH26052_data/mid/model_wide32_mid_simple.onnx,artillery/0047,artillery,1320,7.55,4,True,2.4648809999926016,0.6162202499981504
2.5863728523254395,3.1414554119110107,0.9569105596499105,0.9127042931715561,15.475100184725267,15.494876254724478,14.91936172292521,True,1.148467779159546,1.6344504356384277,0.920375389185768,0.8310099604570451,1.2898861252641056,1.3159024152614882,4.242982133765147,14.178973839462989,14.185214059461162,1.4379050731658936,1.507004976272583,0.03653517046414245,9.39728577687435,-5.839046615297397,9.728988816969315,-5.672657009054031,0.138875,15.236332392171747,15.401645826023346,onnx:C:/SIH26052_data/mid/model_wide32_mid_simple.onnx,artillery/0048,artillery,5142,9.69,1,False,2.5183843000559136,0.6295960750139784
1.4777090549468994,2.084223985671997,0.8197592525427314,0.653000262169356,10.134550462505638,10.52387821160316,8.575914998066716,True,1.0534696578979492,1.1912040710449219,0.6672943249550989,0.4747234703194696,-3.4454817830721884,-3.473347807172597,-2.4378844209804806,13.997226018775757,13.580032245577826,0.4242393970489502,0.8930199146270752,0.15246492758763253,6.319368076232703,-6.60688837262289,7.200021426343703,-6.634556725473857,0.3295,12.926256448855593,13.83457815181756,onnx:C:/SIH26052_data/mid/model_wide32_mid_simple.onnx,artillery/0049,artillery,1284,1.04,4,False,2.486514799995348,0.621628699998837
1.3959850072860718,2.1338515281677246,0.8332715133369747,0.6938338697729115,4.390143493516685,5.617399238192763,5.514395854755154,True,1.0853854417800903,1.5508396625518799,0.7784068067182208,0.587575098432702,-9.155996506803675,-8.831022229025514,0.9597100405926661,14.448421467218278,13.54614000032036,0.31059956550598145,0.5830118656158447,0.05486470661875387,3.7398984669957764,-19.631558722440623,5.0705505725984334,-18.450364036663043,0.1064375,23.3714571894364,23.520914609261474,onnx:C:/SIH26052_data/mid/model_wide32_mid_simple.onnx,artillery/0050,artillery,6829,8.8,1,True,2.481774799991399,0.6204436999978498
1.7010340690612793,2.163882255554199,0.8443186062048799,0.7738677514119877,9.430843898742191,9.881442960773589,11.15766308347712,True,1.109963297843933,1.6885261535644531,0.8326977322119914,0.7120351505612116,-0.216215444092552,-0.2597934318227265,2.682524664799904,10.141236392596316,9.647059342834742,0.5910707712173462,0.4753561019897461,0.01162087399288847,-15.974726312947936,-9.815676689536131,0.10826800416103885,-10.210370908957744,0.12075,-6.159049623411805,10.318638913118782,onnx:C:/SIH26052_data/mid/model_wide32_mid_simple.onnx,artillery/0051,artillery,4970,9.89,1,False,2.5213338999892585,0.6303334749973146
1.4306098222732544,1.9554238319396973,0.8443198891734837,0.6955359309959754,7.428003938455965,8.11460215804601,6.3356049884726815,True,1.0744832754135132,1.4012658596038818,0.7244541556601588,0.4776087085107386,1.8941631600152584,1.9921431208494327,-0.7249956712148508,6.1224590371965775,5.533840778440706,0.3561265468597412,0.5541579723358154,0.11986573351332486,5.975335506874653,0.8953448618675615,6.946356020171743,0.8249128913797732,0.1430625,5.079990645007092,6.12144312879197,onnx:C:/SIH26052_data/mid/model_wide32_mid_simple.onnx,artillery/0052,artillery,2094,2.11,1,False,2.467606699967291,0.6169016749918228
1.1788928508758545,1.6558492183685303,0.7401155706436436,0.4803475875876924,-1.356215527832608,1.405978760770394,2.8935532981023235,True,1.0897787809371948,1.5694239139556885,0.613422624352266,0.36347262021070564,-5.728584648896581,-5.937220024811445,-1.0604549996551644,7.343198785581839,4.372369121063972,0.08911406993865967,0.0864253044128418,0.12669294629137762,-11.300136836236252,-14.953982767572402,-8.360721540674174,-17.19679016607609,0.2223125,3.65384593133615,8.836068625401918,onnx:C:/SIH26052_data/mid/model_wide32_mid_simple.onnx,artillery/0053,artillery,908,11.85,2,True,2.5331348000327125,0.6332837000081781
2.1482584476470947,3.0231568813323975,0.908619929453051,0.8024707844833959,10.574382717092998,10.920777280196605,6.005539267603802,True,1.223251461982727,1.9636166095733643,0.8454405465707457,0.6649032279887555,-1.59216016635839,-1.4155325605864835,2.056937650413386,12.336309840783088,12.166542883451388,0.9250069856643677,1.0595402717590332,0.06317938288230529,6.604163067175283,-7.705959151993039,7.460226799151384,-7.47306873864607,0.266859375,14.31012221916832,14.933295537797454,onnx:C:/SIH26052_data/mid/model_wide32_mid_simple.onnx,artillery/0054,artillery,4446,17.84,2,True,2.49870529997861,0.6246763249946525
1.5649094581604004,2.230562448501587,0.8716690814806894,0.726099060767308,4.678075859253818,5.945506018883291,5.3146000505855735,True,1.117716670036316,1.492229700088501,0.7768225881096505,0.4981338423674408,-1.3836371715421845,-1.3407161793778837,-1.6883183658588583,7.286222198261175,6.061713030796002,0.4471927881240845,0.7383327484130859,0.0948464933710389,3.4424444876358447,-2.5474587648475255,5.051968731913052,-2.2575109694179663,0.471484375,5.98990325248337,7.309479701331019,onnx:C:/SIH26052_data/mid/model_wide32_mid_simple.onnx,artillery/0055,artillery,61,0.7,4,False,2.5174948000349104,0.6293737000087276
2.1007916927337646,3.0599305629730225,0.9338328192191742,0.8544918160541547,15.254596298292391,15.31456319828876,12.738360983876897,True,1.1623998880386353,1.8628655672073364,0.8868107056170085,0.7545020213543732,9.760684993019327,9.804827246223383,5.871969815101147,5.509735952065377,5.493911305273064,0.9383918046951294,1.197064995765686,0.04702211360216568,8.036365691714613,0.9716773901105497,8.391997753753518,1.044565344492023,0.176328125,7.064688301604063,7.347432409261495,onnx:C:/SIH26052_data/mid/model_wide32_mid_simple.onnx,artillery/0056,artillery,2094,13.16,2,False,2.493899399996735,0.6234748499991838
1.1236668825149536,1.385473370552063,0.6057253173709307,0.3973018152392248,-2.199335674539304,2.018087775561399,1.383546232433617,True,1.0365355014801025,1.1315035820007324,0.4934643907012904,0.26767576824172296,-9.343394007663214,-8.53326516933936,-5.807422853685934,10.55135294490076,7.14405833312391,0.08713138103485107,0.25396978855133057,0.11226092666964033,-7.535502569555921,-14.628536224345055,0.1804992680473175,-12.968910215903627,0.27546875,7.093033654789134,13.149409483950944,onnx:C:/SIH26052_data/mid/model_wide32_mid_simple.onnx,artillery/0057,artillery,61,0.76,3,True,2.496453100000508,0.624113275000127
1.472847580909729,1.8583478927612305,0.8247219980262707,0.7214905548671379,9.113350903737905,9.375622573576425,7.8769874330382015,True,1.1004270315170288,1.3922659158706665,0.6965568579134227,0.5339721621412082,1.410969774648214,1.3933145905814326,0.5685457271215729,7.982307982994993,7.702381129089691,0.3724205493927002,0.46608197689056396,0.12816514011284796,6.3873716224659995,-0.05136100969766671,7.151879778922043,-0.14863795965984133,0.233328125,6.438732632163666,7.300517738581885,onnx:C:/SIH26052_data/mid/model_wide32_mid_simple.onnx,artillery/0058,artillery,2830,1.79,2,False,2.530030300025828,0.632507575006457
1.903169870376587,2.5564522743225098,0.9596068262211005,0.9015420502095784,11.101630297511754,11.38919480093628,10.08505147955778,True,1.193585991859436,1.831125020980835,0.9321121213079595,0.768710641669923,1.2480795154231163,1.2853210205553363,3.35258763267263,10.103873780380944,9.853550782088638,0.7095838785171509,0.7253272533416748,0.027494704913140988,4.467701397794319,-5.382690909404069,5.73414654860157,-5.277815659105954,0.14678125,9.850392307198387,11.011962207707525,onnx:C:/SIH26052_data/mid/model_wide32_mid_simple.onnx,artillery/0059,artillery,4446,10.8,1,False,2.474027600022964,0.618506900005741
1.099153757095337,1.2977368831634521,0.5820235354487363,0.44007948277986697,-6.082686807468419,-1.8679410393558937,1.0675308543768156,True,1.0230622291564941,1.083860158920288,0.5600315003206136,0.3292475114988883,-13.56348478111598,-13.017694986537336,-6.403343380225156,11.149753947181441,7.480797973647561,0.07609152793884277,0.21387672424316406,0.021992035128122756,-17.967057851830322,-18.61018047388618,-6.6563171749473815,-16.71659526668695,0.245484375,0.6431226220558592,10.060278091739569,onnx:C:/SIH26052_data/mid/model_wide32_mid_simple.onnx,artillery/0060,artillery,8555,1.36,2,True,2.52317060000496,0.63079265000124
1.648036241531372,2.535250425338745,0.8691201332367569,0.7026492580111261,13.156379486315327,13.316299232938265,8.843520190446181,True,1.1483646631240845,1.5890231132507324,0.7017946102396566,0.4896523023659007,4.732943860755652,4.715145986752291,2.9978459043864096,8.601153246185973,8.423435625559675,0.4996715784072876,0.9462273120880127,0.16732552299710024,7.729115170083771,-1.2874176559060575,8.34245688888488,-1.3915193063839664,0.24434375,9.01653282598983,9.733976195268847,onnx:C:/SIH26052_data/mid/model_wide32_mid_simple.onnx,artillery/0061,artillery,1284,8.8,2,False,2.43667359999381,0.6091683999984525
1.122654914855957,1.4890624284744263,0.6488934737730097,0.5608870359836498,-1.6182282329927677,0.9221171710063736,0.10706941929649634,True,1.0564519166946411,1.4234031438827515,0.6480301969642966,0.5624466970772991,-6.46609346594902,-6.299311711886472,-5.833176812635353,7.2214288828928455,4.847865232956252,0.06620299816131592,0.0656592845916748,0.0008632768087130094,-3.4617398397598773,-8.54347652375068,0.4630312214558142,-8.097147274479061,0.282765625,5.081736683990803,8.560178495934876,onnx:C:/SIH26052_data/mid/model_wide32_mid_simple.onnx,artillery/0062,artillery,672,4.98,3,True,2.534189200028777,0.6335473000071943
1.6090588569641113,2.185518503189087,0.8855435963696042,0.7007330735906743,11.481300359283715,11.654696622021454,7.826000122936896,True,1.1533353328704834,1.4189021587371826,0.7936757116650424,0.5555866669349634,3.5374710522822452,3.5801821683198973,3.00003233248317,8.074514453701557,7.94382930700147,0.45572352409362793,0.7666163444519043,0.09186788470456186,-23.452955783129905,-21.31279526249894,-2.764343415300167,-36.59540470592464,0.1089375,-2.140160520630964,33.831061290624476,onnx:C:/SIH26052_data/mid/model_wide32_mid_simple.onnx,artillery/0063,artillery,260,7.02,1,False,2.45209579996299,0.6130239499907475
1.2812814712524414,1.583243727684021,0.794154769480064,0.5735935502359402,7.123834550239438,7.645681415225145,5.5860228094441124,True,1.0222866535186768,1.2140398025512695,0.6624199162188265,0.3616466024161561,-1.8110669031401465,-1.8492948952290253,-3.714559409307596,9.49497631045417,8.934901453379585,0.25899481773376465,0.36920392513275146,0.13173485326123757,4.507421582598851,-2.9413181684482996,5.5180421501663455,-2.940051197511746,0.10803125,7.4487397510471505,8.45809334767809,onnx:C:/SIH26052_data/mid/model_wide32_mid_simple.onnx,artillery/0064,artillery,4992,4.24,1,True,2.529575399996247,0.6323938499990618
2.0391664505004883,3.252049684524536,0.9349966456781692,0.8378207476892761,6.439132384841084,7.30497118065977,6.106264507254795,True,1.0242282152175903,2.3273797035217285,0.8863605041579526,0.7284369554352017,-2.1296653305627395,-3.9414324916026495,-5.289236828783055,11.246403672262419,8.568797715403823,1.014938235282898,0.9246699810028076,0.04863614152021656,1.6158687897823167,-11.332816201761242,3.591340415308744,-12.168824160864624,0.12378125,12.948684991543558,15.760164576173368,onnx:C:/SIH26052_data/mid/model_wide32_mid_simple.onnx,artillery/0065,artillery,260,14.59,1,True,2.581013399991207,0.6452533499978017
1.511294960975647,2.0303232669830322,0.8413579165676615,0.6051130317795994,10.485706745744128,10.844354646434942,7.197552137143861,True,1.113430142402649,1.5235260725021362,0.7369835189746399,0.3629129360145991,0.2625243351897696,0.31914107973932876,-3.524659275791692,10.525213566695614,10.223182410554358,0.39786481857299805,0.506797194480896,0.10437439759302158,3.640162470452178,-6.002040569402549,5.12640047264213,-5.374188514875743,0.10221875,9.642203039854728,10.500588987517872,onnx:C:/SIH26052_data/mid/model_wide32_mid_simple.onnx,artillery/0066,artillery,4970,2.44,1,False,2.622402500011958,0.6556006250029895
1.288817048072815,1.68961763381958,0.8114421303404259,0.6369731090325806,8.419399772910184,8.991188527663377,7.127846425770798,True,1.0329265594482422,1.191025972366333,0.6168326171732853,0.3701260584495644,1.0370378172411736,0.9116023612822117,-1.5596010148409587,8.079586166381166,7.38236195566901,0.25589048862457275,0.49859166145324707,0.1946095131671406,8.222343086423757,0.7804000344681039,8.826938791005247,0.7939128785530503,0.14421875,7.441943051955653,8.033025912452198,onnx:C:/SIH26052_data/mid/model_wide32_mid_simple.onnx,artillery/0067,artillery,1995,4.86,1,True,2.616339300002437,0.6540848250006093
1.254894495010376,1.682175874710083,0.7723499672795325,0.5566835828251896,5.058838717300916,6.236754672703678,3.7212645267666473,True,1.0412715673446655,1.2921757698059082,0.7121498437350099,0.43007311949239896,-1.283479006563971,-1.4019775432437973,-3.0026536339272223,7.638732215947475,6.342317723864888,0.21362292766571045,0.3900001049041748,0.060200123544522643,-4.4753298493814295,-6.150494996760788,1.2791402082670835,-5.57626669074557,0.12765625,1.6751651473793583,6.855406899012653,onnx:C:/SIH26052_data/mid/model_wide32_mid_simple.onnx,artillery/0068,artillery,7176,14.32,1,True,2.543561199971009,0.6358902999927523
2.4763572216033936,3.386775255203247,0.9530281166931395,0.8742956570076699,15.347202825650456,15.36277335753641,11.584347148962664,True,1.8392736911773682,2.8274762630462646,0.9244988810384591,0.7888178478076502,8.811538346849318,8.812006560781061,7.434291154114049,6.550766796755349,6.535664478801138,0.6370835304260254,0.5592989921569824,0.02852923565468035,5.020051929122449,-1.878702990013803,5.992993809728919,-1.9982522954715878,0.14615625,6.898754919136252,7.991246105200506,onnx:C:/SIH26052_data/mid/model_wide32_mid_simple.onnx,artillery/0069,artillery,8455,14.76,1,False,2.514862300013192,0.628715575003298
1.4434055089950562,1.986791729927063,0.8635301715686974,0.7305473159968635,9.691338387698964,10.124438367287887,5.533699013164737,True,1.0458619594573975,1.5033557415008545,0.8044787230099213,0.554788493291301,2.4131286955650513,2.2862235864477616,-1.5489224702590445,7.838214780840126,7.278209692133913,0.3975435495376587,0.4834359884262085,0.05905144855877609,8.58299561643387,-0.3146282647971935,9.12947266992764,-0.42339293860559823,0.107421875,8.897623881231063,9.552865608533239,onnx:C:/SIH26052_data/mid/model_wide32_mid_simple.onnx,artillery/0070,artillery,8224,3.59,1,False,2.4875056999735534,0.6218764249933884
2.0210940837860107,2.600989580154419,0.9397516297683585,0.872300707116149,13.235563316108234,13.390862573645816,11.98904318539292,True,1.5920132398605347,2.229063034057617,0.926353391026173,0.8276661843297201,9.19818897494985,9.185256242090958,8.562977743158061,4.205606331554858,4.037374341158383,0.4290808439254761,0.37192654609680176,0.013398238742185486,5.8901712203106165,0.045305214287584,6.867352726685509,-0.07432503438704785,0.11290625,5.844866006023032,6.941677761072556,onnx:C:/SIH26052_data/mid/model_wide32_mid_simple.onnx,artillery/0071,artillery,8463,16.74,1,True,2.5203077999758534,0.6300769499939634
1.2218947410583496,2.013730049133301,0.8386138335698781,0.6649971130115747,-5.694675983568539,-4.725252915304231,1.0771977617470763,True,1.07162606716156,1.2431614398956299,0.7263556564696275,0.47257137298529345,-10.802644435804519,-10.862950705077134,-2.3123118633288873,6.137697789772903,5.10796845223598,0.15026867389678955,0.7705686092376709,0.11225817710025054,-8.995396589492998,-12.012911758657015,-7.915127256919532,-12.667862118981002,0.226,3.0175151691640174,4.7527348620614704,onnx:C:/SIH26052_data/mid/model_wide32_mid_simple.onnx,artillery/0072,artillery,1284,3.69,2,True,2.539132600009907,0.6347831500024768
1.3137266635894775,1.7276746034622192,0.6999128376132234,0.42310082563857526,1.5003348579146865,3.371781382341861,1.9504705157642035,True,1.6132986545562744,1.4210052490234375,0.6272356707485027,0.3481996529931549,-5.975989498480979,-5.924547896640776,-6.5462979124602745,9.296329278982638,7.476324356395666,-0.2995719909667969,0.30666935443878174,0.0726771668647207,2.301485590269869,-8.47049814623649,4.311227761620739,-8.048489496879048,0.288015625,10.77198373650636,12.359717258499787,onnx:C:/SIH26052_data/mid/model_wide32_mid_simple.onnx,artillery/0073,artillery,8463,4.52,3,True,2.5078640000429004,0.6269660000107251
1.393860101699829,1.8848472833633423,0.6878703224722807,0.49611395975968625,8.54246743531591,9.095091698553109,5.252334909403192,True,1.0510669946670532,1.40024733543396,0.5903595158374826,0.4268641558750103,-6.703079014117378,-6.585319020555147,-3.859637640513343,15.680410719108256,15.245546449433288,0.3427931070327759,0.4845999479293823,0.09751080663479816,-23.498222481197814,-22.524166842254438,-0.4596273248365087,-19.22501298442475,0.1085,-0.9740556389433763,18.765385659588244,onnx:C:/SIH26052_data/mid/model_wide32_mid_simple.onnx,artillery/0074,artillery,3729,7.09,1,True,2.5409194999956526,0.6352298749989131
1.4322158098220825,1.7323276996612549,0.8111909421822456,0.6658961569029792,7.884851977788453,8.533328614438888,9.2935161509881,True,1.0524970293045044,1.4633030891418457,0.6946223854991955,0.5231595699782842,-3.6015560158121813,-3.579451498458535,2.6885163876413425,12.112780112897424,11.486407993600634,0.3797187805175781,0.2690246105194092,0.1165685566830501,0.5744354088903161,-9.358433230810448,3.281842326774319,-9.302711392504255,0.380609375,9.932868639700764,12.584553719278574,onnx:C:/SIH26052_data/mid/model_wide32_mid_simple.onnx,artillery/0075,artillery,1320,11.42,4,False,2.525419600016903,0.6313549000042258
1.0812218189239502,1.3256049156188965,0.6397755103397749,0.4606669716029855,1.3080324166746324,3.663050060634025,1.2604159376038442,True,1.0176875591278076,1.1517200469970703,0.5818027647900296,0.3209880568395229,-16.58267481214103,-16.754711645785363,-9.479468569475312,20.417761706419387,17.89070722881566,0.06353425979614258,0.17388486862182617,0.0579727455497453,-0.6145205296509899,-18.880044039443636,2.0183421103879637,-19.331543364481362,0.344734375,18.265523509792647,21.349885474869325,onnx:C:/SIH26052_data/mid/model_wide32_mid_simple.onnx,artillery/0076,artillery,237,0.31,4,True,2.535564100020565,0.6338910250051413
1.460593581199646,2.1095495223999023,0.7918235029345014,0.5987741363841417,8.658821475219113,9.206508852252892,4.75811303602353,True,1.0246425867080688,1.2476797103881836,0.6551009291146059,0.40040045831598176,-1.5704325652264695,-1.6463356157085665,-3.2834439204737844,10.852844467961457,10.229254040445582,0.43595099449157715,0.8618698120117188,0.1367225738198955,7.397642481734758,-2.54398462130431,8.1137980199147,-2.6885957906893934,0.44259375,9.941627103039067,10.802393810604094,onnx:C:/SIH26052_data/mid/model_wide32_mid_simple.onnx,artillery/0077,artillery,1284,0.91,4,False,2.455983299994841,0.6139958249987103
2.629843235015869,2.953458547592163,0.9260887865915114,0.8911267098485887,13.851656710222063,14.012189197373278,19.947772779886442,True,1.2012983560562134,1.6305336952209473,0.8719027886651692,0.8462127598482164,1.7293597254114246,1.7576733370456818,9.651591462056135,12.254515860327595,12.122296984810639,1.4285448789596558,1.3229248523712158,0.054185997926342155,1.9962591499712445,-8.792735940303073,4.118074344720808,-8.443632752072837,0.114640625,10.788995090274318,12.561707096793645,onnx:C:/SIH26052_data/mid/model_wide32_mid_simple.onnx,artillery/0078,artillery,3570,15.92,1,False,2.51227549999021,0.6280688749975525
1.6068017482757568,2.1231350898742676,0.7569199619427951,0.5816721437115737,8.31063977127502,8.854144749967483,4.668178865664506,True,1.1580373048782349,1.54400634765625,0.5692786472240261,0.3842554297888628,1.93444646591971,2.0717843720544766,-3.5185300469543694,6.782360377913006,6.376193305355311,0.448764443397522,0.5791287422180176,0.187641314718769,5.909571320978944,0.10068437095126384,6.895401729359277,0.19096660199208448,0.155,5.808886950027681,6.7044351273671925,onnx:C:/SIH26052_data/mid/model_wide32_mid_simple.onnx,artillery/0079,artillery,908,2.56,2,False,2.4264100000145845,0.6066025000036461
1.659468412399292,2.264279365539551,0.8480882789177118,0.6662655709981856,4.213978236964012,5.422806853767986,4.113532743176632,True,1.0629539489746094,1.3572357892990112,0.6766977762348355,0.4340076672248929,-5.666456308354487,-6.019722738720415,-6.2706597152327035,11.442529592488402,9.880434545318499,0.5965144634246826,0.9070435762405396,0.17139050268287626,4.703964233805149,-9.478265512692714,5.7497866503880255,-9.930279734045302,0.229203125,14.182229746497862,15.680066384433328,onnx:C:/SIH26052_data/mid/model_wide32_mid_simple.onnx,artillery/0080,artillery,1089,0.6,2,True,2.4469373999745585,0.6117343499936396
1.6627140045166016,2.31294846534729,0.9421595781150837,0.859140779264317,10.755862047747852,11.078743093695323,7.998523133396991,True,1.0892267227172852,1.3427987098693848,0.878086950852357,0.6769004922678876,4.971458204260114,4.966681723088549,2.4492893081946634,6.1120613706067735,5.7844038434877385,0.5734872817993164,0.9701497554779053,0.06407262726272667,10.485749314433443,6.295435715536712,10.815342263004354,6.069890016203834,0.120046875,4.190313598896731,4.74545224680052,onnx:C:/SIH26052_data/mid/model_wide32_mid_simple.onnx,artillery/0081,artillery,7021,6.27,1,False,2.497993100027088,0.624498275006772
2.2117650508880615,2.909294605255127,0.9371339230910563,0.8823504248735755,13.15132834655883,13.336959936675107,13.05106560020358,True,1.1665215492248535,1.513960599899292,0.8877764330275384,0.7687531118800711,6.995996127095685,6.954156490101905,10.194946687028672,6.382803446573202,6.155332219463146,1.045243501663208,1.395334005355835,0.04935749006351786,11.617227960615363,3.9611801367706696,11.64007020485693,3.899201287009,0.109234375,7.656047823844693,7.74086891784793,onnx:C:/SIH26052_data/mid/model_wide32_mid_simple.onnx,artillery/0082,artillery,2300,7.59,1,False,2.458844400011003,0.6147111000027508
1.951606035232544,2.5969693660736084,0.8903685520359387,0.7636997431154894,9.360236235953765,9.732657256828084,8.497840356100832,True,1.1468786001205444,1.4614713191986084,0.76934023320808,0.6428782552221904,2.9867573338999787,2.9986906342301287,4.6191403048692745,6.733966622597955,6.373478902053787,0.8047274351119995,1.135498046875,0.1210283188278587,6.845176191186821,-3.335324712617566,7.359329688227398,-3.3668020805227634,0.23246875,10.180500903804386,10.726131768750161,onnx:C:/SIH26052_data/mid/model_wide32_mid_simple.onnx,artillery/0083,artillery,8555,17.29,2,True,2.4297572000068612,0.6074393000017153
1.504756212234497,2.0184240341186523,0.7866999341433591,0.5779066551643806,9.534305033556432,9.977526479920028,5.794472387781654,True,1.0788098573684692,1.555476427078247,0.5929894659058856,0.4239003585251564,-0.4329561817723203,-0.41891894416561043,-2.640992984613112,10.39644542408564,9.967261215328753,0.42594635486602783,0.4629476070404053,0.1937104682374735,7.730465375788468,-1.9873830359860278,8.390898179204672,-1.8906831440568417,0.3385,9.717848411774495,10.281581323261515,onnx:C:/SIH26052_data/mid/model_wide32_mid_simple.onnx,artillery/0084,artillery,2961,1.9,3,False,2.6518625000026077,0.6629656250006519
2.857224225997925,3.6075327396392822,0.9925516072809797,0.9617352136780986,18.745860045873176,18.791363137268014,16.53553331042071,True,2.02760648727417,2.864391565322876,0.9934730005163891,0.9463166525049884,16.850184132986147,16.847280969674923,13.45102918272764,1.9440821675930913,1.8956759128870289,0.8296177387237549,0.7431411743164062,-0.0009213932354094068,-11.33348127608118,-10.244265129532241,-26.018110728528313,-26.181958906136764,0.0039375,-1.0892161465489387,0.16384817760845038,onnx:C:/SIH26052_data/mid/model_wide32_mid_simple.onnx,artillery/0085,artillery,6829,18.97,1,False,2.6736670000245795,0.6684167500061449
1.2162293195724487,1.5473119020462036,0.5783397944367389,0.3818703129244699,2.1037006137277943,3.9512784411564104,5.009185467332072,True,1.0806258916854858,1.2675018310546875,0.5851922443740085,0.3482552234944998,-6.989298530181598,-6.90347701254045,-0.7838269673830721,10.85475545369686,9.092999143909392,0.1356034278869629,0.2798100709915161,-0.0068524499372696335,-3.4079169397253937,-10.964008342951907,0.9141260177110531,-10.796125797398108,0.241375,7.556091403226513,11.710251815109162,onnx:C:/SIH26052_data/mid/model_wide32_mid_simple.onnx,artillery/0086,artillery,672,19.96,2,True,2.6686980000231415,0.6671745000057854
2.2048895359039307,2.9220192432403564,0.9333785661688626,0.822496700913455,13.478163936685206,13.641511095691595,10.118844863249569,True,1.155696153640747,1.6933553218841553,0.8761992816342099,0.6291640304585221,1.4454330738987644,1.4014826203503477,-1.4640677177133892,12.240028475341248,12.032730862786442,1.0491933822631836,1.2286639213562012,0.05717928453465271,10.98026790647353,-0.5966573316777457,11.268897688331919,-0.6902499895265171,0.118125,11.576925238151276,11.959147677858436,onnx:C:/SIH26052_data/mid/model_wide32_mid_simple.onnx,artillery/0087,artillery,6829,1.9,1,False,2.5969289999920875,0.6492322499980219
1.3537966012954712,2.070136785507202,0.6831854619602117,0.4767453408102119,4.067019060738925,5.460020678383485,2.581557145167214,True,1.058744192123413,1.416623830795288,0.49104141837740595,0.26375619488015006,-6.30573645101339,-6.5071337856724,-4.082698283547694,11.967154464055884,10.372755511752315,0.2950524091720581,0.6535129547119141,0.19214404358280573,-2.757345020365803,-10.544163017007415,1.61476369233224,-11.196712182090833,0.116640625,7.786817996641612,12.811475874423072,onnx:C:/SIH26052_data/mid/model_wide32_mid_simple.onnx,artillery/0088,artillery,908,6.2,1,True,2.5610602000379004,0.6402650500094751
2.0682685375213623,3.3423802852630615,0.9816482785516751,0.9372847086310232,13.711073477878188,13.866763659596854,16.498348134145797,True,1.4733479022979736,2.4165284633636475,0.9570710136037567,0.8573111486266319,5.007311426928162,4.955344371615402,11.084206940599845,8.911419287981452,8.703762050950026,0.5949206352233887,0.9258518218994141,0.024577264947918454,6.040376758603772,-3.852109646014134,6.647863970759495,-4.3560144741594025,0.1198125,9.892486404617905,11.003878444918897,onnx:C:/SIH26052_data/mid/model_wide32_mid_simple.onnx,artillery/0089,artillery,5639,8.9,1,False,2.5974432999501005,0.6493608249875251
1.4990193843841553,2.1791481971740723,0.8388871065371301,0.7255635797271401,10.631952816358092,10.973721600638191,7.46557939659525,True,1.064391016960144,1.5021214485168457,0.685635893821652,0.5619344355776504,-1.2813302405585576,-1.152217814736907,-1.5348946263545449,12.125939415375099,11.91328305691665,0.43462836742401123,0.6770267486572266,0.15325121271547804,5.950982102605138,-5.513430684563955,6.698647721750466,-5.2091773337171485,0.226296875,11.464412787169094,11.907825055467615,onnx:C:/SIH26052_data/mid/model_wide32_mid_simple.onnx,artillery/0090,artillery,1320,5.54,2,True,2.6021961999940686,0.6505490499985171
3.065645217895508,3.6722829341888428,0.9776908236508113,0.9496090091903064,20.27344628408871,20.22573841001543,21.843264146029718,True,1.1967387199401855,2.189053773880005,0.927119176263325,0.8590232948103181,10.87513281629743,10.877958215141446,18.30336852021466,9.347780194873986,9.39831346779128,1.8689064979553223,1.483229160308838,0.05057164738748632,5.964049698306384,-2.381874683511967,6.933514760264634,-2.3074077977370884,0.09525,8.345924381818351,9.240922558001722,onnx:C:/SIH26052_data/mid/model_wide32_mid_simple.onnx,artillery/0091,artillery,4992,14.56,1,False,2.6394010000512935,0.6598502500128234
1.2756441831588745,1.8896764516830444,0.8365243837695446,0.5819010697741702,8.724730205275264,9.259278495359126,5.343827071328753,True,1.0511714220046997,1.370829463005066,0.6802428405699673,0.41282801541096176,-1.2532704951715914,-1.4239922106553373,-1.0794763653376478,10.683270706014463,9.978000700446856,0.2244727611541748,0.5188469886779785,0.15628154319957732,4.046792248862908,-7.133851441998381,5.481102145469671,-7.477514301008771,0.349015625,11.180643690861288,12.958616446478441,onnx:C:/SIH26052_data/mid/model_wide32_mid_simple.onnx,artillery/0092,artillery,260,10.45,3,True,2.524603300029412,0.631150825007353
2.0546109676361084,2.8029050827026367,0.9180872274635263,0.7795604740326337,12.320875562393498,12.503901852214437,8.82974015573379,True,1.0947738885879517,1.7062010765075684,0.8335446809804078,0.5767536917588175,6.441479122740667,6.454811342558809,2.530607615707842,6.049090509655628,5.879396439652831,0.9598370790481567,1.0967040061950684,0.08454254648311854,2.33774913640371,-0.7908188159878762,4.308720004467292,-1.0036368550475805,0.123890625,3.1285679523915864,5.312356859514873,onnx:C:/SIH26052_data/mid/model_wide32_mid_simple.onnx,artillery/0093,artillery,1320,6.89,1,False,2.570194400032051,0.6425486000080127
1.334721326828003,1.9311920404434204,0.8228541475677337,0.6300027414495566,2.430676727455684,4.391199846071158,3.1880987731330275,True,1.0830078125,1.5771563053131104,0.7173830100722609,0.44828511094680706,-3.7921233661051112,-3.592308173254746,-2.8742150862035283,7.983508019325905,6.222800093560796,0.25171351432800293,0.35403573513031006,0.10547113749547277,-5.4272395534295645,-14.9142492356514,1.0495785149055663,-11.895157505260421,0.107390625,9.487009682221835,12.944736020165987,onnx:C:/SIH26052_data/mid/model_wide32_mid_simple.onnx,artillery/0094,artillery,7176,10.3,1,True,2.5485756999696605,0.6371439249924151
2.8644700050354004,3.553816080093384,0.9836707096150269,0.9540621704108186,21.29664729754633,21.24081109381095,17.724541520635945,True,1.4839487075805664,2.9385406970977783,0.9713715249460806,0.9141756131470572,15.998610126458361,15.999624934769374,13.059097557336582,5.241186159041577,5.298037171087968,1.380521297454834,0.6152753829956055,0.012299184668946306,15.995430457779992,8.821582031875662,16.08581247113081,8.889702326984871,0.12475,7.17384842590433,7.1961101441459405,onnx:C:/SIH26052_data/mid/model_wide32_mid_simple.onnx,artillery/0095,artillery,4970,16.95,1,False,2.5958671999978833,0.6489667999994708
2.633108139038086,3.233022451400757,0.955562406583391,0.8731948049039316,13.710641536741775,13.886975742877832,12.373547541684173,True,1.4973363876342773,2.227956771850586,0.9239171406151842,0.741906865440022,9.566827069950259,9.609957236652294,7.0669078222646435,4.277018506225538,4.143814466791516,1.1357717514038086,1.005065679550171,0.031645265968206826,7.143277444433479,3.168287852143443,7.9064746387425835,3.4592856668667658,0.37959375,3.9749895922900356,4.447188971875818,onnx:C:/SIH26052_data/mid/model_wide32_mid_simple.onnx,artillery/0096,artillery,260,17.11,3,False,2.6188881000271067,0.6547220250067767
2.258617639541626,3.063589572906494,0.9180286913411486,0.7882056952956047,15.278581061666213,15.32003638036282,12.542937752353044,True,1.2976094484329224,1.843735694885254,0.8450841621581464,0.7014125533961488,4.031097479197823,4.097072787016642,8.868772292366947,11.22296359334618,11.24748358246839,0.9610081911087036,1.2198538780212402,0.0729445291830022,6.839774972786397,-5.510415722150316,7.578156673693714,-4.9717754363790245,0.132296875,12.350190694936712,12.549932110072739,onnx:C:/SIH26052_data/mid/model_wide32_mid_simple.onnx,artillery/0097,artillery,2830,18.26,1,False,2.5549880000180565,0.6387470000045141
2.379916191101074,3.110098361968994,0.9382965862023276,0.8905884568754959,16.121344364032627,16.22574218167024,17.496614060040645,True,1.2416720390319824,2.406898260116577,0.8877870806805418,0.8142249519109394,4.823982215094835,4.803861169887717,13.006045876671324,11.42188101178252,11.297362148937792,1.1382441520690918,0.703200101852417,0.05050950552178579,10.528089105944185,-1.0547581399257346,10.852607691836376,-1.1325092251999538,0.330984375,11.58284724586992,11.98511691703633,onnx:C:/SIH26052_data/mid/model_wide32_mid_simple.onnx,artillery/0098,artillery,1284,18.98,4,False,2.5899290000088513,0.6474822500022128
2.2574446201324463,3.059225559234619,0.9786315008602744,0.9183659412434045,16.120191138457255,16.083569823986423,14.378425465318246,True,1.1928725242614746,1.8559811115264893,0.9445003440823473,0.8079755042558252,10.275043777297633,10.250443582416821,6.75129815204208,5.833126241569602,5.845147361159622,1.0645720958709717,1.2032444477081299,0.03413115677792711,12.343634854696377,7.562374426360522,12.461465904271511,7.5786239619631015,0.1079375,4.781260428335855,4.88284194230841,onnx:C:/SIH26052_data/mid/model_wide32_mid_simple.onnx,artillery/0099,artillery,1320,10.42,1,False,2.5605951999896206,0.6401487999974051
2.646190643310547,3.363560438156128,0.9733520177003897,0.9310043230571813,12.996563924552511,13.067301220149194,13.487311010715493,True,1.439347505569458,2.127466917037964,0.9602871254055612,0.8779313733717122,5.581878489555601,5.5155086987898025,6.9826034318350105,7.551792521359391,7.41468543499691,1.2068431377410889,1.236093521118164,0.013064892294828545,5.879092318732335,-1.0094522114606175,6.73778048073875,-1.4104010014674935,0.12403125,6.888544530192952,8.148181482206244,onnx:C:/SIH26052_data/mid/model_wide32_mid_simple.onnx,artillery/0100,artillery,8230,12.96,1,False,2.5940809000167064,0.6485202250041766
1.754854440689087,2.7311947345733643,0.8594176608408429,0.7709697056714809,6.857279887461747,7.577348375413054,6.570524773459342,True,1.1310369968414307,1.6834335327148438,0.780224862736724,0.6560719613136321,2.894163695307978,2.733439686323465,3.336226864798582,4.84390868908959,3.9631161921537688,0.6238174438476562,1.0477612018585205,0.07919279810411894,6.391240083314292,-1.2614863304004598,7.279319377660948,-1.2449862378405863,0.091015625,7.652726413714752,8.524305615501534,onnx:C:/SIH26052_data/mid/model_wide32_mid_simple.onnx,artillery/0101,artillery,2094,2.92,1,False,2.5838190000504255,0.6459547500126064
2.9454360008239746,3.3576414585113525,0.9866878812236333,0.935907563185072,17.732770770781062,17.78912474149979,12.410651801203947,True,1.942927360534668,2.4051673412323,0.9617402606122262,0.8128996067996006,11.453604227560394,11.43615217934518,8.299059147618545,6.35297256215461,6.2791665432206685,1.0025086402893066,0.9524741172790527,0.024947620611407095,18.41521827432964,12.112933357866746,18.462499877176846,12.125466222940917,0.128203125,6.302284916462893,6.337033654235929,onnx:C:/SIH26052_data/mid/model_wide32_mid_simple.onnx,artillery/0102,artillery,4077,12.01,1,False,2.5946378999506123,0.6486594749876531
1.6388086080551147,2.6045985221862793,0.9000805896460508,0.786888003183934,5.8275967962518695,6.810787358044754,6.755057780926594,True,1.1059962511062622,1.6527197360992432,0.8303975146675939,0.6858732504905211,3.8754394726747203,4.458523348104945,2.4826253877888043,2.352264009939809,1.9521573235771492,0.5328123569488525,0.9518787860870361,0.06968307497845683,4.203418394771546,1.6459586853770594,5.584769894236809,2.285107388105255,0.500375,2.557459709394487,3.2996625061315537,onnx:C:/SIH26052_data/mid/model_wide32_mid_simple.onnx,artillery/0103,artillery,8224,17.3,4,True,2.5902662000153214,0.6475665500038303
2.8451297283172607,3.2749922275543213,0.9842901274060764,0.9497020695440156,17.687024503377927,17.6010389867406,15.64288311106318,True,1.5640608072280884,2.3149256706237793,0.9827339721721887,0.9263664426147833,13.465440821037639,13.489475156053693,13.346268432417776,4.111563830686908,4.221583682340288,1.2810689210891724,0.960066556930542,0.001556155233887635,12.59504269445957,6.65073599433522,12.75026892822589,6.779118926429706,0.155078125,5.944306700124351,5.971150001796183,onnx:C:/SIH26052_data/mid/model_wide32_mid_simple.onnx,artillery/0104,artillery,121,18.59,2,False,2.482249699998647,0.6205624249996617
2.3315820693969727,3.2539713382720947,0.8888194827692926,0.8129062312484794,17.33469707287417,17.37914685365996,15.435892253342084,True,1.3676047325134277,2.5552289485931396,0.8353814605776715,0.7548587661870202,4.007632522044538,3.99284985569232,4.746604491097342,13.38629699796764,13.327064550829633,0.9639773368835449,0.6987423896789551,0.05343802219162108,-2.7331820458457634,-11.788869447115687,1.8428653665425687,-12.368814445021709,0.143578125,9.055687401269923,14.211679811564277,onnx:C:/SIH26052_data/mid/model_wide32_mid_simple.onnx,artillery/0105,artillery,5683,13.97,1,False,2.4853424999746494,0.6213356249936623
1.3393529653549194,1.931991457939148,0.7874926954613842,0.6232984375601546,7.7668310212727025,8.435833079366692,4.380987772963186,True,1.1193150281906128,1.5571835041046143,0.6993113284999375,0.46016747784575895,1.430305048706968,1.5577439023318345,-2.864023742841699,6.878089177034857,6.336525972565735,0.22003793716430664,0.3748079538345337,0.08818136696144674,6.59191459320306,-1.03210573813193,7.45161784585386,-0.7758236769158638,0.13509375,7.62402033133499,8.227441522769723,onnx:C:/SIH26052_data/mid/model_wide32_mid_simple.onnx,artillery/0106,artillery,8455,3.72,1,True,2.5283454000018537,0.6320863500004634
1.581735610961914,2.0764832496643066,0.9257201776622502,0.8229411730001073,7.8841286074640395,8.476372488801129,9.351672328172445,True,1.0742168426513672,1.5170392990112305,0.8585911715465437,0.6981654225963451,2.87055771509226,2.9121785014737296,2.1667212966264424,5.5641939873274,5.01357089237178,0.5075187683105469,0.5594439506530762,0.06712900611570649,3.7149604644430823,-0.5986588949115678,5.2109431666047366,-0.5774745467599263,0.3451875,4.31361935935465,5.788417713364662,onnx:C:/SIH26052_data/mid/model_wide32_mid_simple.onnx,artillery/0107,artillery,2094,5.54,3,False,2.51897380000446,0.629743450001115
1.2967169284820557,1.7444041967391968,0.8203334240982688,0.5355907704614324,2.3466587352954873,4.334511144832093,3.7576651612609315,True,1.0474610328674316,1.4024021625518799,0.7192904879732465,0.36758308410287843,-4.2171995837209,-3.083091231483366,-3.77968447850715,7.417602376315459,6.563858319016387,0.24925589561462402,0.3420020341873169,0.10104293612502235,-2.9737121591424023,-10.245163233253338,1.0881442256587563,-10.558423528188271,0.10653125,7.271451074110936,11.646567753847027,onnx:C:/SIH26052_data/mid/model_wide32_mid_simple.onnx,artillery/0108,artillery,6930,9.89,1,True,2.534777499968186,0.6336943749920465
1.2986968755722046,1.7066245079040527,0.7422309186299785,0.5828286303421022,2.2705807525048507,4.049620074653371,3.241605740714111,True,1.030686855316162,1.1748223304748535,0.5101193015551639,0.3746136174542011,-6.140663739782374,-6.347210203210761,-3.6027507736827755,10.396830277864131,8.411244492287224,0.2680100202560425,0.5318021774291992,0.23211161707481454,0.5408897724119954,-8.504339885827779,2.9079808381449848,-8.859771293890903,0.454234375,9.045229658239775,11.767752132035888,onnx:C:/SIH26052_data/mid/model_wide32_mid_simple.onnx,artillery/0109,artillery,8555,5.49,5,True,2.5729541999753565,0.6432385499938391
2.1546788215637207,2.5477681159973145,0.936743603383376,0.8923511756698417,13.420926690014232,13.613673840408039,11.722655022622074,True,1.1704612970352173,1.4799895286560059,0.8583514829182421,0.7610009309756686,5.851935210452631,5.841861316658507,5.203647493002725,7.7718125237495315,7.568991479561601,0.9842175245285034,1.0677785873413086,0.07839212046513389,6.476537097047236,-6.259859541689595,7.351983696663812,-6.688290068105277,0.139453125,12.736396638736831,14.04027376476909,onnx:C:/SIH26052_data/mid/model_wide32_mid_simple.onnx,artillery/0110,artillery,8555,8.85,1,False,2.4638133999542333,0.6159533499885583
1.9221978187561035,2.4152143001556396,0.8840453389993993,0.786366227555097,8.392998208537803,8.83151236995171,6.2805653150569105,True,1.0972801446914673,1.3566269874572754,0.820042118855823,0.6577555645893821,1.7994390158538096,0.918903537296486,-1.4838956551297484,7.912608832655224,6.593559192683993,0.8249176740646362,1.0585873126983643,0.06400322014357629,5.596975727489806,-2.9823709688202733,6.570360843188718,-3.2354023019981746,0.111578125,8.579346696310079,9.805763145186893,onnx:C:/SIH26052_data/mid/model_wide32_mid_simple.onnx,artillery/0111,artillery,1284,9.41,1,True,2.5246378000010736,0.6311594500002684
2.4626412391662598,3.2756428718566895,0.952952501802875,0.9271813124860009,11.549290197050109,11.807918294022649,13.888401390336567,True,1.7307140827178955,2.4527645111083984,0.9450970045735229,0.8888045443228353,0.8072192843251245,0.9167363780708468,11.928691186563176,10.891181915951801,10.742070912724984,0.7319271564483643,0.822878360748291,0.007855497229352193,3.336953357352834,-7.2179905236078765,4.968009960324887,-6.562575523543346,0.23421875,10.55494388096071,11.530585483868233,onnx:C:/SIH26052_data/mid/model_wide32_mid_simple.onnx,artillery/0112,artillery,7729,19.51,2,False,2.465826699975878,0.6164566749939695
2.2969539165496826,2.843139171600342,0.9616759951478865,0.9100427102472877,16.64144644069848,16.698908041139635,16.4333357612697,True,1.1614996194839478,1.3379417657852173,0.8639405528596209,0.7843465870840078,8.785930929394725,8.807478205499223,11.347347048902686,7.8914298356404124,7.855515511303755,1.1354542970657349,1.5051974058151245,0.09773544228826558,12.370780474130772,7.297326102050513,12.613707482462322,7.393728274906057,0.11940625,5.073454372080259,5.219979207556265,onnx:C:/SIH26052_data/mid/model_wide32_mid_simple.onnx,artillery/0113,artillery,7729,10.41,1,False,2.5116842000279576,0.6279210500069894
2.5258419513702393,3.2127039432525635,0.9405965761519817,0.9010017516627619,15.46618814445903,15.587639061729599,21.944399651475187,True,1.1435494422912598,1.3632690906524658,0.8716951068215387,0.7901458614169259,-0.3544344275295632,-0.36375223346765734,19.56908294727119,15.951391295197256,15.820622571988594,1.3822925090789795,1.8494348526000977,0.06890146933044294,11.215150728507943,-2.016959111322835,11.46745293488694,-2.0220569377511426,0.250671875,13.232109839830779,13.48950987263808,onnx:C:/SIH26052_data/mid/model_wide32_mid_simple.onnx,artillery/0114,artillery,7021,1.01,2,False,2.5109276000293903,0.6277319000073476
2.0151538848876953,2.6319878101348877,0.9301495417491012,0.8035646021435789,13.946130890939482,13.997948956087871,9.49652181017493,True,1.1499595642089844,1.8262333869934082,0.8196235545093709,0.5511289813279006,4.55614185911731,4.524985803812412,1.7869465589889222,9.472963152275458,9.389989031822171,0.8651943206787109,0.8057544231414795,0.1105259872397304,-8.898114489553034,-16.35109573264874,0.34100207793918635,-16.311483966308053,0.121046875,7.4529812430957065,16.65248604424724,onnx:C:/SIH26052_data/mid/model_wide32_mid_simple.onnx,artillery/0115,artillery,5683,5.61,1,False,2.4774243000429124,0.6193560750107281
3.01906156539917,3.668198823928833,0.987673945179288,0.949553088273788,17.045611458616367,17.092601236449934,14.324718479971846,True,1.6651614904403687,2.733933210372925,0.9685259731830931,0.8986119270941746,4.659721194506857,4.599300698481798,8.261676259762487,12.493300537968135,12.38589026410951,1.3539000749588013,0.9342656135559082,0.01914797199619489,11.84508017123612,-1.0691792960309945,12.120050916262544,-1.3098597477990839,0.225640625,12.914259467267115,13.429910664061628,onnx:C:/SIH26052_data/mid/model_wide32_mid_simple.onnx,artillery/0116,artillery,8463,17.6,2,False,2.5686947999638505,0.6421736999909626
1.338088870048523,1.8836252689361572,0.8395410177760848,0.6681030953121097,3.6004675937600403,5.1685946598013395,5.009385752223595,True,1.07575523853302,1.3458542823791504,0.7166336706743034,0.5166642202220132,-6.984862704791265,-6.945954823877775,-0.33508883382881954,12.114549483679115,10.585330298551305,0.26233363151550293,0.5377709865570068,0.12290734710178142,-3.9247494069706663,-16.757245767186934,1.4735384047666058,-16.231355564054372,0.117296875,12.832496360216268,17.70489396882098,onnx:C:/SIH26052_data/mid/model_wide32_mid_simple.onnx,artillery/0117,artillery,2300,10.55,1,True,2.641186499968171,0.6602966249920428
1.3717588186264038,2.3315579891204834,0.8291376552937617,0.7039757401040327,4.738359440934916,5.979888949471506,3.8521395948711996,True,1.0626665353775024,1.1459954977035522,0.6935061016224053,0.5409731334750776,-5.05470718228888,-4.3307876876934674,-2.604468412676367,10.310676637164974,9.793066623223796,0.30909228324890137,1.1855624914169312,0.13563155367135638,-8.447044108539725,-21.510611564820014,0.41175081541258507,-17.092104154566105,0.113859375,13.063567456280289,17.50385496997869,onnx:C:/SIH26052_data/mid/model_wide32_mid_simple.onnx,artillery/0118,artillery,8455,8.27,1,True,2.553593799995724,0.638398449998931
1.3178696632385254,1.9338417053222656,0.7167563636535318,0.563428886517214,8.316233841319224,8.847139862643253,6.774101275124752,True,1.0173089504241943,1.2090591192245483,0.5889508565280726,0.38762005297725727,-3.4987006052330116,-3.245122324811831,-4.716182407200002,12.092262187455084,11.814934446552236,0.30056071281433105,0.7247825860977173,0.12780550712545924,5.059965915763957,-6.033227464112035,6.046764384644165,-5.555706038101834,0.25040625,11.093193379875991,11.602470422745998,onnx:C:/SIH26052_data/mid/model_wide32_mid_simple.onnx,artillery/0119,artillery,8555,2.24,2,True,2.5993997000041418,0.6498499250010354
3.865912437438965,3.9131417274475098,0.9919301496854568,0.9808604209614208,15.94692034354349,16.008650990192567,24.61993652118961,True,3.554523229598999,3.581627368927002,0.9923747969110588,0.9857180180806965,15.21593605336802,15.184138478012263,28.42617400227066,0.8245125121803039,0.7309842901754688,0.3113892078399658,0.3315143585205078,-0.00044464722560200176,,,,,,,,onnx:C:/SIH26052_data/mid/model_wide32_mid_simple.onnx,rotor/0000,rotor,3575,15.26,0,False,2.622236800030805,0.6555592000077013
2.036120653152466,2.25936222076416,0.9234846258678273,0.8803829962275151,15.871099847718313,15.976712437291079,17.197411485960444,True,1.3548308610916138,1.6058999300003052,0.879424758561555,0.7714172522702738,6.514838251831393,6.492752917313477,17.376554938808482,9.483959519977603,9.35626159588692,0.681289792060852,0.653462290763855,0.044059867306272316,,,,,,,,onnx:C:/SIH26052_data/mid/model_wide32_mid_simple.onnx,rotor/0001,rotor,5683,8.22,0,False,2.5682093999930657,0.6420523499982664
1.6796860694885254,2.1364059448242188,0.8256074403301001,0.6752246566026204,12.586964960142513,12.568042676499438,7.939894396749674,True,1.077256679534912,1.4778045415878296,0.7904055978305569,0.5800155993814574,0.1661006648850652,0.47288890336491834,-3.5414513994712835,12.09515377313452,12.420864295257449,0.6024293899536133,0.6586014032363892,0.03520184249954328,,,,,,,,onnx:C:/SIH26052_data/mid/model_wide32_mid_simple.onnx,rotor/0002,rotor,5683,13.61,0,True,2.535874299996067,0.6339685749990167
2.622157573699951,3.216525077819824,0.9715221438310422,0.8698587190465481,17.417981497414942,17.362196225672296,11.613081554776803,True,1.854196310043335,2.5545132160186768,0.948159206790446,0.7788723939169451,15.271931611676152,15.266211979645936,8.821698180763843,2.09598424602636,2.1460498857387904,0.7679612636566162,0.6620118618011475,0.02336293704059622,,,,,,,,onnx:C:/SIH26052_data/mid/model_wide32_mid_simple.onnx,rotor/0003,rotor,2961,15.59,0,False,2.596296700008679,0.6490741750021698
2.0625946521759033,2.621854543685913,0.8812474640505653,0.8030484853942496,8.760343631172319,9.149555056976258,7.987415436022233,True,1.1704269647598267,1.635675072669983,0.8210245467081226,0.6913445424312655,-12.454983456928186,-11.71805676895165,-7.978315777298791,20.86761182592791,21.215327088100505,0.8921676874160767,0.9861794710159302,0.06022291734244267,,,,,,,,onnx:C:/SIH26052_data/mid/model_wide32_mid_simple.onnx,rotor/0004,rotor,1580,0.39,0,True,2.505443000001833,0.6263607500004582
1.3106988668441772,1.7381725311279297,0.553360799213025,0.4287024375465808,4.2841058137801,5.660397225293991,4.096433438090735,True,1.1110774278640747,1.5369700193405151,0.44609429199122247,0.31693963408580583,1.7467645749187781,2.3981090190513763,0.06391313688916735,3.262288206242615,2.5373412388613215,0.19962143898010254,0.20120251178741455,0.10726650722180248,,,,,,,,onnx:C:/SIH26052_data/mid/model_wide32_mid_simple.onnx,rotor/0005,rotor,672,3.38,0,True,2.5085672000423074,0.6271418000105768
2.6517817974090576,3.1446444988250732,0.9597211982418477,0.9214502807622099,18.33499021723631,18.309919716548123,12.535125838634398,True,1.5819568634033203,2.082557201385498,0.9202209018055005,0.8189102750283217,13.373755889021826,13.38491407898793,7.492306522402945,4.925005637560194,4.961234328214484,1.0698249340057373,1.0620872974395752,0.039500296436347115,,,,,,,,onnx:C:/SIH26052_data/mid/model_wide32_mid_simple.onnx,rotor/0006,rotor,5683,16.93,0,True,2.5043704999843612,0.6260926249960903
2.3861453533172607,2.8425674438476562,0.9409171962916479,0.8911803903262147,15.050517116274724,15.122584110921188,11.247042724854964,True,1.1920726299285889,1.5611755847930908,0.8796546503364866,0.7629504486226848,8.09204869740145,8.110651746766065,4.205714535297246,7.011932364155124,6.958468418873274,1.1940727233886719,1.2813918590545654,0.06126254595516134,,,,,,,,onnx:C:/SIH26052_data/mid/model_wide32_mid_simple.onnx,rotor/0007,rotor,237,9.08,0,False,2.4958584000123665,0.6239646000030916
1.5728368759155273,1.9882607460021973,0.7791608150248861,0.5898497615989391,9.471691812827773,9.903594666247873,5.197986810364131,True,1.097790002822876,1.5074796676635742,0.6976361081684842,0.4715644388021737,2.515508303331959,2.4896460139801686,-1.8478127122285357,7.413948652267704,6.956183509495814,0.47504687309265137,0.48078107833862305,0.0815247068564019,,,,,,,,onnx:C:/SIH26052_data/mid/model_wide32_mid_simple.onnx,rotor/0008,rotor,1580,5.54,0,True,2.5213969000033103,0.6303492250008276
3.075291633605957,3.6738505363464355,0.9848244924618689,0.9305196978214281,17.88017233035469,17.934407455450177,13.272178255974515,True,1.7954683303833008,2.621737480163574,0.9625903083330731,0.815359469956585,14.123889448152827,14.110074378730564,9.065571594796204,3.824333076719613,3.7562828822018623,1.2798233032226562,1.0521130561828613,0.022234184128795742,,,,,,,,onnx:C:/SIH26052_data/mid/model_wide32_mid_simple.onnx,rotor/0009,rotor,1221,14.11,0,False,2.507284699997399,0.6268211749993498
1.728248119354248,2.9261958599090576,0.9628345015586902,0.8976148019295285,14.127998212128595,14.263541446984442,11.560927069261192,True,1.2357382774353027,1.8080084323883057,0.9461308518999385,0.7702812569077238,10.874019310582582,10.87653668373844,7.306518005742684,3.3870047632460025,3.253978901546013,0.4925098419189453,1.118187427520752,0.016703649658751707,,,,,,,,onnx:C:/SIH26052_data/mid/model_wide32_mid_simple.onnx,rotor/0010,rotor,121,11.26,0,False,2.505689200013876,0.626422300003469
2.706984758377075,2.9931068420410156,0.9624272713559495,0.917939391001976,12.958945745628917,13.159260728977431,11.210385575177543,True,1.3166546821594238,1.8846113681793213,0.9333105801233434,0.8425829493163172,3.3974577808106887,3.3797544854338337,3.0850088503878017,9.779506243543597,9.561487964818228,1.3903300762176514,1.1084954738616943,0.029116691232606073,,,,,,,,onnx:C:/SIH26052_data/mid/model_wide32_mid_simple.onnx,rotor/0011,rotor,121,4.99,0,False,2.526406799966935,0.6316016999917338
1.6143007278442383,2.4390883445739746,0.8627740856555084,0.721549570963436,5.615134077299757,6.660786218400444,4.873907578591926,True,1.1295645236968994,1.7470951080322266,0.781130372721021,0.5183330523315768,1.9733762082279407,2.335291631915949,-0.5069220769865905,4.325494586484496,3.6417578690718164,0.48473620414733887,0.691993236541748,0.08164371293448736,,,,,,,,onnx:C:/SIH26052_data/mid/model_wide32_mid_simple.onnx,rotor/0012,rotor,3575,17.18,0,True,2.622370900004171,0.6555927250010427
3.4213836193084717,3.756319761276245,0.9386726447284439,0.8893319069393457,7.226545690654232,7.923017749963678,6.194804713118442,True,3.1324570178985596,3.700106382369995,0.9388381972826287,0.881747290289622,6.994472208990658,7.408121834857142,5.500322036855664,0.5148959151065355,0.23207348166357455,0.2889266014099121,0.05621337890625,-0.0001655525541848224,,,,,,,,onnx:C:/SIH26052_data/mid/model_wide32_mid_simple.onnx,rotor/0013,rotor,672,17.48,0,True,2.5937328999862075,0.6484332249965519
2.6928396224975586,3.175111770629883,0.968541348338284,0.9061243023639516,20.390384008230814,20.22181750477624,14.653991652239295,True,1.5792495012283325,2.310966730117798,0.9473278911144657,0.8324038089317957,17.07883097493092,17.079648999239055,11.39734674988774,3.1421685055371853,3.3115530332998944,1.113590121269226,0.864145040512085,0.02121345722381829,,,,,,,,onnx:C:/SIH26052_data/mid/model_wide32_mid_simple.onnx,rotor/0014,rotor,3570,17.08,0,False,2.585209000040777,0.6463022500101943
3.666400671005249,3.847105026245117,0.9765369929557426,0.943799765783366,23.077989515106584,23.060504407303096,19.78339940816596,True,2.074089765548706,2.3634612560272217,0.9734300844620871,0.9127912080911246,15.074152710444999,15.0683784171521,12.731864288415863,7.992125990150996,8.003836804661585,1.592310905456543,1.4836437702178955,0.003106908493655469,,,,,,,,onnx:C:/SIH26052_data/mid/model_wide32_mid_simple.onnx,rotor/0015,rotor,5683,16.32,0,False,2.5646814999636263,0.6411703749909066
1.8070166110992432,2.392153739929199,0.8953140507989117,0.7672273042815296,8.57957475653471,9.09789777815416,5.310208111937596,True,1.0790419578552246,1.4708120822906494,0.7459037054660429,0.5028711698494078,-2.4378536450558834,-2.270557452331328,-4.176550487426098,11.368455230485488,11.017428401590593,0.7279746532440186,0.9213416576385498,0.1494103453328688,,,,,,,,onnx:C:/SIH26052_data/mid/model_wide32_mid_simple.onnx,rotor/0016,rotor,8455,4.22,0,True,2.62349660001928,0.65587415000482
2.2914557456970215,3.277383804321289,0.9310788866456858,0.854351363869331,15.325156706944478,15.334353925381834,11.575386795668004,True,1.2469713687896729,2.0231258869171143,0.8706537529011632,0.7281646214288564,9.276125140767489,9.337778374686339,5.141396781702319,5.9965755506954945,6.049031566176989,1.0444843769073486,1.2542579174041748,0.06042513374452263,,,,,,,,onnx:C:/SIH26052_data/mid/model_wide32_mid_simple.onnx,rotor/0017,rotor,1995,18.28,0,True,2.6189203999820165,0.6547300999955041
1.534489631652832,2.0513787269592285,0.8447765595771833,0.6745238344827562,6.664449428437198,7.506717172780536,5.622833517781349,True,1.0994694232940674,1.3557603359222412,0.6956919152845312,0.4831796299234703,3.4053180760621626,3.4422472654467384,0.20019756140061212,4.064469907333797,3.2591313523750354,0.43502020835876465,0.6956183910369873,0.1490846442926521,,,,,,,,onnx:C:/SIH26052_data/mid/model_wide32_mid_simple.onnx,rotor/0018,rotor,1089,17.91,0,True,2.659046999993734,0.6647617499984335
1.61677086353302,2.2894392013549805,0.8887047494749302,0.7472426313200629,10.847960294333866,11.11556693267109,6.7238691790663765,True,1.0755349397659302,1.3666572570800781,0.8021988011760132,0.5323836660213925,6.248679639164437,6.407158457791288,1.538580298910672,4.708408474879802,4.599280655169429,0.5412359237670898,0.9227819442749023,0.086505948298917,,,,,,,,onnx:C:/SIH26052_data/mid/model_wide32_mid_simple.onnx,rotor/0019,rotor,3570,6.41,0,False,2.59749680000823,0.6493742000020575
3.4929428100585938,3.607928991317749,0.9888617820279549,0.9703109170692978,15.334511293743553,15.334672852333231,15.732728636978266,True,1.6724388599395752,2.34757924079895,0.974344117980668,0.8978549056298523,8.302931127720157,8.322325319342621,3.763082001004797,7.01234753299061,7.031580166023396,1.8205039501190186,1.2603497505187988,0.014517664047286938,,,,,,,,onnx:C:/SIH26052_data/mid/model_wide32_mid_simple.onnx,rotor/0020,rotor,8463,8.55,0,False,2.528730000020005,0.6321825000050012
3.0157110691070557,3.6541173458099365,0.9557280823985628,0.8683694679504189,18.087438915540066,17.760091935198947,15.056429164697914,True,1.8584078550338745,2.7801387310028076,0.923245406344264,0.7875949486747669,16.98907607804738,16.994045678794286,13.910970210554302,0.7660462564046604,1.0983628374926866,1.1573032140731812,0.8739786148071289,0.032482676054298776,,,,,,,,onnx:C:/SIH26052_data/mid/model_wide32_mid_simple.onnx,rotor/0021,rotor,2830,16.99,0,False,2.483827499963809,0.6209568749909522
1.5814476013183594,2.2491018772125244,0.8675490392093974,0.7255229928379066,5.907536913371597,6.845474849427848,4.8414191442503745,True,1.1995980739593506,1.688549518585205,0.7756673082860988,0.5681092474459684,2.4373386094401788,2.3523784175127744,-0.8966207103131755,4.493096431915074,3.4701983039314186,0.3818495273590088,0.5605523586273193,0.09188173092329865,,,,,,,,onnx:C:/SIH26052_data/mid/model_wide32_mid_simple.onnx,rotor/0022,rotor,908,15.11,0,True,2.4703689999878407,0.6175922499969602
3.199453115463257,3.4346423149108887,0.987338476220597,0.9696876573838505,16.5162958464824,16.60881917834306,20.851335870970395,True,2.4095005989074707,2.8923349380493164,0.9773605686970772,0.9466485198007482,11.852432449843722,11.874194426525523,22.206983745847673,4.734624751817538,4.663863396638678,0.7899525165557861,0.5423073768615723,0.009977907523519791,,,,,,,,onnx:C:/SIH26052_data/mid/model_wide32_mid_simple.onnx,rotor/0023,rotor,7176,11.96,0,False,2.5130781999905594,0.6282695499976398
2.1636972427368164,2.7709920406341553,0.920800076724145,0.842655974494549,14.271984274981964,14.428505583082815,11.023839823723678,True,1.0998320579528809,1.675145149230957,0.8664137379756848,0.6908365867019778,9.289160474814874,9.288688567433717,6.041535950488774,5.139817015649099,4.98282380016709,1.0638651847839355,1.0958468914031982,0.05438633874846022,,,,,,,,onnx:C:/SIH26052_data/mid/model_wide32_mid_simple.onnx,rotor/0024,rotor,4992,9.42,0,False,2.5293514000368305,0.6323378500092076
2.577085018157959,3.3091886043548584,0.9475261003687975,0.8828250731511427,14.89191263993964,15.01192409769114,11.60886553271898,True,1.448203444480896,1.9925756454467773,0.9163164693373911,0.7543486865538189,12.396079400934925,12.451424819385402,8.803050431748197,2.5604992783057376,2.4958332390047158,1.128881573677063,1.316612958908081,0.031209631031406393,,,,,,,,onnx:C:/SIH26052_data/mid/model_wide32_mid_simple.onnx,rotor/0025,rotor,8230,12.51,0,False,2.521158799994737,0.6302896999986842
1.838226079940796,2.5921225547790527,0.9032021627623057,0.7657958454299949,6.405827235687896,7.181800397442755,5.471498040411174,True,1.2366355657577515,1.6526622772216797,0.8202310397220737,0.6114097962068012,3.669781672841599,3.7552167837517,1.437254443895362,3.4265836136910552,2.7360455628462974,0.6015905141830444,0.939460277557373,0.08297112304023202,,,,,,,,onnx:C:/SIH26052_data/mid/model_wide32_mid_simple.onnx,rotor/0026,rotor,61,6.46,0,True,2.4765170000027865,0.6191292500006966
2.021529197692871,2.6036031246185303,0.899498209287404,0.7481486450751738,10.973415966650137,11.168898002674663,7.501496855528612,True,1.502732753753662,2.028153657913208,0.8224430126329312,0.6234753014637004,6.696420835573605,6.859480389294084,2.180071939177031,4.309417613380579,4.276995131076532,0.518796443939209,0.5754494667053223,0.0770551966544728,,,,,,,,onnx:C:/SIH26052_data/mid/model_wide32_mid_simple.onnx,rotor/0027,rotor,2961,15.77,0,True,2.5614329000236467,0.6403582250059117
2.0596959590911865,2.5643997192382812,0.9020775973304708,0.779341260934153,12.332245888141198,12.569996214471725,8.218408321239982,True,1.1467937231063843,1.5326974391937256,0.7354188256685218,0.5564587765591377,5.891005833840128,5.848315787661507,1.9652989846328788,6.721680426810218,6.44124005430107,0.9129022359848022,1.0317022800445557,0.16665877166194898,,,,,,,,onnx:C:/SIH26052_data/mid/model_wide32_mid_simple.onnx,rotor/0028,rotor,8230,6.26,0,False,2.5254501000163145,0.6313625250040786
1.7809522151947021,2.4721052646636963,0.849113199042822,0.6969700337146266,9.13941094174983,9.45675048101405,5.921086718682627,True,1.083650827407837,1.5914561748504639,0.7642702238933251,0.5541611524240216,2.638714691572747,2.6801949007093437,-0.2096347147788551,6.776555580304706,6.500696250177083,0.6973013877868652,0.8806490898132324,0.0848429751494969,,,,,,,,onnx:C:/SIH26052_data/mid/model_wide32_mid_simple.onnx,rotor/0029,rotor,7127,2.71,0,False,2.5462113000103272,0.6365528250025818
2.1426658630371094,2.7478432655334473,0.9413103863313619,0.8464233833459537,14.90361109512101,15.01815943218702,11.288166684497686,True,1.2209118604660034,1.8018577098846436,0.8961680010250693,0.6914873766866968,9.261104765550625,9.291740596468575,5.702657909822196,5.7264188357184445,5.642506329570384,0.921754002571106,0.9459855556488037,0.045142385306292554,,,,,,,,onnx:C:/SIH26052_data/mid/model_wide32_mid_simple.onnx,rotor/0030,rotor,6829,9.56,0,False,2.5398427000036463,0.6349606750009116
1.6688661575317383,2.292897939682007,0.7849090752282813,0.6045499761265157,8.771132281607358,9.249307621693838,5.9244764866852835,True,1.095827341079712,1.6269848346710205,0.5545292764861034,0.4599589924652485,1.2909400549337113,1.0491478190377057,0.59837182154337,8.200159802656131,7.480192226673646,0.5730388164520264,0.6659131050109863,0.23037979874217795,,,,,,,,onnx:C:/SIH26052_data/mid/model_wide32_mid_simple.onnx,rotor/0031,rotor,1580,6.39,0,True,2.5413434999645688,0.6353358749911422
2.4339354038238525,3.138796806335449,0.9670485968590189,0.8900292725343066,14.686711920195219,14.808389583536165,10.524083438520382,True,1.1761223077774048,1.9098291397094727,0.9548153479357271,0.824843339129951,10.32481564816761,10.235452345350662,6.097185589393356,4.572937238185503,4.361896272027609,1.2578130960464478,1.2289676666259766,0.012233248923291806,,,,,,,,onnx:C:/SIH26052_data/mid/model_wide32_mid_simple.onnx,rotor/0032,rotor,7021,18.71,0,True,2.5288684999686666,0.6322171249921666
2.7621748447418213,3.183258056640625,0.9690693476323845,0.9261154083193521,14.656494687129955,14.800731552530994,14.138114125509144,True,1.5904762744903564,1.927992343902588,0.9441325137800297,0.8441250942384902,10.53836499111074,10.520467671362058,9.481957531101909,4.280263881168937,4.118129696019215,1.1716985702514648,1.255265712738037,0.02493683385235479,,,,,,,,onnx:C:/SIH26052_data/mid/model_wide32_mid_simple.onnx,rotor/0033,rotor,5142,10.54,0,False,2.4834198000025935,0.6208549500006484
1.3450100421905518,1.8320884704589844,0.6599033274455146,0.44707426653713644,2.539452373790652,3.9158859596494517,1.9756761439801294,True,1.0230895280838013,1.2751719951629639,0.5810456747512941,0.35049494398259934,-4.605425194522185,-4.3444330250007415,-5.360516030461518,8.260318984650194,7.144877568312838,0.3219205141067505,0.5569164752960205,0.07885765269422051,,,,,,,,onnx:C:/SIH26052_data/mid/model_wide32_mid_simple.onnx,rotor/0034,rotor,3570,4.98,0,True,2.5520993000245653,0.6380248250061413
1.0935033559799194,1.8695399761199951,0.8986665698446796,0.8001661369750274,10.27777586349346,10.594811557769624,8.378712479710241,True,1.056248426437378,1.2795262336730957,0.808559506171072,0.6250913574239144,7.289307298207275,7.38126914319317,5.166741817069943,3.2135424145764544,2.988468565286185,0.037254929542541504,0.5900137424468994,0.09010706367360766,,,,,,,,onnx:C:/SIH26052_data/mid/model_wide32_mid_simple.onnx,rotor/0035,rotor,7021,14.1,0,True,2.4876116000232287,0.6219029000058072
1.300744652748108,1.9364850521087646,0.7606948701045839,0.6018504314921318,2.602600306102261,4.280412696184762,3.417616892951374,True,1.0650650262832642,1.4005380868911743,0.7059894901073296,0.47927261520130404,-2.883947857307187,-3.079895291215567,-3.449392719122472,7.360307987400329,5.486548163409449,0.23567962646484375,0.5359469652175903,0.05470537999725433,,,,,,,,onnx:C:/SIH26052_data/mid/model_wide32_mid_simple.onnx,rotor/0036,rotor,3575,11.64,0,True,2.5010979999788105,0.6252744999947026
2.9835259914398193,3.813861131668091,0.983659009578374,0.9368442688053679,16.292214099876997,16.27847528346391,12.999560032621297,True,1.2848460674285889,3.4051105976104736,0.9749896273115203,0.9079889258157396,13.685230542726712,13.730913916975558,10.014912309181494,2.5475613664883507,2.6069835571502846,1.6986799240112305,0.4087505340576172,0.008669382266853765,,,,,,,,onnx:C:/SIH26052_data/mid/model_wide32_mid_simple.onnx,rotor/0037,rotor,2830,13.73,0,False,2.518252299982123,0.6295630749955308
1.862365484237671,2.7110495567321777,0.8116382151285239,0.6340751931317815,10.18042866580014,10.15707016116886,5.344968574303088,True,1.1648197174072266,1.80906081199646,0.7020752074621778,0.4422576466770266,2.4331561330005242,2.7435251305030555,-2.578641547310441,7.413545030665805,7.747272532799615,0.6975457668304443,0.9019887447357178,0.10956300766634608,,,,,,,,onnx:C:/SIH26052_data/mid/model_wide32_mid_simple.onnx,rotor/0038,rotor,2830,2.74,0,False,2.4868828000035137,0.6217207000008784
1.4247949123382568,2.1884822845458984,0.8807454141327128,0.7353853654477552,4.802294473013276,6.040017343722845,5.191497461047693,True,1.102094292640686,1.455700397491455,0.8141909257322373,0.5912489929923936,0.061637296794331234,0.2880300015229647,-0.9951025505507874,5.75198734219988,4.740657176218945,0.3227006196975708,0.7327818870544434,0.06655448840047551,,,,,,,,onnx:C:/SIH26052_data/mid/model_wide32_mid_simple.onnx,rotor/0039,rotor,2300,12.94,0,True,2.483975199982524,0.620993799995631
3.513413429260254,3.7415192127227783,0.9401682333679716,0.9123320137456341,17.65278909596735,17.501260712556977,16.180003783506088,True,1.4880272150039673,2.0041842460632324,0.8466173091841328,0.7250890936374156,0.8341184474157037,0.8675993065387232,0.6137433248701979,16.633661406018255,16.818670648551645,2.0253862142562866,1.737334966659546,0.09355092418383881,,,,,,,,onnx:C:/SIH26052_data/mid/model_wide32_mid_simple.onnx,rotor/0040,rotor,2961,10.27,0,True,2.5379897999810055,0.6344974499952514
2.5464563369750977,3.363835096359253,0.9332529144517097,0.8665895775644893,10.413962835443542,10.718695440843572,6.848480290943299,True,1.4409515857696533,2.2856273651123047,0.8570511956319387,0.8064679157553818,4.525544887911379,4.5256327942114964,5.329986802636034,6.193062646632075,5.8884179475321625,1.1055047512054443,1.0782077312469482,0.076201718819771,,,,,,,,onnx:C:/SIH26052_data/mid/model_wide32_mid_simple.onnx,rotor/0041,rotor,1580,8.16,0,True,2.498412999964785,0.6246032499911962
2.017972230911255,2.766491651535034,0.9149476270589626,0.8121231921176135,13.6343430155891,13.771112161024943,9.354786068149103,True,1.0890460014343262,1.625389814376831,0.8566607730778897,0.6333286864004349,6.933529653472061,6.929215510107257,3.654083860445721,6.841896650917686,6.700813362117038,0.9289262294769287,1.1411018371582031,0.05828685398107292,,,,,,,,onnx:C:/SIH26052_data/mid/model_wide32_mid_simple.onnx,rotor/0042,rotor,1089,7.17,0,False,2.5183241000049748,0.6295810250012437
2.580942153930664,3.755016326904297,0.9125543746880318,0.8154539804852801,6.719282005998666,7.502677869730081,5.496770758287355,True,1.1387702226638794,3.0008301734924316,0.8893391021260362,0.7628766578630419,12.524175642759301,10.6549514135026,7.2831825929166385,-3.1522735437725187,-5.804893636760635,1.4421719312667847,0.7541861534118652,0.023215272561995626,,,,,,,,onnx:C:/SIH26052_data/mid/model_wide32_mid_simple.onnx,rotor/0043,rotor,2094,15.97,0,True,2.5075445999973454,0.6268861499993363
1.596098780632019,2.1541078090667725,0.8314587574417912,0.7007596754133935,6.724398819314976,7.369271436121836,5.73970774936712,True,1.0976574420928955,1.3545963764190674,0.7184602335696747,0.5529371049618438,3.357410167956778,3.47265262291573,1.9796413931407262,3.8966188132061057,3.3669886513581977,0.49844133853912354,0.7995114326477051,0.11299852387211651,,,,,,,,onnx:C:/SIH26052_data/mid/model_wide32_mid_simple.onnx,rotor/0044,rotor,3575,13.33,0,True,2.5087082000100054,0.6271770500025013
2.767859935760498,3.7632627487182617,0.9713925418907369,0.8747893337570034,17.067738536336954,17.114354814470214,9.853972959313763,True,2.153437376022339,3.165689468383789,0.95176934014339,0.811108086846803,12.336053434424736,12.321134772360022,4.915737715519746,4.7932200421101925,4.731685101912218,0.6144225597381592,0.5975732803344727,0.019623201747346886,,,,,,,,onnx:C:/SIH26052_data/mid/model_wide32_mid_simple.onnx,rotor/0045,rotor,908,12.81,0,False,2.4529778999858536,0.6132444749964634
1.4764442443847656,2.096961498260498,0.8055100675392682,0.6344533439600067,10.299120955342659,10.672918688414203,8.03676648551125,True,1.1081202030181885,1.4811451435089111,0.7151314697760125,0.5158191821224639,6.638673525156294,6.686799677194797,3.3051678103058024,3.9861190112194063,3.6604474301863643,0.36832404136657715,0.6158163547515869,0.09037859776325574,,,,,,,,onnx:C:/SIH26052_data/mid/model_wide32_mid_simple.onnx,rotor/0046,rotor,3575,12.42,0,True,2.4328444999991916,0.6082111249997979
2.0786492824554443,2.6348698139190674,0.6891854706472081,0.6058322901807447,12.715983994630037,12.939589405346476,6.56696533949855,True,1.275296688079834,1.7333431243896484,0.5995503710844989,0.41754037507825265,7.799641636776985,7.746006544442193,0.7994629315608714,5.193582860904283,4.916342357853051,0.8033525943756104,0.901526689529419,0.08963509956270921,,,,,,,,onnx:C:/SIH26052_data/mid/model_wide32_mid_simple.onnx,rotor/0047,rotor,1188,11.94,0,True,2.4970498000038788,0.6242624500009697
2.9913196563720703,3.4731876850128174,0.9658725173035119,0.8978410342590807,16.848534267372138,16.757490725025065,12.680000199873481,True,1.5244660377502441,2.176743745803833,0.9216647630463854,0.7163074412856174,10.633140853837578,10.64121260453902,5.431847766014089,6.1162781204860455,6.21539341353456,1.4668536186218262,1.2964439392089844,0.04420775425712642,,,,,,,,onnx:C:/SIH26052_data/mid/model_wide32_mid_simple.onnx,rotor/0048,rotor,8463,10.7,0,False,2.509016799973324,0.627254199993331
1.282098412513733,2.168667793273926,0.8975909548851754,0.7495491883905507,6.447281880488761,6.99947104619726,5.127525850008859,True,1.051882028579712,1.6840802431106567,0.8228132772640123,0.6470935104091687,2.7762445710756376,2.651297809172391,1.1090117617896502,4.348173237024869,3.6710373094131237,0.230216383934021,0.48458755016326904,0.07477767762116305,,,,,,,,onnx:C:/SIH26052_data/mid/model_wide32_mid_simple.onnx,rotor/0049,rotor,7176,12.74,0,True,2.4310341000091285,0.6077585250022821
1.155129313468933,1.353817343711853,0.5835092807891045,0.5007394475090353,0.7297094107428431,3.3082954890176564,2.771909845036133,True,1.0431424379348755,1.166579246520996,0.48334253849277053,0.35017116152575567,-3.8084355857006,-2.737262050715113,-3.9120050133428195,6.045557539732769,4.538144996443443,0.11198687553405762,0.18723809719085693,0.10016674229633393,,,,,,,,onnx:C:/SIH26052_data/mid/model_wide32_mid_simple.onnx,rotor/0050,rotor,1995,9.58,0,True,2.3755608999636024,0.5938902249909006
2.9331371784210205,3.6808974742889404,0.9806686999012529,0.9294291615099517,16.792306602881254,16.83762952001526,13.42393402695356,True,1.8355693817138672,2.7272539138793945,0.9565605117476244,0.842889735657485,9.685940460821094,9.674924369839088,5.985983071021939,7.162705150176171,7.1063661420601605,1.0975677967071533,0.9536435604095459,0.024108188153628585,,,,,,,,onnx:C:/SIH26052_data/mid/model_wide32_mid_simple.onnx,rotor/0051,rotor,8455,10.1,0,False,2.452948899997864,0.613237224999466
2.452303409576416,3.057832717895508,0.9529595823865187,0.8657415619759847,11.580230897429875,11.567298181183038,8.885898095740266,True,1.6465098857879639,2.0414786338806152,0.9091842999155643,0.755263746856436,12.41324541028122,12.470973525039428,8.769882838152546,-0.9036753438563903,-0.8330145128513458,0.8057935237884521,1.0163540840148926,0.04377528247095441,,,,,,,,onnx:C:/SIH26052_data/mid/model_wide32_mid_simple.onnx,rotor/0052,rotor,61,15.86,0,True,2.3657600000151433,0.5914400000037858
1.5279461145401,2.0507302284240723,0.7424452603951992,0.5178636489180679,7.384897270003247,7.997618478144668,4.4791368704799694,True,1.079878807067871,1.4100605249404907,0.5924358112284271,0.34158849226587634,1.2696394486380804,1.2575936969713977,-2.685866885626049,6.74002478117327,6.115257821365167,0.448067307472229,0.6406697034835815,0.15000944916677206,,,,,,,,onnx:C:/SIH26052_data/mid/model_wide32_mid_simple.onnx,rotor/0053,rotor,6930,1.49,0,False,2.4396960000158288,0.6099240000039572
1.8503620624542236,2.5465638637542725,0.9132748838304436,0.7936103186674238,8.732219877802883,9.2043791214617,6.874380356127091,True,1.5158960819244385,2.126993179321289,0.8762704581682301,0.7226735191577547,6.282005441852191,5.879503510361524,3.38716089047155,3.3248756111001763,2.4502144359506923,0.33446598052978516,0.4195706844329834,0.037004425662213514,,,,,,,,onnx:C:/SIH26052_data/mid/model_wide32_mid_simple.onnx,rotor/0054,rotor,61,13.88,0,True,2.3707932000397705,0.5926983000099426
1.8500674962997437,2.2075722217559814,0.895835899907186,0.7948361078039193,13.953901754700524,13.992957306195875,10.63694975362332,True,1.0807493925094604,1.2779079675674438,0.7953295561874474,0.5847342755340782,10.644418317098467,10.548488663162917,6.617571336130435,3.444468643032957,3.309483437602058,0.7693181037902832,0.9296642541885376,0.10050634371973866,,,,,,,,onnx:C:/SIH26052_data/mid/model_wide32_mid_simple.onnx,rotor/0055,rotor,7021,17.23,0,True,2.331004199979361,0.5827510499948403
3.186549663543701,3.7814853191375732,0.9708669076463816,0.9350727457953287,19.94998131379042,19.879354015606417,15.159287327214596,True,1.5158230066299438,2.5254416465759277,0.9590108217173859,0.8916699205176247,12.388036003083844,12.368146300264975,6.770126130006184,7.511207715341442,7.561945310706577,1.6707266569137573,1.2560436725616455,0.011856085928995674,,,,,,,,onnx:C:/SIH26052_data/mid/model_wide32_mid_simple.onnx,rotor/0056,rotor,3575,12.56,0,False,2.310998600034509,0.5777496500086272
2.844370126724243,3.3183822631835938,0.9690467993686425,0.8937704352535284,17.88937465978242,17.869315617734525,13.844820235588395,True,1.3495575189590454,2.207441568374634,0.9245793990545743,0.7769879842083165,12.585656046319759,12.573326928024692,9.038890924459958,5.295988689709834,5.30371861346266,1.4948126077651978,1.11094069480896,0.04446740031406815,,,,,,,,onnx:C:/SIH26052_data/mid/model_wide32_mid_simple.onnx,rotor/0057,rotor,260,12.9,0,False,2.6046822000062093,0.6511705500015523
2.533611536026001,3.4439868927001953,0.9605638036518587,0.9149190758571469,17.3405695577325,17.291453812081755,14.251217706635979,True,1.3796154260635376,2.1057846546173096,0.9235103407969414,0.8343732059772928,11.541699552046431,11.566614217628455,9.126609392472256,5.7248395944533,5.798870005686069,1.1539961099624634,1.3382022380828857,0.037053462854917285,,,,,,,,onnx:C:/SIH26052_data/mid/model_wide32_mid_simple.onnx,rotor/0058,rotor,1995,16.92,0,True,2.8702870000270195,0.7175717500067549
1.207584261894226,1.5397869348526,0.4735237930431666,0.29595396655917583,-7.068503382531831,-0.9223952019645208,-0.7580409512191367,True,1.0514049530029297,1.277401089668274,0.475560737661655,0.1752201011581508,-14.788553797582196,-13.00008193138489,-9.353607288446442,12.07768672942037,7.720050415050365,0.1561793088912964,0.26238584518432617,-0.002036944618488412,,,,,,,,onnx:C:/SIH26052_data/mid/model_wide32_mid_simple.onnx,rotor/0059,rotor,2830,0.25,0,True,2.858636600023601,0.7146591500059003
1.6963036060333252,2.424412488937378,0.8752228426527836,0.7482847573392517,10.085959741503,10.468240005555034,6.239640023935632,True,1.112601399421692,1.6063733100891113,0.8215457545332021,0.5723665753740865,1.542165744920332,1.4596820853508905,-2.423624013733989,9.008557920204144,8.543793996582668,0.5837022066116333,0.8180391788482666,0.053677088119581495,,,,,,,,onnx:C:/SIH26052_data/mid/model_wide32_mid_simple.onnx,rotor/0060,rotor,5142,10.46,0,True,2.857907500001602,0.7144768750004005
3.674030065536499,3.7836501598358154,0.9932497787722421,0.9863075208143882,25.276925013436724,25.195513528347906,26.055631146154507,True,1.686561107635498,2.0798048973083496,0.9344616293842124,0.9070366370600456,18.842625363525947,18.828950288178245,24.65104952239133,6.366563240169661,6.434299649910777,1.987468957901001,1.7038452625274658,0.058788149388029676,,,,,,,,onnx:C:/SIH26052_data/mid/model_wide32_mid_simple.onnx,rotor/0061,rotor,1995,19.3,0,False,2.513971999986097,0.6284929999965243
1.4926085472106934,2.0641932487487793,0.7678211772629728,0.615953177414156,6.935244090748674,7.733477375007536,4.041384304805357,True,1.0905709266662598,1.3311164379119873,0.6691101922098023,0.4742871182716918,1.344136914136831,1.476285202661753,-2.3076901223641095,6.257192172345783,5.591107176611843,0.4020376205444336,0.733076810836792,0.09871098505317055,,,,,,,,onnx:C:/SIH26052_data/mid/model_wide32_mid_simple.onnx,rotor/0062,rotor,1188,5.62,0,True,2.510188799991738,0.6275471999979345
1.4315613508224487,1.8390626907348633,0.8311489119418457,0.6325550068351931,7.193464769920338,7.99058484993214,8.216877074739175,True,1.1034921407699585,1.356528878211975,0.7142015378157958,0.4949902183990303,1.3864084812327635,1.959255120491283,2.66122612092192,6.031329729440857,5.8070562886875745,0.32806921005249023,0.4825338125228882,0.11694737412604994,,,,,,,,onnx:C:/SIH26052_data/mid/model_wide32_mid_simple.onnx,rotor/0063,rotor,1320,6.29,0,True,2.462296499987133,0.6155741249967832
2.098268508911133,3.357245922088623,0.8825846936001143,0.7718083949527819,10.34774264062496,10.5249725470608,7.428767440929025,True,1.0922762155532837,2.734545946121216,0.8650315517311394,0.7320633946423585,0.35262035246039525,-1.939462549249503,-5.465116208345335,12.464435096310304,9.995122288164564,1.0059922933578491,0.6226999759674072,0.01755314186897483,,,,,,,,onnx:C:/SIH26052_data/mid/model_wide32_mid_simple.onnx,rotor/0064,rotor,3729,8.67,0,True,2.3476347000105307,0.5869086750026327
1.6675138473510742,2.2773914337158203,0.8738635063266275,0.7450035482207836,9.1636768278349,9.64576352272495,7.2222431464003405,True,1.1596823930740356,1.5761388540267944,0.8117958913016419,0.5774666375138163,4.569299920312481,4.565127567358369,1.1817062920565484,5.080635955366581,4.594376907522419,0.5078314542770386,0.7012525796890259,0.06206761502498559,,,,,,,,onnx:C:/SIH26052_data/mid/model_wide32_mid_simple.onnx,rotor/0065,rotor,1320,4.75,0,False,2.2067517999676056,0.5516879499919014
1.3630428314208984,1.869708776473999,0.8389369334350099,0.6455701069255309,7.725857168979042,8.402833036683681,6.0869172618852945,True,1.0665373802185059,1.3674604892730713,0.7099270535285488,0.464786280035217,2.2336394603308474,2.2476871119776956,-0.7373795430404332,6.155145924705986,5.4922177086481945,0.2965054512023926,0.5022482872009277,0.12900987990646107,,,,,,,,onnx:C:/SIH26052_data/mid/model_wide32_mid_simple.onnx,rotor/0066,rotor,260,2.63,0,False,2.229391200002283,0.5573478000005707
1.761396050453186,2.850494384765625,0.9724123219294943,0.8742761981068777,16.594355461142467,16.572340103841128,11.855761710091173,True,1.060998797416687,1.7505217790603638,0.9304412999728439,0.7196944949443644,8.013126048610918,7.974656938222264,4.614782564572681,8.597683165618864,8.581229412531549,0.700397253036499,1.0999726057052612,0.04197102195665048,,,,,,,,onnx:C:/SIH26052_data/mid/model_wide32_mid_simple.onnx,rotor/0067,rotor,5639,8.49,0,False,2.2282862999709323,0.5570715749927331
3.2004902362823486,3.724853277206421,0.9897242390981978,0.9653118003440544,19.70219511773171,19.755397539687248,18.544164965048136,True,2.35952091217041,2.983370065689087,0.9894199258399423,0.9408788188853958,18.894077015909968,18.943180519786655,17.042776869537278,0.8122170199005936,0.8081181018217407,0.8409693241119385,0.741483211517334,0.0003043132582555286,,,,,,,,onnx:C:/SIH26052_data/mid/model_wide32_mid_simple.onnx,rotor/0068,rotor,4077,18.94,0,False,3.5085768999997526,0.8771442249999382
1.9585412740707397,2.5820839405059814,0.932004629191073,0.8043644359764166,11.920432481904705,12.189435613082058,8.709187816613154,True,1.2439621686935425,1.6051876544952393,0.8768158338548393,0.6395660948911416,7.9180354438886145,7.918341150506585,3.55334524075484,4.271094462575473,4.00239703801609,0.7145791053771973,0.9768962860107422,0.055188795336233665,,,,,,,,onnx:C:/SIH26052_data/mid/model_wide32_mid_simple.onnx,rotor/0069,rotor,1284,17.45,0,True,2.2860958999954164,0.5715239749988541
1.5206828117370605,2.16402530670166,0.800066322442581,0.6986963963291631,8.344162922752293,8.903978156972132,8.243879837754942,True,1.0461734533309937,1.2155513763427734,0.5367277782409268,0.47695279736880614,-3.14774494283193,-3.0315504984319075,-0.42166886677838267,11.935528655404038,11.491907865584224,0.4745093584060669,0.9484739303588867,0.26333854420165426,,,,,,,,onnx:C:/SIH26052_data/mid/model_wide32_mid_simple.onnx,rotor/0070,rotor,8555,4.4,0,True,2.3619858999736607,0.5904964749934152
2.509840250015259,2.903813362121582,0.921801070029944,0.8056140131908904,15.762098373579853,15.73324335371947,14.171524365785137,True,1.1971399784088135,1.3901333808898926,0.8135212395726658,0.6066256990604368,4.1308293193156915,4.1380934747925435,6.355314484570871,11.595149878926925,11.631269054264163,1.3127002716064453,1.5136799812316895,0.10827983045727829,,,,,,,,onnx:C:/SIH26052_data/mid/model_wide32_mid_simple.onnx,rotor/0071,rotor,6930,4.14,0,False,2.359872600005474,0.5899681500013685
1.7132689952850342,1.9941189289093018,0.8978558076188946,0.7773825807805717,6.059570773675338,6.996291739144818,6.424370812519571,True,1.1260614395141602,1.667957067489624,0.8372682030531475,0.5936831831486068,1.9211715055640282,1.815379235510375,-1.2947959163617908,5.180912503634443,4.13839926811131,0.587207555770874,0.32616186141967773,0.06058760456574708,,,,,,,,onnx:C:/SIH26052_data/mid/model_wide32_mid_simple.onnx,rotor/0072,rotor,4446,4.6,0,True,2.251691600016784,0.562922900004196
1.5701721906661987,2.316580295562744,0.875758161445204,0.7347914774862491,4.73914827681584,5.581193162308309,3.67701285638122,True,1.2240959405899048,1.7355036735534668,0.8258198296288197,0.6222743309480869,2.1807326921948817,2.3394360043610307,0.15949165045489155,3.241757157947278,2.558415584620958,0.34607625007629395,0.5810766220092773,0.049938331816384296,,,,,,,,onnx:C:/SIH26052_data/mid/model_wide32_mid_simple.onnx,rotor/0073,rotor,7176,19.56,0,True,2.2653987999656238,0.5663496999914059
2.43674635887146,3.27165150642395,0.9486462890223618,0.8517901650928748,14.464620623787956,13.618153516010983,11.048032019500008,True,1.5503220558166504,2.2796738147735596,0.9092618709250819,0.7686791395054939,11.265465122962041,11.439578948277514,10.517568013720716,2.1785745677334685,3.199155500825915,0.8864243030548096,0.9919776916503906,0.03938441809727988,,,,,,,,onnx:C:/SIH26052_data/mid/model_wide32_mid_simple.onnx,rotor/0074,rotor,4446,17.9,0,True,2.257247000001371,0.5643117500003427
1.463477373123169,2.044459342956543,0.7063442052493255,0.39007661565656593,3.109460082521985,4.814604034469908,2.302087576519566,True,1.2283657789230347,1.5784649848937988,0.5781251667828354,0.3152497968349522,1.261947231551993,2.3482394593376723,-3.008371167104066,2.4663645751322356,1.847512850969992,0.23511159420013428,0.46599435806274414,0.12821903846649008,,,,,,,,onnx:C:/SIH26052_data/mid/model_wide32_mid_simple.onnx,rotor/0075,rotor,908,10.04,0,True,2.2650927000213414,0.5662731750053354
1.9020183086395264,2.571747303009033,0.8115435149561255,0.6375415070234439,8.199814605179878,8.669221772734137,4.800461393706651,True,1.119898796081543,1.7496130466461182,0.7438443774621883,0.49469207746181204,5.965872862257147,5.970408552169026,0.07646574951927004,2.6988132205651105,2.233941742922731,0.7821195125579834,0.822134256362915,0.06769913749393719,,,,,,,,onnx:C:/SIH26052_data/mid/model_wide32_mid_simple.onnx,rotor/0076,rotor,672,5.97,0,False,2.27475709997816,0.56868927499454
1.6964164972305298,2.220250368118286,0.8654288382116596,0.7917057621268938,11.987399510395901,12.154040796536336,10.44023093305658,True,1.057753324508667,1.4580141305923462,0.8036994618825545,0.6647248217077021,-1.278421926873371,-1.3897500868531996,-0.7546278321264062,13.543790883389535,13.265821437269272,0.6386631727218628,0.7622362375259399,0.061729376329105135,,,,,,,,onnx:C:/SIH26052_data/mid/model_wide32_mid_simple.onnx,rotor/0077,rotor,8555,5.29,0,True,2.341909700015094,0.5854774250037735
2.2698018550872803,2.800693988800049,0.9124188540123027,0.8152188500414019,11.1063028827392,11.387910045670699,7.696152456672075,True,1.4632725715637207,2.043315887451172,0.878072385894445,0.7157366275311468,9.604235244122638,9.721320968101184,4.30871143629153,1.6665890775695154,1.5020676386165626,0.8065292835235596,0.757378101348877,0.03434646811785769,,,,,,,,onnx:C:/SIH26052_data/mid/model_wide32_mid_simple.onnx,rotor/0078,rotor,3575,14.13,0,True,2.2447447999729775,0.5611861999932444
2.611945867538452,3.1231911182403564,0.9657536900621212,0.9132549635558015,17.231755291639843,17.299573071601145,12.54213491107877,True,1.5018525123596191,2.1044511795043945,0.9519363468718165,0.8280691836549969,12.776765666651865,12.771398554171821,7.866749798817368,4.528174517429324,4.454989624987977,1.110093355178833,1.018739938735962,0.013817343190304698,,,,,,,,onnx:C:/SIH26052_data/mid/model_wide32_mid_simple.onnx,rotor/0079,rotor,3570,13.28,0,False,2.382392700004857,0.5955981750012143
2.6931262016296387,3.3724799156188965,0.9118623087933078,0.8214029038937872,10.724059148251758,11.055769784868133,8.023399427353372,True,1.4856507778167725,2.0649309158325195,0.8704526586242742,0.7432099801105488,9.264127935222872,9.28218068034017,5.1844634238309215,1.7735891045279626,1.4599312130288862,1.2074754238128662,1.307548999786377,0.04140965016903353,,,,,,,,onnx:C:/SIH26052_data/mid/model_wide32_mid_simple.onnx,rotor/0080,rotor,672,14.51,0,True,2.280047599982936,0.570011899995734
2.205191135406494,2.850951671600342,0.9548855864298355,0.8980096683367634,13.477065999697897,13.580600384150523,12.449791438890042,True,1.2043969631195068,1.6806755065917969,0.8786042833007831,0.7156260051367799,6.524242716770249,6.525124959725103,6.25490448281154,7.0554754244254205,6.952823282927649,1.0007941722869873,1.170276165008545,0.07628130312905235,,,,,,,,onnx:C:/SIH26052_data/mid/model_wide32_mid_simple.onnx,rotor/0081,rotor,3570,6.58,0,False,2.339248200005386,0.5848120500013465
2.122065544128418,2.713430643081665,0.941182026035344,0.8272284003279656,13.256085086750875,13.36820354221334,9.64794225198982,True,1.0709117650985718,1.6383297443389893,0.8372973643722664,0.5953413621040506,2.68655823853813,2.6710575107129535,1.8598631000907908,10.697146031500386,10.569526848212746,1.0511537790298462,1.0751008987426758,0.10388466166307753,,,,,,,,onnx:C:/SIH26052_data/mid/model_wide32_mid_simple.onnx,rotor/0082,rotor,121,3.74,0,False,2.3455297999898903,0.5863824499974726
2.04390287399292,2.5791447162628174,0.9121991159666032,0.7587546585026821,6.776921032150386,7.190923508257807,7.7832140539638575,True,1.2463867664337158,1.823104739189148,0.8299409025211715,0.5641363075035579,-0.7254324933421824,-0.9012440023314743,-1.015915305417753,8.092167510589281,7.502353525492569,0.7975161075592041,0.7560399770736694,0.08225821344543172,,,,,,,,onnx:C:/SIH26052_data/mid/model_wide32_mid_simple.onnx,rotor/0083,rotor,8230,7.11,0,True,2.289810399990529,0.5724525999976322
1.5991480350494385,2.092109203338623,0.7999967105587728,0.6272907502051547,6.095844796405512,7.046364012327454,4.775728638145902,True,1.1615760326385498,1.5171252489089966,0.7019016668650758,0.4396186724785885,1.1937891118268609,0.9791815766892906,-1.4437460039936254,6.067182435638164,4.9020556845786505,0.43757200241088867,0.5749839544296265,0.09809504369369693,,,,,,,,onnx:C:/SIH26052_data/mid/model_wide32_mid_simple.onnx,rotor/0084,rotor,1188,5.47,0,True,2.3651494999649003,0.5912873749912251
1.9865999221801758,2.6775567531585693,0.8682287213989487,0.667725612912992,10.764021564776712,11.112011890674669,5.557640187451855,True,1.2256453037261963,1.8728771209716797,0.7760039620742036,0.556681480213387,2.631309663712324,2.602741189819533,-2.9650204128600772,8.509270700855136,8.132711901064388,0.7609546184539795,0.8046796321868896,0.09222475932474505,,,,,,,,onnx:C:/SIH26052_data/mid/model_wide32_mid_simple.onnx,rotor/0085,rotor,908,2.62,0,False,2.403643199999351,0.6009107999998378
2.0772900581359863,2.9870476722717285,0.9425462250002177,0.8499895968258148,9.62068373134416,10.007363751913939,7.195613732193311,True,1.3975019454956055,2.372318744659424,0.9275870162399674,0.802724313650634,4.862397308317604,5.116613572674474,1.6105103962106202,4.890750179239465,4.758286423026556,0.6797881126403809,0.6147289276123047,0.014959208760250253,,,,,,,,onnx:C:/SIH26052_data/mid/model_wide32_mid_simple.onnx,rotor/0086,rotor,7176,19.68,0,True,2.402804000012111,0.6007010000030277
2.2749221324920654,2.9521617889404297,0.9497872251298026,0.8429708934651324,14.153971407408383,14.311826441409853,12.078223101422676,True,1.5351799726486206,2.2007503509521484,0.9324581869649015,0.7483945376523858,10.12171151620853,10.096069586296277,9.491090493779485,4.215756855113575,4.032259891199853,0.7397421598434448,0.7514114379882812,0.017329038164901167,,,,,,,,onnx:C:/SIH26052_data/mid/model_wide32_mid_simple.onnx,rotor/0087,rotor,8463,10.22,0,False,2.34936709998874,0.587341774997185
2.881214141845703,3.2553439140319824,0.987493226165057,0.9518495608256665,18.297814220708585,18.328564242592964,16.12115060661426,True,1.471373438835144,1.9194695949554443,0.9269203560759657,0.7715673989901842,11.727552020797065,11.725192584959823,11.08880286955363,6.603371657633142,6.57026219991152,1.409840703010559,1.335874319076538,0.06057287008909129,,,,,,,,onnx:C:/SIH26052_data/mid/model_wide32_mid_simple.onnx,rotor/0088,rotor,7176,12.01,0,False,2.81339670001762,0.703349175004405
2.148254632949829,2.8917877674102783,0.933400139296451,0.8778498386246503,11.904899701774955,12.172638851028898,11.002681657582398,True,1.2037283182144165,1.9347343444824219,0.8900676370526859,0.7594926541341283,4.930265939249798,4.94425887301057,2.770459197480712,7.228379978018328,6.974633762525157,0.9445263147354126,0.9570534229278564,0.04333250224376517,,,,,,,,onnx:C:/SIH26052_data/mid/model_wide32_mid_simple.onnx,rotor/0089,rotor,3575,12.5,0,True,2.8998250999720767,0.7249562749930192
1.6763427257537842,2.3401002883911133,0.8896167829333349,0.7444007991185896,11.335602569523521,11.545802339579996,8.487584107975099,True,1.1450895071029663,1.5668153762817383,0.8224684702114108,0.5999474390305686,7.040070285821324,7.035919281308458,3.3451660937520913,4.509883058271538,4.295532283702197,0.5312532186508179,0.773284912109375,0.06714831272192412,,,,,,,,onnx:C:/SIH26052_data/mid/model_wide32_mid_simple.onnx,rotor/0090,rotor,672,7.04,0,False,2.895686600008048,0.723921650002012
1.7778569459915161,2.265104293823242,0.8654555958290638,0.7001136154940291,11.736387792721803,12.005476375334357,6.360966177188059,True,1.2797096967697144,1.687263011932373,0.8073179949069312,0.6002018304649527,6.657101177493726,6.622105017381691,0.8143453265913093,5.383371357952666,5.079286615228077,0.49814724922180176,0.5778412818908691,0.058137600922132604,,,,,,,,onnx:C:/SIH26052_data/mid/model_wide32_mid_simple.onnx,rotor/0091,rotor,237,17.45,0,True,2.8696257000556216,0.7174064250139054
1.6951816082000732,2.4372339248657227,0.882895516990268,0.6778732885718188,10.196995605791233,10.501022048724886,6.696268349148548,True,1.175087571144104,1.596062421798706,0.774691784791252,0.4635471078763045,2.710002770303641,2.7738720511889428,-0.629882483868584,7.7271499975359434,7.486992835487593,0.5200940370559692,0.8411715030670166,0.10820373219901602,,,,,,,,onnx:C:/SIH26052_data/mid/model_wide32_mid_simple.onnx,rotor/0092,rotor,4446,5.56,0,True,2.543171999976039,0.6357929999940097
2.673626184463501,3.225233793258667,0.985195868096147,0.9281030507644454,19.355684010381097,19.33290168073,16.244588973567456,True,1.695145845413208,2.6911447048187256,0.9663321261996284,0.826145430299596,15.377700520062758,15.38128892027568,11.712127575002372,3.9516127604543207,3.977983490318339,0.978480339050293,0.5340890884399414,0.018863741896518627,,,,,,,,onnx:C:/SIH26052_data/mid/model_wide32_mid_simple.onnx,rotor/0093,rotor,6829,16.11,0,False,2.5120632000034675,0.6280158000008669
2.610388994216919,3.211181640625,0.9768415873178112,0.9028150132432682,17.047562869674938,16.998176422940176,12.546235009499192,True,1.776421070098877,2.460165023803711,0.9665788931693134,0.8303497866045059,14.228873226284879,14.228674656936759,9.005838779831384,2.769501766003417,2.8186896433900586,0.833967924118042,0.7510166168212891,0.010262694148497786,,,,,,,,onnx:C:/SIH26052_data/mid/model_wide32_mid_simple.onnx,rotor/0094,rotor,8463,14.35,0,False,2.550252500048373,0.6375631250120932
1.4868278503417969,1.9684170484542847,0.9013842529428169,0.7271217553688638,8.858438746624348,9.383364052093144,7.695855932052731,True,1.059502124786377,1.4905877113342285,0.8455481309633491,0.60668363548427,2.5045457395299007,2.4801615383772964,0.2958338502195518,6.903202513715848,6.353893007094447,0.4273257255554199,0.47782933712005615,0.055836121979467745,,,,,,,,onnx:C:/SIH26052_data/mid/model_wide32_mid_simple.onnx,rotor/0095,rotor,5142,2.5,0,False,2.520420600019861,0.6301051500049653
2.455580472946167,2.903369903564453,0.971860760542347,0.9317636128945455,16.523222728348156,16.580210969309388,13.453483064968045,True,1.406720757484436,1.806355357170105,0.9532216493762311,0.8779811385133569,13.212533809091859,13.210107613921094,10.058830843501998,3.3701033553882933,3.3106889192562967,1.048859715461731,1.0970145463943481,0.01863911116611594,,,,,,,,onnx:C:/SIH26052_data/mid/model_wide32_mid_simple.onnx,rotor/0096,rotor,7021,13.83,0,False,2.5083416000125,0.627085400003125
1.808578372001648,2.478168487548828,0.8616412121157189,0.6231471236362378,8.617277822957774,9.157470478050021,3.8985072027907965,True,1.4706687927246094,1.9953727722167969,0.7635918085155003,0.4696972385661085,4.60124908423395,4.584058762663111,-1.9038971995102678,4.57341171538691,4.016028738723825,0.3379095792770386,0.48279571533203125,0.09804940360021852,,,,,,,,onnx:C:/SIH26052_data/mid/model_wide32_mid_simple.onnx,rotor/0097,rotor,908,16.87,0,True,2.5386128000100143,0.6346532000025036
1.401123046875,2.100231647491455,0.8276438382309662,0.6441275606938585,7.519854629716663,8.03687796318325,5.390755385571657,True,1.0532937049865723,1.4674980640411377,0.7272421303945512,0.4549714068717116,3.632749776147966,3.64156005992673,0.36163510718470004,4.395317903256519,3.8871048535686974,0.34782934188842773,0.6327335834503174,0.100401707836415,,,,,,,,onnx:C:/SIH26052_data/mid/model_wide32_mid_simple.onnx,rotor/0098,rotor,2830,3.64,0,False,2.496876700024586,0.6242191750061465
2.8851919174194336,3.455193519592285,0.9689543796717976,0.9318065760037716,11.88869501249335,12.116762315858306,13.993811465011643,True,2.2967898845672607,2.7860090732574463,0.935864988330638,0.8403583348064785,2.394195967931369,2.44152323565523,17.684703228599794,9.675239080203076,9.494499044561982,0.5884020328521729,0.6691844463348389,0.033089391341159624,,,,,,,,onnx:C:/SIH26052_data/mid/model_wide32_mid_simple.onnx,rotor/0099,rotor,2961,2.98,0,False,2.5457248999737203,0.6364312249934301
1.573162317276001,2.249690294265747,0.8157552079399428,0.6619351344348179,7.606791575639046,8.252665344981917,5.416541767493956,True,1.1690316200256348,1.6374900341033936,0.7014065403777704,0.4451738152397242,0.6441382489848001,0.8338123576818752,-3.2023506988659003,7.418852987300042,6.962653326654246,0.4041306972503662,0.6122002601623535,0.11434866756217243,,,,,,,,onnx:C:/SIH26052_data/mid/model_wide32_mid_simple.onnx,rotor/0100,rotor,7127,2.91,0,True,2.5267182999523357,0.6316795749880839
1.1149078607559204,1.3060595989227295,0.7402583847682968,0.4595690717616768,3.847790321076137,5.236035614478196,3.2171078596357847,True,1.0324571132659912,1.1494758129119873,0.6453813476465704,0.2685163522771273,-1.9759501609594086,-2.011048210216525,-4.133297177582506,7.2470838246947205,5.823740482035546,0.0824507474899292,0.1565837860107422,0.09487703712172635,,,,,,,,onnx:C:/SIH26052_data/mid/model_wide32_mid_simple.onnx,rotor/0101,rotor,7021,7.78,0,True,2.472075900004711,0.6180189750011778
1.4776325225830078,1.7300834655761719,0.7321835890583617,0.5141756641023546,7.67425132172167,8.201431736795673,6.4423757982510415,True,1.0557615756988525,1.2563912868499756,0.5728413317083149,0.32248053697160806,2.061542346100729,2.4350634377999607,-0.6110240532505271,5.766368298995712,5.61270897562094,0.4218709468841553,0.4736921787261963,0.1593422573500468,,,,,,,,onnx:C:/SIH26052_data/mid/model_wide32_mid_simple.onnx,rotor/0102,rotor,8230,5.61,0,True,2.5308993000071496,0.6327248250017874
1.8726319074630737,2.900178909301758,0.935331157541033,0.9166671950696361,22.378663897281722,22.14046652499752,18.490485561433694,True,1.0749092102050781,2.265759229660034,0.9248965155475546,0.84307038458163,10.529404494418932,10.417486446725226,6.772536041589334,11.722980078272295,11.84925940286279,0.7977226972579956,0.6344196796417236,0.010434641993478433,,,,,,,,onnx:C:/SIH26052_data/mid/model_wide32_mid_simple.onnx,rotor/0103,rotor,8555,11.86,0,False,2.5174159999587573,0.6293539999896893
2.385591745376587,3.0087623596191406,0.9777535914748229,0.901404068484303,17.988602412454952,18.045492170734164,14.149621820149177,True,1.4300758838653564,1.9918521642684937,0.9579657898128727,0.8042580229773648,14.43386369745481,14.394076699981284,10.219255610368911,3.6514154707528803,3.554738715000143,0.9555158615112305,1.016910195350647,0.019787801661950155,,,,,,,,onnx:C:/SIH26052_data/mid/model_wide32_mid_simple.onnx,rotor/0104,rotor,3570,14.64,0,False,2.4583217999897897,0.6145804499974474
2.0288240909576416,2.76408314704895,0.8418353305199251,0.713105058864839,12.351373018369745,12.41156810539297,9.096994810099455,True,1.1799652576446533,1.753373622894287,0.7426470816486217,0.5553624430208896,7.820455401293939,7.814270736256813,3.3798407704684483,4.5972973691361565,4.530917617075806,0.8488588333129883,1.010709524154663,0.0991882488713034,,,,,,,,onnx:C:/SIH26052_data/mid/model_wide32_mid_simple.onnx,rotor/0105,rotor,2830,7.81,0,False,2.467597200011369,0.6168993000028422
1.269676923751831,1.7851498126983643,0.7722135232855837,0.5447201239693088,2.638002732015432,4.4976330865856,3.138794999608115,True,1.0397711992263794,1.3014298677444458,0.5986191904847665,0.3012704247570845,-1.039839693333418,-1.002906797324347,-3.261336025432658,5.500539883909947,3.67784242534885,0.22990572452545166,0.48371994495391846,0.17359433280081715,,,,,,,,onnx:C:/SIH26052_data/mid/model_wide32_mid_simple.onnx,rotor/0106,rotor,1320,8.48,0,True,2.4657210999866948,0.6164302749966737
1.371533989906311,1.6681946516036987,0.6048619265643577,0.4375692258599113,6.298948851394616,7.123044405639323,4.331064226742853,True,1.050472378730774,1.2139300107955933,0.5071446393610962,0.2874116134428832,-1.5189736487883145,-1.368544714072715,-3.96381462635562,8.491589119712039,7.817922500182931,0.3210616111755371,0.45426464080810547,0.09771728720326145,,,,,,,,onnx:C:/SIH26052_data/mid/model_wide32_mid_simple.onnx,rotor/0107,rotor,8555,5.98,0,True,2.50805850001052,0.62701462500263
3.41251277923584,3.872401475906372,0.9920572364680987,0.9783572730294627,20.494449098185914,20.416283340258587,15.32885917712098,True,1.588906168937683,2.1091787815093994,0.9821348100516157,0.936294579999237,13.316916900244012,13.25332890684714,7.862985453750013,7.162954433411448,7.177532197941902,1.8236066102981567,1.7632226943969727,0.009922426416482999,,,,,,,,onnx:C:/SIH26052_data/mid/model_wide32_mid_simple.onnx,rotor/0108,rotor,5142,14.3,0,False,2.4542996999807656,0.6135749249951914
1.9266761541366577,2.75516414642334,0.8963439204909008,0.7571352167773311,11.34462865194834,11.383820563652778,8.704060705037568,True,1.3347656726837158,1.8755505084991455,0.820509048919726,0.599539909344732,9.041666399481764,9.121883839682049,3.6702087625794584,2.261936723970729,2.3029622524665765,0.5919104814529419,0.8796136379241943,0.07583487157117486,,,,,,,,onnx:C:/SIH26052_data/mid/model_wide32_mid_simple.onnx,rotor/0109,rotor,4077,9.12,0,False,2.410606099991128,0.602651524997782
2.535764694213867,3.1590099334716797,0.9749239349222719,0.89781067203925,13.223151486733801,13.409852307659607,9.6774072491462,True,1.4279507398605347,1.974388599395752,0.9343987790183866,0.7772849760670882,9.213019572364834,9.212889123078087,4.901791695251985,4.19696318458152,4.0101319143689675,1.1078139543533325,1.1846213340759277,0.04052515590388528,,,,,,,,onnx:C:/SIH26052_data/mid/model_wide32_mid_simple.onnx,rotor/0110,rotor,61,9.21,0,False,2.4804157000035048,0.6201039250008762
1.3678630590438843,1.7601302862167358,0.8472943324427801,0.6529396852841336,7.724530108736868,8.400351895407072,5.250335365114746,True,1.0829659700393677,1.3720345497131348,0.774790261689699,0.4909475640700848,0.8984665108984367,0.9065512138374804,-1.8888586961411935,7.493800681569591,6.826063597838432,0.2848970890045166,0.3880957365036011,0.07250407075308107,,,,,,,,onnx:C:/SIH26052_data/mid/model_wide32_mid_simple.onnx,rotor/0111,rotor,260,1.52,0,False,2.449333900003694,0.6123334750009235
2.8200812339782715,3.3562750816345215,0.936416021585246,0.8509592570900916,16.64896309536062,16.70546222746534,12.787251162331529,True,1.4294536113739014,2.1580007076263428,0.8957899873265182,0.7697054134641039,13.73232838938246,13.721515662669972,9.399981387066187,2.9839465647953674,2.9166347059781614,1.3906276226043701,1.1982743740081787,0.040626034258727795,,,,,,,,onnx:C:/SIH26052_data/mid/model_wide32_mid_simple.onnx,rotor/0112,rotor,260,13.72,0,False,2.476310199999716,0.619077549999929
1.7247425317764282,2.467078685760498,0.8838275657051935,0.7359441447708841,9.235453291295457,9.7217969736558,6.668632657493054,True,1.1883352994918823,1.7400782108306885,0.7742675390886893,0.5599372981830659,4.1248095799478595,4.186091521465151,1.7351384332866555,5.5357054521906495,5.110643711347597,0.5364072322845459,0.7270004749298096,0.10956002661650421,,,,,,,,onnx:C:/SIH26052_data/mid/model_wide32_mid_simple.onnx,rotor/0113,rotor,8455,6.92,0,True,2.470017900050152,0.617504475012538
2.790593385696411,3.224614381790161,0.958992526392844,0.8874108467763795,13.686993373508757,13.79194740244724,10.517061073635897,True,1.5968189239501953,2.2625036239624023,0.9312533460131482,0.7719250694859533,7.680991991782154,7.665008647855577,3.817480381155589,6.126938754591664,6.006001381726604,1.1937744617462158,0.9621107578277588,0.027739180379695805,,,,,,,,onnx:C:/SIH26052_data/mid/model_wide32_mid_simple.onnx,rotor/0114,rotor,8463,12.22,0,True,2.5006135999574326,0.6251533999893581
3.0030767917633057,3.56408953666687,0.9919155719748906,0.9427851774921918,20.005808370881034,20.01591308854391,15.982138986015507,True,1.8081810474395752,2.725041389465332,0.9873158120056562,0.8920347781245296,13.132455372572114,13.123520858887716,8.658290243376737,6.8923922296561955,6.8733529983089205,1.1948957443237305,0.8390481472015381,0.0045997599692343405,,,,,,,,onnx:C:/SIH26052_data/mid/model_wide32_mid_simple.onnx,rotor/0115,rotor,5639,13.8,0,False,2.472612300014589,0.6181530750036472
1.0930365324020386,1.401607871055603,0.6660467507048965,0.4014996597618824,-8.98413079152309,-3.0835812264010194,-3.663677078248478,True,1.0332363843917847,1.1872859001159668,0.6177281110496481,0.31685843714216283,-9.132493136365449,-9.410786592982648,-6.973953700727537,6.327205366581628,0.14836234484235966,0.059800148010253906,0.21432197093963623,0.04831863965524841,,,,,,,,onnx:C:/SIH26052_data/mid/model_wide32_mid_simple.onnx,rotor/0116,rotor,7176,5.67,0,True,2.485429899999872,0.621357474999968
2.563037157058716,2.9734280109405518,0.9679165281035487,0.9061022031339909,16.583459198733905,16.618114281294698,12.091277108229216,True,1.53010892868042,2.231794834136963,0.9245329457609971,0.758816756967492,11.912710897861247,11.921071305345393,7.456654090778363,4.697042975949305,4.670748300872658,1.032928228378296,0.7416331768035889,0.043383582342551574,,,,,,,,onnx:C:/SIH26052_data/mid/model_wide32_mid_simple.onnx,rotor/0117,rotor,2961,12.26,0,False,2.4259820000152104,0.6064955000038026
1.368875503540039,1.899828314781189,0.7792152538798413,0.6065165264680856,3.5828098317259984,5.030447307014725,3.6220725292405547,True,1.1490020751953125,1.7024750709533691,0.7056612604731017,0.500246516540214,-6.961741228198609,-6.842290031890008,-5.934835969406865,11.872737338904734,10.544551059924608,0.21987342834472656,0.19735324382781982,0.07355399340673952,,,,,,,,onnx:C:/SIH26052_data/mid/model_wide32_mid_simple.onnx,rotor/0118,rotor,4970,5.1,0,True,2.486192399985157,0.6215480999962892
2.4314639568328857,3.0254011154174805,0.9421324067286869,0.8527817402695209,10.168393834716278,10.56401428727641,8.445569943955084,True,1.3479840755462646,1.7638332843780518,0.866562048054819,0.6884764961188995,5.415047401658235,5.479107986067842,3.535755346038583,5.084906301208567,4.753346433058043,1.083479881286621,1.2615678310394287,0.07557035867386797,,,,,,,,onnx:C:/SIH26052_data/mid/model_wide32_mid_simple.onnx,rotor/0119,rotor,61,5.48,0,False,2.503128700016532,0.625782175004133
1.7135664224624634,2.2991528511047363,0.8206177239806883,0.6243805667993257,9.723031158258472,10.143179652909048,4.482706081319116,True,1.1055114269256592,1.6157023906707764,0.7213051134672396,0.4682615004904462,2.0851380046818364,2.0901586440096858,-2.940396345806529,8.053021008899362,7.637893153576636,0.6080549955368042,0.68345046043396,0.09931261051344875,,,,,,,,onnx:C:/SIH26052_data/mid/model_wide32_mid_simple.onnx,engine/0000,engine,5683,9.08,0,True,2.4445347000146285,0.6111336750036571
3.3506791591644287,3.4900617599487305,0.9868356562301583,0.9781069122520781,12.099493302259333,12.236503043448149,24.61860169667504,True,1.6298521757125854,2.0068423748016357,0.9469619836413797,0.9004717123759636,1.4628806217055197,1.473188300511914,20.32435899112919,10.763314742936235,10.636612680553814,1.7208269834518433,1.4832193851470947,0.03987367258877861,,,,,,,,onnx:C:/SIH26052_data/mid/model_wide32_mid_simple.onnx,engine/0001,engine,1580,1.63,0,False,2.400006100011524,0.600001525002881
1.3550163507461548,1.9471200704574585,0.8656224294232225,0.7512684331317621,6.155352937138537,6.83195141626452,5.096515061951281,True,1.0428364276885986,1.3195548057556152,0.7779368283585584,0.6248105209646829,0.7986839316053039,0.6406166411309411,-1.9071664371527624,6.191334775133579,5.3566690055332336,0.31217992305755615,0.6275652647018433,0.08768560106466416,,,,,,,,onnx:C:/SIH26052_data/mid/model_wide32_mid_simple.onnx,engine/0002,engine,1995,7.95,0,True,2.452232500014361,0.6130581250035902
1.4435704946517944,1.9499332904815674,0.754918512997857,0.66078185871163,6.840534311562903,7.6461357492839195,8.713647806344243,True,1.031969666481018,1.194260835647583,0.5542634749439899,0.4877141589400618,-3.264917916313313,-3.37922352682992,-3.384771767107231,11.02535927611384,10.105452227876217,0.41160082817077637,0.7556724548339844,0.20065503805386709,,,,,,,,onnx:C:/SIH26052_data/mid/model_wide32_mid_simple.onnx,engine/0003,engine,8555,10.33,0,True,2.5041066000121646,0.6260266500030411
1.122288465499878,1.6630017757415771,0.8338000529565099,0.6587990926872356,-2.358641190340807,1.7976870824921842,0.8762004684084702,True,1.0240100622177124,1.1951162815093994,0.7274612593450113,0.4173636714393991,-6.513481855351645,-6.076883246453684,-6.542885342981836,7.874570328945868,4.154840665010838,0.09827840328216553,0.46788549423217773,0.10633879361149867,,,,,,,,onnx:C:/SIH26052_data/mid/model_wide32_mid_simple.onnx,engine/0004,engine,1320,1.26,0,True,2.4794390000170097,0.6198597500042524
2.3471999168395996,3.2904937267303467,0.9748182427889507,0.9287007699781374,15.912558261824884,15.83199412253514,13.363576919794175,True,1.3036932945251465,2.208322525024414,0.9607008598962757,0.8354252788124683,10.641567881202933,10.655813597523075,9.393835253716011,5.1761805250120645,5.270990380621951,1.0435066223144531,1.0821712017059326,0.014117382892674946,,,,,,,,onnx:C:/SIH26052_data/mid/model_wide32_mid_simple.onnx,engine/0005,engine,6930,10.67,0,False,2.443791700003203,0.6109479250008008
1.0481034517288208,1.1876215934753418,0.5405622672481185,0.3837490064989196,4.418008415218179,5.736191562951037,2.735429038982056,True,1.674989938735962,1.3257681131362915,0.5258071458589798,0.29242618149565874,-2.5121051946647577,-2.563432456576909,-5.6389738802440785,8.299624019527945,6.9301136098829375,-0.6268864870071411,-0.1381465196609497,0.014755121389138703,,,,,,,,onnx:C:/SIH26052_data/mid/model_wide32_mid_simple.onnx,engine/0006,engine,6930,2.27,0,True,2.4952734999824315,0.6238183749956079
1.4340490102767944,2.0405590534210205,0.8584747755529578,0.653183193701002,3.643539908002329,5.114551688341907,3.293964781899706,True,1.1117877960205078,1.6012333631515503,0.7520885623341328,0.5145709055619544,0.6988520932550008,1.1189842510545722,-0.902816239753362,3.9955674372873347,2.9446878147473283,0.3222612142562866,0.4393256902694702,0.10638621321882502,,,,,,,,onnx:C:/SIH26052_data/mid/model_wide32_mid_simple.onnx,engine/0007,engine,61,6.82,0,True,2.4700771999778226,0.6175192999944557
1.5843123197555542,2.0491549968719482,0.7983711984169043,0.6533543310062209,9.450400907165927,9.804817754463603,5.318753906599055,True,1.0519323348999023,1.286375880241394,0.6816196379004097,0.45172304573181243,-0.02029941015186311,0.07889989989068683,-3.704946674404563,9.725917854572916,9.470700317317789,0.5323799848556519,0.7627791166305542,0.1167515605164946,,,,,,,,onnx:C:/SIH26052_data/mid/model_wide32_mid_simple.onnx,engine/0008,engine,5683,0.76,0,False,2.4874085999908857,0.6218521499977214
2.7246105670928955,3.3348467350006104,0.9305702163669726,0.8351658826748607,17.479728177133396,17.477417339679427,12.226532901191224,True,1.0887565612792969,2.2586681842803955,0.8536896045144771,0.6242983716387426,1.4614450502323657,1.4669688272849315,-1.9032987831574086,16.010448512394497,16.01828312690103,1.6358540058135986,1.0761785507202148,0.0768806118524955,,,,,,,,onnx:C:/SIH26052_data/mid/model_wide32_mid_simple.onnx,engine/0009,engine,237,1.88,0,False,2.4655358000309207,0.6163839500077302
2.319460153579712,2.851769208908081,0.8703931034180162,0.7641830109971312,10.601819043465966,10.873406083935448,8.870079524243998,True,1.289427399635315,1.7613571882247925,0.8190410812106177,0.6376714225436414,0.6936081714667295,0.8169069665703568,-2.5846573769447265,10.05649911736509,9.908210871999236,1.030032753944397,1.0904120206832886,0.05135202220739854,,,,,,,,onnx:C:/SIH26052_data/mid/model_wide32_mid_simple.onnx,engine/0010,engine,1221,8.78,0,True,2.4751629999955185,0.6187907499988796
3.6202123165130615,3.9388935565948486,0.9961732197603062,0.9891670977026136,21.21328972584694,21.216923660725726,18.654777961404836,True,1.9097955226898193,2.724069356918335,0.9862314166450757,0.9445876059497342,13.573797151722804,13.576665747081243,14.941213602604646,7.640257913644483,7.639492574124137,1.7104167938232422,1.2148241996765137,0.009941803115230408,,,,,,,,onnx:C:/SIH26052_data/mid/model_wide32_mid_simple.onnx,engine/0011,engine,5142,13.83,0,False,2.4890060999896377,0.6222515249974094
2.9768357276916504,3.5563197135925293,0.9408556353947238,0.8799788086672502,19.61592821518056,19.645114858423845,15.49466439132589,True,1.6915916204452515,2.2184038162231445,0.8522030585416018,0.7748344568262414,14.886022074258305,14.88349391546825,11.077173692735764,4.761620942955595,4.729906140922255,1.285244107246399,1.3379158973693848,0.088652576853122,,,,,,,,onnx:C:/SIH26052_data/mid/model_wide32_mid_simple.onnx,engine/0012,engine,4507,15.4,0,False,2.487034699996002,0.6217586749990005
2.2239127159118652,2.948021411895752,0.951441984559514,0.8458239217021329,11.821673257157304,12.00284398100176,9.090376864852084,True,1.2383958101272583,2.1302146911621094,0.913396375048195,0.6884393384793993,8.189064823028385,8.302025271048713,3.5443520155226316,3.7008187099530474,3.632608434128919,0.9855169057846069,0.8178067207336426,0.03804560951131897,,,,,,,,onnx:C:/SIH26052_data/mid/model_wide32_mid_simple.onnx,engine/0013,engine,5639,19.74,0,True,2.5325240999809466,0.6331310249952367
2.2176096439361572,2.8724851608276367,0.9235579693131594,0.839404341363811,10.84520208421753,11.186582836609018,8.21707991424558,True,1.239208698272705,1.7106457948684692,0.8429971798404053,0.6487576732559409,6.587491669035214,6.371804151315699,2.4965725276027113,4.814778685293319,4.2577104151823155,0.9784009456634521,1.1618393659591675,0.08056078947275402,,,,,,,,onnx:C:/SIH26052_data/mid/model_wide32_mid_simple.onnx,engine/0014,engine,4992,9.93,0,True,2.514727399975527,0.6286818499938818
2.6703150272369385,3.072340488433838,0.9535682871949084,0.8950013228105843,16.89701326301917,16.830139744370967,13.168761544355368,True,1.095151424407959,1.4722344875335693,0.8810666751645067,0.7140512649321541,9.756292240053199,9.769475118904534,6.995793843959187,7.060664625466433,7.14072102296597,1.5751636028289795,1.6001060009002686,0.07250161203040173,,,,,,,,onnx:C:/SIH26052_data/mid/model_wide32_mid_simple.onnx,engine/0015,engine,7729,13.41,0,True,2.512139600003138,0.6280349000007845
3.2142491340637207,3.798617362976074,0.9787349720727234,0.9349511000578554,20.951080663195206,20.878689964006565,14.998649308677459,True,1.7293848991394043,2.672175168991089,0.9641428161833273,0.8886149713864329,16.286697677858214,16.29888617716422,10.094316148200248,4.579803786842344,4.664382985336992,1.4848642349243164,1.1264421939849854,0.014592155889396108,,,,,,,,onnx:C:/SIH26052_data/mid/model_wide32_mid_simple.onnx,engine/0016,engine,237,16.57,0,False,2.446361300011631,0.6115903250029078
3.1186447143554688,3.623034954071045,0.9778474879150924,0.931007231847641,18.75850292186382,18.720787374439997,14.518098552237644,True,1.4239267110824585,2.0536246299743652,0.9590677254561442,0.8325591221826765,13.978709571009462,13.975153710270698,8.841039066027712,4.745633664169299,4.779793350854357,1.6947180032730103,1.5694103240966797,0.01877976245894819,,,,,,,,onnx:C:/SIH26052_data/mid/model_wide32_mid_simple.onnx,engine/0017,engine,6829,14.27,0,False,2.428730399988126,0.6071825999970315
1.9130024909973145,2.726810932159424,0.8616521878288759,0.7631848104609751,6.347496010136174,7.2144637924308155,5.273225247178341,True,1.102655053138733,1.6683576107025146,0.7469367582579948,0.5404574491277075,0.4748164580299331,0.4664735612744024,-1.5741387828855598,6.747990231156413,5.872679552106241,0.8103474378585815,1.0584533214569092,0.1147154295708811,,,,,,,,onnx:C:/SIH26052_data/mid/model_wide32_mid_simple.onnx,engine/0018,engine,1089,0.54,0,False,2.4663402999867685,0.6165850749966921
1.1581149101257324,1.4158191680908203,0.6858540290940037,0.4679116374705628,-5.501538652563298,0.6455335656664389,0.2115332307194122,True,1.2557075023651123,1.5054090023040771,0.5290093829338657,0.2058646365948433,-12.274367860652797,-12.35952452875438,-9.362380323129928,13.005058094420818,6.772829208089499,-0.09759259223937988,-0.08958983421325684,0.15684464616013805,,,,,,,,onnx:C:/SIH26052_data/mid/model_wide32_mid_simple.onnx,engine/0019,engine,61,0.13,0,True,2.469499099999666,0.6173747749999166
3.805861473083496,4.073450565338135,0.9934155554478,0.9839276833133566,21.018547616566863,21.03182025082452,20.360419880348463,True,2.0175743103027344,2.593597888946533,0.9735921258246014,0.9297609866950639,12.105553934597122,12.10229404219138,15.403526273744149,8.92952620863314,8.912993681969741,1.7882871627807617,1.4798526763916016,0.019823429623198607,,,,,,,,onnx:C:/SIH26052_data/mid/model_wide32_mid_simple.onnx,engine/0020,engine,1580,12.66,0,False,2.5144277999643236,0.6286069499910809
1.3795812129974365,1.8440719842910767,0.7545428921980059,0.407250758306639,7.420261834307312,7.9649204634120565,2.3710940070614295,True,1.0809811353683472,1.4913125038146973,0.6474119219826315,0.21671295861076048,0.27681914570048466,0.35102527073768325,-4.8889641064279115,7.613895192674374,7.143442688606828,0.29860007762908936,0.3527594804763794,0.10713097021537432,,,,,,,,onnx:C:/SIH26052_data/mid/model_wide32_mid_simple.onnx,engine/0021,engine,5105,0.35,0,False,2.5299809999996796,0.6324952499999199
2.4271366596221924,2.770620584487915,0.9332784262622709,0.8689866012165316,16.71052465924498,16.724394356033724,15.069448510124742,True,1.1313830614089966,1.6469017267227173,0.8715456287246726,0.7252832824130332,10.581660047146693,10.58942399654703,9.487720955795723,6.134970359486694,6.128864612098289,1.2957535982131958,1.1237188577651978,0.061732797537598305,,,,,,,,onnx:C:/SIH26052_data/mid/model_wide32_mid_simple.onnx,engine/0022,engine,1188,10.59,0,False,2.519592600001488,0.629898150000372
1.5294320583343506,2.225043296813965,0.8775190920737925,0.7404228544923266,5.3879640138721685,6.481390859879291,4.955002339728615,True,1.0978771448135376,1.3851841688156128,0.8021431892541725,0.6007681388884655,3.1754547280928023,3.381249562865964,0.31295136226436276,3.1001412970133266,2.2125092857793662,0.431554913520813,0.839859127998352,0.07537590281962003,,,,,,,,onnx:C:/SIH26052_data/mid/model_wide32_mid_simple.onnx,engine/0023,engine,2300,16.59,0,True,2.483585199981462,0.6208962999953656
1.728571891784668,2.439711570739746,0.727932978827903,0.5940390185558991,10.5981896685359,10.869202631193248,5.895880469798625,True,1.0661027431488037,1.6304280757904053,0.673838780437962,0.4760798635131219,0.5687851524923566,0.6194016604375422,-2.916873469687524,10.249800970755706,10.029404516043543,0.6624691486358643,0.8092834949493408,0.054094198389941006,,,,,,,,onnx:C:/SIH26052_data/mid/model_wide32_mid_simple.onnx,engine/0024,engine,3575,0.7,0,False,2.500470300030429,0.6251175750076072
2.685945749282837,3.212900161743164,0.9495856822047695,0.8569548238764446,12.667197983431581,12.8864333686472,10.390499627638382,True,1.634594202041626,2.2390217781066895,0.927180796018153,0.7556179567291458,9.546111975481885,9.515764873828612,5.5156047877476135,3.370668494818588,3.121086007949696,1.051351547241211,0.9738783836364746,0.022404886186616513,,,,,,,,onnx:C:/SIH26052_data/mid/model_wide32_mid_simple.onnx,engine/0025,engine,8463,14.52,0,True,2.482566799968481,0.6206416999921203
2.8286330699920654,3.2321436405181885,0.9308918200507218,0.8195569901305096,17.607233672924995,17.609978740561164,14.631607218458544,True,1.3440181016921997,1.6420583724975586,0.8326582490521541,0.5911070041684503,10.81850376901996,10.830483010316973,7.046065527266626,6.779495730244191,6.788729903905034,1.4846149682998657,1.5900852680206299,0.09823357099856767,,,,,,,,onnx:C:/SIH26052_data/mid/model_wide32_mid_simple.onnx,engine/0026,engine,6930,10.87,0,False,2.5276090999832377,0.6319022749958094
3.9233415126800537,4.030802249908447,0.9967135322769756,0.9900901999007039,22.114429817391144,22.082074797018507,23.902941395229213,True,3.1052181720733643,3.426311492919922,0.9943170356044965,0.9696117553126837,19.207958342048542,19.206912157425045,23.84418054073314,2.875162639593462,2.9064714753426024,0.8181233406066895,0.6044907569885254,0.002396496672479098,,,,,,,,onnx:C:/SIH26052_data/mid/model_wide32_mid_simple.onnx,engine/0027,engine,1089,19.33,0,False,2.4898966000182554,0.6224741500045639
1.8696664571762085,2.0220704078674316,0.8729256686602622,0.7088760905831656,13.928252721271475,14.040826962332172,10.139153803756335,True,1.0906535387039185,1.3165361881256104,0.7857491215808178,0.4429731855964136,3.1350671468585327,3.109471482730778,-1.6967873755078788,10.931355479601393,10.793185574412941,0.77901291847229,0.7055342197418213,0.08717654707944444,,,,,,,,onnx:C:/SIH26052_data/mid/model_wide32_mid_simple.onnx,engine/0028,engine,7021,8.06,0,True,2.44999990001088,0.61249997500272
2.88466477394104,3.483306646347046,0.9131678939345201,0.8315346972939033,10.03337910560672,10.356958116473994,8.093504151545725,True,1.354365348815918,2.1092119216918945,0.8185595849587283,0.6524282967486613,2.591131473803847,2.584087885991571,1.8856583085661396,7.772870230482423,7.442247631802873,1.530299425125122,1.3740947246551514,0.09460830897579187,,,,,,,,onnx:C:/SIH26052_data/mid/model_wide32_mid_simple.onnx,engine/0029,engine,1221,8.13,0,True,2.472225699981209,0.6180564249953022
1.7464182376861572,2.640468120574951,0.9520527240845336,0.8429654023402654,9.201715148315749,9.673303260696077,8.306705373965219,True,1.0823391675949097,1.6690559387207031,0.8885302528035955,0.6483695989249153,0.8814809033898396,0.8610850958523736,-0.0939258404326421,8.812218164843703,8.32023424492591,0.6640790700912476,0.971412181854248,0.06352247128093802,,,,,,,,onnx:C:/SIH26052_data/mid/model_wide32_mid_simple.onnx,engine/0030,engine,6829,8.25,0,True,2.532147499965504,0.633036874991376
1.4521363973617554,2.2990074157714844,0.8416283977793811,0.6966626795022858,3.6290047349848997,4.3243966639736495,2.446969890798731,True,1.1155861616134644,1.685415506362915,0.7407630344377574,0.493316762394744,-0.4122563363515011,-0.07004944002412386,-2.1413319874578898,4.394446103997773,4.041261071336401,0.336550235748291,0.6135919094085693,0.10086536334162377,,,,,,,,onnx:C:/SIH26052_data/mid/model_wide32_mid_simple.onnx,engine/0031,engine,2830,12.13,0,True,2.495038100052625,0.6237595250131562
1.2822916507720947,1.6951727867126465,0.7807808330300515,0.6055789234665719,7.918727937907311,8.508396399972183,5.310789265520923,True,1.0419572591781616,1.2934297323226929,0.7161114828553099,0.488038061913785,1.712689896341104,1.7894663477299788,-1.4733894946181412,6.718930052242204,6.206038041566208,0.2403343915939331,0.4017430543899536,0.06466935017474162,,,,,,,,onnx:C:/SIH26052_data/mid/model_wide32_mid_simple.onnx,engine/0032,engine,5683,7.51,0,True,2.5471575999981724,0.6367893999995431
2.0083301067352295,2.8999552726745605,0.7289261472046872,0.6146891700858571,8.417601469998338,8.984345005426631,5.421624900944306,True,1.1349225044250488,1.7498345375061035,0.6106370417337125,0.4786422902243227,5.115490640172437,5.212542314725023,0.08123976488550738,3.771802690701608,3.302110829825901,0.8734076023101807,1.150120735168457,0.11828910547097471,,,,,,,,onnx:C:/SIH26052_data/mid/model_wide32_mid_simple.onnx,engine/0033,engine,672,11.22,0,True,2.535901899973396,0.633975474993349
2.2285048961639404,2.613130569458008,0.9309849864315912,0.8697543265998805,6.9692037919701475,7.763462839629876,9.606955538631572,True,1.2967524528503418,1.394467830657959,0.7995288930759824,0.6601939022737329,-4.181657288304448,-4.089969489304829,0.5938004161832876,11.853432328934705,11.150861080274595,0.9317524433135986,1.2186627388000488,0.13145609335560882,,,,,,,,onnx:C:/SIH26052_data/mid/model_wide32_mid_simple.onnx,engine/0034,engine,8555,0.55,0,True,2.5374416999984533,0.6343604249996133
2.282665967941284,2.808832883834839,0.919275806413394,0.7911213855685548,17.99011111415821,17.936809345008733,10.312642327547325,True,1.6057506799697876,2.2943081855773926,0.8389683182326511,0.6317680095882889,13.829833334992468,13.827170718722222,5.499005078289954,4.109638626286511,4.160277779165742,0.6769152879714966,0.5145246982574463,0.08030748818074296,,,,,,,,onnx:C:/SIH26052_data/mid/model_wide32_mid_simple.onnx,engine/0035,engine,2961,14.03,0,False,2.5224207999999635,0.6306051999999909
2.836094617843628,3.3250763416290283,0.9883741401323032,0.9625820105668476,23.460096771589043,23.053228128745907,20.739592747248903,True,1.5805141925811768,2.580418825149536,0.9722398354343571,0.9359750140964621,17.88968849390632,17.891607340046136,20.12141875551332,5.161620788699771,5.5704082776827235,1.2555804252624512,0.7446575164794922,0.016134304697946078,,,,,,,,onnx:C:/SIH26052_data/mid/model_wide32_mid_simple.onnx,engine/0036,engine,3570,17.89,0,False,2.5310049999970943,0.6327512499992736
2.486065626144409,3.092317819595337,0.8885609610212056,0.7813183891421323,8.093932952609565,8.715605263819722,5.910339894817193,True,1.42777681350708,2.2856435775756836,0.8483777990758056,0.6885087125805064,2.5011052643778653,2.805421763844131,-1.6291509232034316,5.910183499975591,5.5928276882317,1.058288812637329,0.8066742420196533,0.04018316194540006,,,,,,,,onnx:C:/SIH26052_data/mid/model_wide32_mid_simple.onnx,engine/0037,engine,8224,6.83,0,True,2.5577458000043407,0.6394364500010852
1.2574727535247803,1.7418427467346191,0.8255469756887065,0.6714545232799197,5.1296384978291645,6.005320504690287,4.535831220532271,True,1.0348962545394897,1.2166578769683838,0.6329678846222901,0.46317699099521764,-7.658718143858146,-7.3712832234365075,-4.423417658573235,13.376603728126796,12.788356641687312,0.22257649898529053,0.5251848697662354,0.19257909106641635,,,,,,,,onnx:C:/SIH26052_data/mid/model_wide32_mid_simple.onnx,engine/0038,engine,7729,8.62,0,True,2.5661720000207424,0.6415430000051856
1.575629711151123,2.0726168155670166,0.7113946006498852,0.5158540172801171,8.95879029295102,9.462359807603754,5.838226157161734,True,1.042832374572754,1.4353233575820923,0.5669765059640077,0.3479837675868823,2.8041025868156026,2.899916008407828,-1.310532860326632,6.5624437991959255,6.154687706135418,0.5327973365783691,0.6372934579849243,0.14441809468587752,,,,,,,,onnx:C:/SIH26052_data/mid/model_wide32_mid_simple.onnx,engine/0039,engine,8224,2.9,0,False,2.5215473999851383,0.6303868499962846
2.0237927436828613,2.8409550189971924,0.888143459168123,0.7593272441357516,10.646378365784752,10.926859020309458,7.098900076356606,True,1.3369611501693726,1.9809033870697021,0.8211213754376812,0.5907350778583841,8.844371930900369,9.190173310697835,3.3370886970559392,1.7366857096116224,1.8020064348843832,0.6868315935134888,0.8600516319274902,0.06702208373044183,,,,,,,,onnx:C:/SIH26052_data/mid/model_wide32_mid_simple.onnx,engine/0040,engine,8224,16.77,0,True,2.47675839997828,0.61918959999457
1.6331005096435547,2.3149263858795166,0.8325315810174392,0.6339006518127209,8.371222156962801,8.057088333364215,4.834519106162544,True,1.039779543876648,1.3811962604522705,0.7454477632059943,0.49045064697999646,-1.2982568542416109,-2.6490932367096005,-5.119834536546359,10.706181570073815,9.669479011204412,0.5933209657669067,0.9337301254272461,0.08708381781144492,,,,,,,,onnx:C:/SIH26052_data/mid/model_wide32_mid_simple.onnx,engine/0041,engine,2830,6.39,0,True,2.4913981999852695,0.6228495499963174
2.893325090408325,3.4594547748565674,0.8501553657508458,0.7401686845146925,18.658509465755973,18.59459356857647,10.24029592505797,True,2.0148282051086426,2.7554500102996826,0.7761128612910199,0.613654699190233,15.973703830483378,15.944029813697213,7.1223275605359095,2.6505637548792578,2.6848056352725944,0.8784968852996826,0.7040047645568848,0.07404250445982596,,,,,,,,onnx:C:/SIH26052_data/mid/model_wide32_mid_simple.onnx,engine/0042,engine,1188,15.94,0,False,2.5262522000120953,0.6315630500030238
2.293550968170166,3.254215717315674,0.9122328411313575,0.8049051158535946,13.614582943425615,13.418248581837917,9.818882587413293,True,1.3322299718856812,2.0880823135375977,0.805974133761763,0.6966884949176201,9.924054271609904,9.95614854836737,10.756704448758816,3.4621000334705467,3.690528671815711,0.9613209962844849,1.1661334037780762,0.10625870736959453,,,,,,,,onnx:C:/SIH26052_data/mid/model_wide32_mid_simple.onnx,engine/0043,engine,2830,9.96,0,False,2.4869037000462413,0.6217259250115603
2.985172986984253,3.6346523761749268,0.9823840297255514,0.9315779380798025,20.31232252661607,20.14503615132075,15.134879258613756,True,2.2200446128845215,2.919992685317993,0.9625672063883538,0.8806727524024287,15.611622987756085,15.618921268350704,12.238370961683518,4.526114882970045,4.700699538859986,0.7651283740997314,0.7146596908569336,0.019816823337197587,,,,,,,,onnx:C:/SIH26052_data/mid/model_wide32_mid_simple.onnx,engine/0044,engine,7176,15.99,0,False,2.542751800036058,0.6356879500090145
1.7893471717834473,2.4292783737182617,0.8391524806205665,0.6917458019771578,10.031903020002954,10.381893786906634,6.297420903424383,True,1.1901030540466309,1.6930326223373413,0.7541810623629885,0.5414045867263899,6.412019926430043,6.2534065501482345,1.197882330315002,4.128487236758399,3.619883093572911,0.5992441177368164,0.7362457513809204,0.08497141825757792,,,,,,,,onnx:C:/SIH26052_data/mid/model_wide32_mid_simple.onnx,engine/0045,engine,908,12.61,0,True,2.5468379000085406,0.6367094750021352
4.167614936828613,4.373281955718994,0.9926676309495047,0.9828301514447463,27.90100476046577,27.316999914596497,26.495690557946848,True,2.874394655227661,3.798121213912964,0.977761273477516,0.9662790513470996,19.45458643521252,19.382243185903842,27.172287180300355,7.934756728692655,8.446418325253251,1.2932202816009521,0.5751607418060303,0.014906357471988763,,,,,,,,onnx:C:/SIH26052_data/mid/model_wide32_mid_simple.onnx,engine/0046,engine,8555,19.66,0,False,2.6152336999657564,0.6538084249914391
1.1027823686599731,1.2892560958862305,0.6357155892064805,0.43972029954819614,-0.9632533916767659,2.5249088805913904,1.9411502793154054,True,1.0353587865829468,1.157938003540039,0.6238065617758174,0.35082311682552497,-5.830037642026643,-5.510914018225359,-4.5733096845379455,8.035822898816749,4.866784250349878,0.06742358207702637,0.1313180923461914,0.011909027430663133,,,,,,,,onnx:C:/SIH26052_data/mid/model_wide32_mid_simple.onnx,engine/0047,engine,7021,1.58,0,True,2.5841833000304177,0.6460458250076044
1.748298168182373,2.2061448097229004,0.9267519072469755,0.8412570857573122,9.959503686276312,10.363699440059825,7.668288765123211,True,1.058882474899292,1.4269442558288574,0.875756339412159,0.6462753880606358,4.93778406171434,4.9652473431532655,1.7610769378109352,5.39845209690656,5.021719624561972,0.689415693283081,0.779200553894043,0.05099556783481651,,,,,,,,onnx:C:/SIH26052_data/mid/model_wide32_mid_simple.onnx,engine/0048,engine,6829,5.34,0,False,2.671405099972617,0.6678512749931542
2.7157812118530273,3.2951626777648926,0.9595546033724828,0.9103628367224704,18.4440496974097,18.496459358690625,14.824509129049865,True,1.4469563961029053,2.1308929920196533,0.938977568497275,0.8327978274044089,13.272519128421383,13.25601687883714,8.812868104497037,5.240442479853485,5.171530568988317,1.268824815750122,1.1642696857452393,0.02057703487520779,,,,,,,,onnx:C:/SIH26052_data/mid/model_wide32_mid_simple.onnx,engine/0049,engine,8555,13.33,0,False,2.722606100025587,0.6806515250063967
1.945629596710205,2.6459357738494873,0.8929105970553564,0.72542764088041,9.448447509309057,9.892927886298706,7.500903931885761,True,1.5062949657440186,2.024202585220337,0.836677617387581,0.6247025094309724,8.681759740892998,8.63711567109734,3.7524152660924397,1.2558122152013667,0.7666877684160589,0.4393346309661865,0.6217331886291504,0.05623297966777541,,,,,,,,onnx:C:/SIH26052_data/mid/model_wide32_mid_simple.onnx,engine/0050,engine,61,17.9,0,True,2.7949842999805696,0.6987460749951424
1.5811595916748047,2.3675036430358887,0.7846483945163328,0.5587467977468734,4.420494538272127,5.731933592967682,4.427120664812876,True,1.11858332157135,1.5984498262405396,0.6392403003138056,0.4111031234623518,-2.8664975680494735,-2.798156646034458,-4.572020471924102,8.53009023900214,7.2869921063216,0.4625762701034546,0.7690538167953491,0.1454080942025272,,,,,,,,onnx:C:/SIH26052_data/mid/model_wide32_mid_simple.onnx,engine/0051,engine,1221,5.91,0,True,2.7520316999871284,0.6880079249967821
1.416951060295105,2.0639843940734863,0.5876529426904001,0.4475368839944273,5.329260115784901,6.440996924408516,2.654002980276649,True,1.0487216711044312,1.3049873113632202,0.4684404850537485,0.3003042435573618,-1.1103145624415558,-1.1718901174545255,-4.963963207379035,7.612887041863042,6.439574678226457,0.36822938919067383,0.7589970827102661,0.11921245763665161,,,,,,,,onnx:C:/SIH26052_data/mid/model_wide32_mid_simple.onnx,engine/0052,engine,908,4.94,0,True,2.717248299974017,0.6793120749935042
1.5358847379684448,2.019721031188965,0.8345524326598104,0.6159705184656895,1.3386449315886664,3.690789249660733,2.8146842043756437,True,1.5860044956207275,2.333621025085449,0.7146238500802349,0.39579162415235225,-9.000492601352269,-10.397737017412481,-8.995039341278007,14.088526267073215,10.339137532940935,-0.050119757652282715,-0.3138999938964844,0.1199285825795755,,,,,,,,onnx:C:/SIH26052_data/mid/model_wide32_mid_simple.onnx,engine/0053,engine,908,1.01,0,True,2.764226700004656,0.691056675001164
1.8147757053375244,3.0440244674682617,0.9538623530838699,0.8355135761207866,11.152856365191607,11.464214430174579,8.46561434398246,True,1.3980739116668701,1.9886441230773926,0.8858296077538957,0.625379140524919,8.911166256592875,8.937258160275077,4.8782721304591306,2.526956269899502,2.241690108598732,0.4167017936706543,1.0553803443908691,0.06803274532997416,,,,,,,,onnx:C:/SIH26052_data/mid/model_wide32_mid_simple.onnx,engine/0054,engine,8463,18.23,0,True,2.681863499979954,0.6704658749949886
2.047975540161133,2.4668960571289062,0.8402908385376014,0.7951734719305978,15.62626470911437,15.715431700244569,11.923229793428547,True,1.076967716217041,1.444506049156189,0.7251569097142083,0.5839840014728265,4.218176631245524,4.183041492745847,0.804460295643265,11.532390207498722,11.408088077868847,0.9710078239440918,1.0223900079727173,0.11513392882339313,,,,,,,,onnx:C:/SIH26052_data/mid/model_wide32_mid_simple.onnx,engine/0055,engine,8555,4.7,0,False,2.724285200005397,0.6810713000013493
1.8221347332000732,2.559549331665039,0.8584887503199302,0.6208158550675631,6.895905109373185,5.289078962632913,4.863692427569951,True,1.1884305477142334,1.910248041152954,0.7687856856379645,0.4961405905062389,3.821458998232288,6.027976524249061,5.413670293060096,-0.738897561616148,3.074446111140897,0.6337041854858398,0.649301290512085,0.08970306468196576,,,,,,,,onnx:C:/SIH26052_data/mid/model_wide32_mid_simple.onnx,engine/0056,engine,5105,12.42,0,True,2.6720189999905415,0.6680047499976354
1.9696660041809082,2.5145206451416016,0.8696035977381035,0.7531791195609597,13.001906121354219,13.098705488057327,12.89561223535114,True,1.1141600608825684,1.3575562238693237,0.7194515545516712,0.5212808331809164,-1.168361638466811,-1.0834862494839024,1.2481006728215778,14.18219173754123,14.17026775982103,0.8555059432983398,1.1569644212722778,0.15015204318643227,,,,,,,,onnx:C:/SIH26052_data/mid/model_wide32_mid_simple.onnx,engine/0057,engine,1188,4.45,0,True,2.678202999988571,0.6695507499971427
1.7017035484313965,2.555588960647583,0.8139141063405174,0.6232128379707942,9.716907781609308,10.050252651384026,6.29158219570706,True,1.0990890264511108,1.4227439165115356,0.6767169608776483,0.43018785033397755,3.921192462566125,3.917339750771613,-0.3775376050928906,6.132912900612413,5.7957153190431825,0.6026145219802856,1.1328450441360474,0.1371971454628691,,,,,,,,onnx:C:/SIH26052_data/mid/model_wide32_mid_simple.onnx,engine/0058,engine,6930,3.99,0,False,2.756476799957454,0.6891191999893636
3.071721315383911,3.8931238651275635,0.982760192538646,0.9546603233437503,13.95345377593414,14.033548691844347,12.420953299783031,True,2.2630488872528076,3.1244752407073975,0.9769909893245932,0.9335121135783488,10.799155048471238,10.724201422226736,10.84615884358191,3.3093472696176107,3.1542987274629013,0.8086724281311035,0.768648624420166,0.0057692032140528315,,,,,,,,onnx:C:/SIH26052_data/mid/model_wide32_mid_simple.onnx,engine/0059,engine,1320,19.31,0,True,2.767559200001415,0.6918898000003537
1.635235071182251,2.3219048976898193,0.8119726412606605,0.5829004706295297,12.470289594835828,12.670924944914393,8.311981077006157,True,1.059248924255371,1.4464435577392578,0.7470186530208569,0.4196488644860993,1.679059116693689,1.6779401518105195,-2.404475812633528,10.992984793103874,10.79123047814214,0.5759861469268799,0.8754613399505615,0.06495398823980358,,,,,,,,onnx:C:/SIH26052_data/mid/model_wide32_mid_simple.onnx,engine/0060,engine,1580,2.11,0,False,2.721227200003341,0.6803068000008352
3.065978527069092,3.735165596008301,0.9206628026552642,0.8453498331658806,15.700586843032236,15.593104340702013,12.04722853640636,True,1.3435267210006714,2.465169906616211,0.8794673191818595,0.7819361083528044,8.806918392553508,8.832579865221007,6.105326233435043,6.760524475481006,6.893668450478728,1.7224518060684204,1.2699956893920898,0.04119548347340474,,,,,,,,onnx:C:/SIH26052_data/mid/model_wide32_mid_simple.onnx,engine/0061,engine,3575,14.66,0,True,2.6292323999805376,0.6573080999951344
1.5680506229400635,2.0851376056671143,0.836893389097038,0.6714539601956788,7.91883105421994,8.335580358467999,5.402266664767817,True,1.0778229236602783,1.5930027961730957,0.7477674576818308,0.5309843895950285,2.5985697782124966,2.426814511699433,-0.9588697626457695,5.908765846768565,5.320261276007443,0.49022769927978516,0.49213480949401855,0.0891259314152072,,,,,,,,onnx:C:/SIH26052_data/mid/model_wide32_mid_simple.onnx,engine/0062,engine,8455,9.37,0,True,2.625643700012006,0.6564109250030015
2.7145285606384277,3.3487226963043213,0.966543143039171,0.9120219191254073,13.421070922774156,13.613856709309696,13.082103603544196,True,1.736868143081665,2.2757797241210938,0.9481470652529966,0.8727006841375543,13.168243678407432,13.140850466786762,13.668766564850152,0.4730062425229331,0.2528272443667241,0.9776604175567627,1.0729429721832275,0.01839607778617436,,,,,,,,onnx:C:/SIH26052_data/mid/model_wide32_mid_simple.onnx,engine/0063,engine,2094,13.14,0,False,2.60635060002096,0.65158765000524
2.216233491897583,2.7071712017059326,0.933743713657362,0.8352330239884442,11.870347510429205,12.0907656769227,8.914007685911965,True,1.2174166440963745,1.5607259273529053,0.8506855579812737,0.6397040145040992,4.904075954451624,4.912338014803849,0.6912410542279295,7.178427662118851,6.966271555977581,0.9988168478012085,1.1464452743530273,0.08305815567608832,,,,,,,,onnx:C:/SIH26052_data/mid/model_wide32_mid_simple.onnx,engine/0064,engine,2961,5.41,0,False,2.755334900051821,0.6888337250129553
1.5318553447723389,1.8891626596450806,0.8405263007540847,0.6460085220776464,11.287200541979454,11.57870480607719,7.380557923011687,True,1.0413129329681396,1.3371665477752686,0.7580709034519981,0.4543248052416631,4.066731702484331,4.137032426563358,-0.10160034590916771,7.441672379513833,7.220468839495123,0.4905424118041992,0.551996111869812,0.08245539730208662,,,,,,,,onnx:C:/SIH26052_data/mid/model_wide32_mid_simple.onnx,engine/0065,engine,3570,4.19,0,False,2.8819658999564126,0.7204914749891032
1.1201503276824951,1.442291498184204,0.7719482937148024,0.5575792145246147,1.5940697579140877,3.77748085931191,3.644105444633448,True,1.100050687789917,1.4050052165985107,0.6403789387726706,0.4032538612030293,-5.4873153740677,-5.755723189318975,-6.234022258809843,9.533204048630886,7.081385131981788,0.020099639892578125,0.03728628158569336,0.13156935494213184,,,,,,,,onnx:C:/SIH26052_data/mid/model_wide32_mid_simple.onnx,engine/0066,engine,8555,1.48,0,True,3.020868599996902,0.7552171499992255
2.1320598125457764,2.7899553775787354,0.9050039943928349,0.7057318175462666,13.167873394728126,13.346126491729862,7.589577700568222,True,1.1886903047561646,1.8448619842529297,0.8281759494076211,0.502383037154701,4.301987047638866,4.286434034058708,-1.017406700061865,9.059692457671154,8.86588634708926,0.9433695077896118,0.9450933933258057,0.07682804498521378,,,,,,,,onnx:C:/SIH26052_data/mid/model_wide32_mid_simple.onnx,engine/0067,engine,8463,4.52,0,False,3.095369099988602,0.7738422749971505
3.4070065021514893,3.865278959274292,0.9832875473639816,0.9611877208289105,18.87480569147032,18.86896832925286,15.297512393262943,True,1.8139779567718506,2.8965003490448,0.9772726435272296,0.9314967549523628,15.501523948868307,15.518319158303807,10.919176791810846,3.350649170949051,3.373281742602014,1.5930285453796387,0.9687786102294922,0.006014903836751961,,,,,,,,onnx:C:/SIH26052_data/mid/model_wide32_mid_simple.onnx,engine/0068,engine,1284,15.73,0,False,3.0161805999814533,0.7540451499953633
1.925992488861084,2.60214900970459,0.9367115634162559,0.8429395454544588,12.279518469267535,10.941601533673557,6.51731588278151,True,1.1735332012176514,1.6039659976959229,0.8836342108487001,0.6839644531458022,6.9068559048244165,6.236976714485355,1.9967554125131042,4.7046248191882025,5.372662564443118,0.7524592876434326,0.998183012008667,0.05307735256755586,,,,,,,,onnx:C:/SIH26052_data/mid/model_wide32_mid_simple.onnx,engine/0069,engine,1284,13.09,0,True,3.1233782000490464,0.7808445500122616
2.8720932006835938,3.4248034954071045,0.9678966547350166,0.9251464151014779,17.142622041311387,17.221271337934674,14.14472236910754,True,1.5809661149978638,1.9800900220870972,0.9195199355131696,0.8549424666581606,9.246880896578727,9.254978464286022,10.057093706620693,7.966292873648651,7.895741144732661,1.29112708568573,1.4447134733200073,0.04837671922184705,,,,,,,,onnx:C:/SIH26052_data/mid/model_wide32_mid_simple.onnx,engine/0070,engine,8230,9.7,0,False,3.089728799997829,0.7724321999994572
2.749603509902954,3.3655664920806885,0.8738060663257629,0.7388594487177464,16.2346511314489,16.249753911112357,11.329757738291784,True,1.537273645401001,2.4944117069244385,0.7973687265489625,0.6269865593036611,13.053628284930063,13.09881495685213,7.840244140876463,3.1509389542602264,3.181022846518836,1.2123298645019531,0.87115478515625,0.07643733977680034,,,,,,,,onnx:C:/SIH26052_data/mid/model_wide32_mid_simple.onnx,engine/0071,engine,2830,13.1,0,False,3.051207999989856,0.762801999997464
3.7194151878356934,4.154835224151611,0.993642502838018,0.9768241781035929,24.463227465772114,23.867369818903008,19.195026356474777,True,1.5585910081863403,3.596818208694458,0.9892631403085843,0.9318160768646613,17.119455794258144,17.165494370112576,11.564017498934582,6.701875448790432,7.34377167151397,2.160824179649353,0.5580170154571533,0.004379362529433717,,,,,,,,onnx:C:/SIH26052_data/mid/model_wide32_mid_simple.onnx,engine/0072,engine,5105,17.17,0,False,2.8750075999996625,0.7187518999999156
1.903152346611023,2.3717591762542725,0.9212700334047291,0.7870704095627039,14.301061910046652,14.36316376694024,8.128222076941913,True,1.075831651687622,1.6903027296066284,0.8498228019383751,0.609439882360759,5.059551654996836,5.050791715598412,-0.4414648727406552,9.312372051341828,9.241510255049816,0.8273206949234009,0.681456446647644,0.07144723146635401,,,,,,,,onnx:C:/SIH26052_data/mid/model_wide32_mid_simple.onnx,engine/0073,engine,5683,6.01,0,False,2.7962409000028856,0.6990602250007214
2.0844643115997314,3.220202684402466,0.92909626487434,0.7779093722583486,7.829667366617673,8.31992834190359,2.1006834761783453,True,1.1788220405578613,1.966139554977417,0.8506153707235694,0.5744662901633613,4.105005741124591,4.104106332776781,-1.093873038213544,4.21582200912681,3.7246616254930816,0.9056422710418701,1.2540631294250488,0.07848089415077064,,,,,,,,onnx:C:/SIH26052_data/mid/model_wide32_mid_simple.onnx,engine/0074,engine,908,12.7,0,True,2.9803723000222817,0.7450930750055704
3.319182872772217,3.7872347831726074,0.9930394015337144,0.9818088728763327,20.850014485838138,20.892925715435577,26.201160945426835,True,2.1443586349487305,3.1196439266204834,0.9791694842281441,0.9611444334874942,19.327142309575123,19.399129208586366,29.52646458205343,1.4937965068492112,1.5228721762630144,1.1748242378234863,0.667590856552124,0.0138699173055703,,,,,,,,onnx:C:/SIH26052_data/mid/model_wide32_mid_simple.onnx,engine/0075,engine,4077,19.4,0,False,3.0467513000476174,0.7616878250119044
2.1814143657684326,2.4976770877838135,0.9149539701887245,0.8264041772582859,10.671400302875274,10.878049835950755,16.960976658529106,True,1.683619499206543,2.336395263671875,0.8874125535819727,0.7848953336026216,5.682183064009825,5.669721235764006,18.430496546583438,5.208328600186749,4.989217238865448,0.49779486656188965,0.16128182411193848,0.0275414166067518,,,,,,,,onnx:C:/SIH26052_data/mid/model_wide32_mid_simple.onnx,engine/0076,engine,8224,6.28,0,False,3.0009956999565475,0.7502489249891369
1.9694015979766846,2.420463800430298,0.8599117276988041,0.7246028939438018,8.55039269204745,9.076770188697308,7.035782042348392,True,1.1723026037216187,1.4728329181671143,0.6764969372135611,0.4608680247212451,2.036569061680535,2.1161195899975547,-0.6277074352050452,6.960650598699754,6.513823630366915,0.7970989942550659,0.9476308822631836,0.183414790485243,,,,,,,,onnx:C:/SIH26052_data/mid/model_wide32_mid_simple.onnx,engine/0077,engine,1221,13.59,0,True,2.7555229000281543,0.6888807250070386
1.2044991254806519,1.5272350311279297,0.7227002618659891,0.5361834131192829,6.7505550777570615,7.44654154958006,4.6605064807721694,True,1.0342949628829956,1.2591431140899658,0.6561961508636159,0.39013656448067785,-2.024629177313359,-2.675475256165743,-4.46781063911758,10.122016805745803,8.775184255070421,0.17020416259765625,0.26809191703796387,0.06650411100237319,,,,,,,,onnx:C:/SIH26052_data/mid/model_wide32_mid_simple.onnx,engine/0078,engine,4992,5.08,0,True,2.703530300001148,0.675882575000287
2.089017152786255,2.868823766708374,0.8044198135305428,0.6706768391353366,5.752151538597755,6.717858995064384,5.031944094816431,True,1.3102309703826904,1.9792989492416382,0.7803792745272579,0.6135106585905945,0.9011261130068315,1.4656152828737623,-2.1381018017317754,5.252243712190622,4.851025425590924,0.7787861824035645,0.8895248174667358,0.024040539003284955,,,,,,,,onnx:C:/SIH26052_data/mid/model_wide32_mid_simple.onnx,engine/0079,engine,4507,19.93,0,True,2.7220606000046246,0.6805151500011561
2.2793638706207275,3.007413864135742,0.9705510238787243,0.9239785995173914,12.34284080555841,12.516734200135751,9.863641246686537,True,1.1111570596694946,2.0492441654205322,0.9476541252773387,0.825780224786013,0.6648905541081551,0.565738613500733,-1.8841294558825878,11.950995586635019,11.677950251450255,1.168206810951233,0.95816969871521,0.02289689860138555,,,,,,,,onnx:C:/SIH26052_data/mid/model_wide32_mid_simple.onnx,engine/0080,engine,7729,16.88,0,True,2.726491699984763,0.6816229249961907
1.6757692098617554,2.153181314468384,0.9044836961411827,0.8038505798671354,9.744472380522303,10.03932141765449,7.895638570064628,True,1.0876752138137817,1.3759822845458984,0.7872883432289417,0.6887843923426192,3.238004532016668,3.216071917081483,3.5183956043825533,6.823249500573007,6.506467848505635,0.5880939960479736,0.7771990299224854,0.11719535291224104,,,,,,,,onnx:C:/SIH26052_data/mid/model_wide32_mid_simple.onnx,engine/0081,engine,5142,13.23,0,True,2.7224731000023894,0.6806182750005974
3.1985526084899902,3.5272247791290283,0.9875861608380653,0.9690515397069368,19.850912517619832,19.815982660738282,18.013617613902397,True,1.5440205335617065,2.303699016571045,0.9410700325560876,0.9102442491137855,12.468168155690924,12.439426077285884,15.519433176200977,7.376556583452398,7.382744361928909,1.6545320749282837,1.2235257625579834,0.04651612828197771,,,,,,,,onnx:C:/SIH26052_data/mid/model_wide32_mid_simple.onnx,engine/0082,engine,8455,13.67,0,False,2.7845932000200264,0.6961483000050066
1.2056896686553955,1.3894693851470947,0.8411390829872575,0.7274548671736348,-4.618583687259731,-3.329647019896248,3.542661832442361,True,1.0565961599349976,1.1972028017044067,0.7966497039998887,0.6200617723739277,-6.479912810794486,-6.197445620707365,-3.1836731430973537,2.867798600811117,1.8613291235347553,0.14909350872039795,0.192266583442688,0.04448937898736882,,,,,,,,onnx:C:/SIH26052_data/mid/model_wide32_mid_simple.onnx,engine/0083,engine,5683,1.18,0,True,2.80112190003274,0.700280475008185
3.3654189109802246,3.8608222007751465,0.967873353441704,0.8929223464284195,19.134547931496712,18.716230795156186,14.62181014599364,True,2.416903495788574,3.0171103477478027,0.9543471117803293,0.8448379710763886,18.57529389281157,18.58974904665555,14.017169338256005,0.12648174850063398,0.5592540386851432,0.9485154151916504,0.8437118530273438,0.013526241661374727,,,,,,,,onnx:C:/SIH26052_data/mid/model_wide32_mid_simple.onnx,engine/0084,engine,61,18.59,0,False,2.7622215999872424,0.6905553999968106
2.1961798667907715,3.7754735946655273,0.9486006216575812,0.8410657818884635,17.376518494810494,17.40197573641617,13.429998741868578,True,1.5950942039489746,2.453132152557373,0.9111294480217235,0.7009392388895906,12.863666647165006,12.880252970807744,8.420803672882348,4.521722765608425,4.5128518476454875,0.6010856628417969,1.3223414421081543,0.037471173635857724,,,,,,,,onnx:C:/SIH26052_data/mid/model_wide32_mid_simple.onnx,engine/0085,engine,6930,12.92,0,False,2.754955699958373,0.6887389249895932
1.521522045135498,1.976825475692749,0.8219694304310232,0.6784947606666755,8.040289449402891,8.654155608673115,6.718522410485018,True,1.0841870307922363,1.56862211227417,0.7634932140107072,0.587218735234178,5.203383601265212,5.103177686012903,3.182690830753386,3.550977922660212,2.836905848137679,0.4373350143432617,0.4082033634185791,0.058476216420315974,,,,,,,,onnx:C:/SIH26052_data/mid/model_wide32_mid_simple.onnx,engine/0086,engine,672,5.1,0,False,2.7552226999541745,0.6888056749885436
2.0922842025756836,3.3062095642089844,0.9637485667453871,0.9164911936072233,16.119388187325455,16.17038390414306,16.68737283826757,True,1.1289268732070923,1.8410394191741943,0.9022126380141579,0.8024075037586802,5.147730592249983,5.148171381192511,4.376189756266108,11.022212522950547,10.971657595075472,0.9633573293685913,1.46517014503479,0.06153592873122926,,,,,,,,onnx:C:/SIH26052_data/mid/model_wide32_mid_simple.onnx,engine/0087,engine,1995,5.68,0,False,2.7664424999966286,0.6916106249991572
1.5025914907455444,2.2824857234954834,0.911770601998337,0.7255568896161431,7.638577304724144,8.32863662321483,3.701666495636948,True,1.0538673400878906,1.548485279083252,0.8451018919130326,0.460644790000971,2.2371059177505055,2.258333155591547,-1.610956562209434,6.070303467623283,5.401471386973639,0.4487241506576538,0.7340004444122314,0.0666687100853044,,,,,,,,onnx:C:/SIH26052_data/mid/model_wide32_mid_simple.onnx,engine/0088,engine,121,2.88,0,False,2.764121200016234,0.6910303000040585
2.3508524894714355,2.960371494293213,0.9048072385404519,0.8176660506217416,8.644221609786774,9.179137208939567,7.866801986974103,True,1.3193227052688599,1.8906713724136353,0.8047528387712067,0.5748789501586313,3.5147556094343853,3.501641551285286,0.9697092310291204,5.677495657654281,5.129466000352389,1.0315297842025757,1.0697001218795776,0.10005439976924513,,,,,,,,onnx:C:/SIH26052_data/mid/model_wide32_mid_simple.onnx,engine/0089,engine,1188,3.03,0,True,2.625637499964796,0.656409374991199
2.468783378601074,3.0792055130004883,0.9650184768118709,0.8613220979138135,15.019247415706495,15.139399554881624,10.3220532333856,True,1.6598079204559326,2.2919061183929443,0.9472059532771195,0.7506903466814544,8.031011101124943,8.015597483689808,5.1688305351278006,7.123802071191816,6.9882363145815525,0.8089754581451416,0.787299394607544,0.01781252353475138,,,,,,,,onnx:C:/SIH26052_data/mid/model_wide32_mid_simple.onnx,engine/0090,engine,6829,14.12,0,True,2.64272850000998,0.660682125002495
1.5123026371002197,2.0710206031799316,0.8287737035178541,0.6451815284836697,8.805229578232728,9.340499805123091,5.923887748965185,True,1.1162792444229126,1.5165539979934692,0.7008973133736635,0.43854789401293076,1.6778684904383236,1.6052966747045259,-1.8408609993200853,7.735203130418565,7.127361087794404,0.39602339267730713,0.5544666051864624,0.1278763901441906,,,,,,,,onnx:C:/SIH26052_data/mid/model_wide32_mid_simple.onnx,engine/0091,engine,672,1.61,0,False,2.6026615999871865,0.6506653999967966
1.468515157699585,2.125941514968872,0.7960618888063059,0.670334076515944,7.787815805312853,8.455222844005998,5.125895664788803,True,1.0532268285751343,1.3021262884140015,0.7253788607214691,0.47908480843646195,-4.544946425046968,-4.45360104193309,-6.6816915036703275,12.90882388593909,12.33276223035982,0.4152883291244507,0.8238152265548706,0.07068302808483684,,,,,,,,onnx:C:/SIH26052_data/mid/model_wide32_mid_simple.onnx,engine/0092,engine,5683,3.32,0,True,2.620625799987465,0.6551564499968663
1.3818557262420654,1.9691493511199951,0.7731159120249069,0.6081009873684295,5.408717614781228,6.497570996985264,4.439041661620273,True,1.0315907001495361,1.4945045709609985,0.6301487834194931,0.47839405165034454,-4.643070042337062,-4.854909101052091,-5.139046630782108,11.352480098037354,10.05178765711829,0.3502650260925293,0.4746447801589966,0.14296712860541383,,,,,,,,onnx:C:/SIH26052_data/mid/model_wide32_mid_simple.onnx,engine/0093,engine,672,1.04,0,True,2.6413314000237733,0.6603328500059433
2.360105276107788,2.89713191986084,0.8904043447384092,0.8173592134779024,12.776642345438054,12.997500090963957,10.538211135894178,True,1.2604196071624756,1.9421864748001099,0.8299737646025814,0.7258316852384389,4.967366698666456,4.974451206344444,3.7594562630106894,8.023048884619513,7.809275646771598,1.0996856689453125,0.95494544506073,0.060430580135827805,,,,,,,,onnx:C:/SIH26052_data/mid/model_wide32_mid_simple.onnx,engine/0094,engine,1995,19.18,0,True,2.615836000011768,0.653959000002942
1.2227718830108643,1.6066300868988037,0.7898044230908231,0.6137056247966819,2.574178540433547,4.429360891489004,3.9270337224992113,True,1.2494770288467407,1.040069341659546,0.6244770708685838,0.3548032393871959,-8.080486226671077,-7.685811415838955,-6.487156836907305,12.11517230732796,10.654664767104624,-0.026705145835876465,0.5665607452392578,0.16532735222223927,,,,,,,,onnx:C:/SIH26052_data/mid/model_wide32_mid_simple.onnx,engine/0095,engine,4446,1.79,0,True,2.6382515999721363,0.6595628999930341
2.705674409866333,3.2581844329833984,0.9294008425383486,0.8417628533606577,12.914864711624235,13.082199641425394,10.779700040009267,True,1.2040746212005615,1.6764144897460938,0.8693930186144002,0.7442379768891301,10.915056745407831,10.75307656648192,7.222114181126234,2.3291230749434746,1.9998079662164034,1.5015997886657715,1.5817699432373047,0.06000782392394843,,,,,,,,onnx:C:/SIH26052_data/mid/model_wide32_mid_simple.onnx,engine/0096,engine,2094,19.8,0,True,2.6076424999628216,0.6519106249907054
3.528879404067993,3.902404308319092,0.9960849525527453,0.9826465614543453,20.81247803144391,20.65843531186346,16.183898118631827,True,2.548412322998047,3.070106029510498,0.9958902959647377,0.9805661485629916,18.10957798360504,18.095407548307346,13.349632107324837,2.5630277635561143,2.7029000478388703,0.9804670810699463,0.8322982788085938,0.00019465658800765784,,,,,,,,onnx:C:/SIH26052_data/mid/model_wide32_mid_simple.onnx,engine/0097,engine,8463,18.78,0,False,2.636079299962148,0.659019824990537
1.6268049478530884,2.079954147338867,0.8847054687040168,0.6940186646296878,10.587955665493826,10.896275332883176,6.635563537985876,True,1.3933448791503906,1.9897253513336182,0.7534109428170118,0.4879150147218708,3.6646637672046634,3.643824463084389,-1.1068005944811028,7.252450869798787,6.923291898289163,0.23346006870269775,0.09022879600524902,0.13129452588700496,,,,,,,,onnx:C:/SIH26052_data/mid/model_wide32_mid_simple.onnx,engine/0098,engine,2961,3.99,0,False,2.6439496999955736,0.6609874249988934
3.274446487426758,3.483520030975342,0.9873343512865397,0.9684873733364554,16.0209647162666,16.12404739050236,17.827360701150294,True,1.4320476055145264,1.8049378395080566,0.9624911925434882,0.8472086346470666,6.0852427148403905,6.0451080267573065,11.474913591028516,10.078939363745052,9.93572200142621,1.8423988819122314,1.6785821914672852,0.02484315874305143,,,,,,,,onnx:C:/SIH26052_data/mid/model_wide32_mid_simple.onnx,engine/0099,engine,4446,6.11,0,False,2.6949187999707647,0.6737296999926912
2.80448842048645,3.22544002532959,0.9593664606641261,0.915656124671528,19.08708960264162,19.078037840417114,13.306887407138763,True,1.5753827095031738,1.970160961151123,0.9283127734642683,0.826157258966398,14.605499892575168,14.592621464612886,8.754397129508428,4.485416375804228,4.4815897100664515,1.2291057109832764,1.2552790641784668,0.031053687199857793,,,,,,,,onnx:C:/SIH26052_data/mid/model_wide32_mid_simple.onnx,engine/0100,engine,5683,15.27,0,False,2.664612799999304,0.666153199999826
1.319466471672058,1.8974350690841675,0.8059128129199915,0.6300841227694288,6.90887184364626,7.710558716522138,4.8960292617728705,True,1.0475038290023804,1.2270225286483765,0.6858898252124317,0.4046032453112097,-2.5020695542951854,-2.553284492253244,-5.050618958445186,10.263843208775382,9.410941397941446,0.27196264266967773,0.670412540435791,0.12002298770755981,,,,,,,,onnx:C:/SIH26052_data/mid/model_wide32_mid_simple.onnx,engine/0101,engine,5683,0.84,0,True,2.5808446999872103,0.6452111749968026
3.65905499458313,3.958495855331421,0.9870204484064581,0.9585834573979575,15.689167358127685,15.743340664244714,13.717093333918179,True,3.2581779956817627,3.527879476547241,0.9888176338963709,0.9693982705610763,9.275076255109708,9.290017548536353,6.469464462116028,6.453323115708361,6.414091103017977,0.4008769989013672,0.4306163787841797,-0.0017971854899128115,,,,,,,,onnx:C:/SIH26052_data/mid/model_wide32_mid_simple.onnx,engine/0102,engine,3729,10.89,0,True,2.5923638000385836,0.6480909500096459
3.459533214569092,3.7296934127807617,0.9884580812050036,0.9679473909190935,24.434458776320245,24.318823066703985,24.668221160805363,True,1.951443076133728,2.3820724487304688,0.9739436404719756,0.9298927216002275,19.5688337167017,19.578445421831855,22.437750741312723,4.7403776448721295,4.865625059618544,1.5080901384353638,1.347620964050293,0.014514440733027989,,,,,,,,onnx:C:/SIH26052_data/mid/model_wide32_mid_simple.onnx,engine/0103,engine,8555,19.87,0,False,2.5457473000278696,0.6364368250069674
3.4379444122314453,3.9471755027770996,0.9741893929721299,0.9529276902111526,18.96416254223569,18.95394533182626,14.144871198866273,True,2.1260972023010254,3.402829885482788,0.9600749478328625,0.9092954280192376,19.24394674563033,19.240387559191138,14.428946512027139,-0.28644222736487635,-0.2797842033946374,1.31184720993042,0.5443456172943115,0.014114445139267406,,,,,,,,onnx:C:/SIH26052_data/mid/model_wide32_mid_simple.onnx,engine/0104,engine,2094,19.24,0,False,2.5567570000421256,0.6391892500105314
2.879124879837036,3.100825786590576,0.9631076237299298,0.8877939042154303,17.622954778603493,17.542574915561552,14.367974012407293,True,1.2526142597198486,1.5577917098999023,0.9109421479221346,0.6878600235647551,10.55206708808866,10.562279468462382,5.493594837323644,6.98029544709917,7.070887690514834,1.6265106201171875,1.5430340766906738,0.05216547580779518,,,,,,,,onnx:C:/SIH26052_data/mid/model_wide32_mid_simple.onnx,engine/0105,engine,121,11.14,0,False,2.572135199967306,0.6430337999918265
2.559602737426758,3.3225488662719727,0.9293690120470595,0.8432287297554417,12.508241358851533,12.412312590918638,11.218220141797268,True,1.380003571510315,1.8265924453735352,0.8923799968725155,0.7429967642913408,9.200635897793596,9.418897628663645,6.9869208984017,2.9934149622549935,3.3076054610579373,1.1795991659164429,1.4959564208984375,0.036989015174544004,,,,,,,,onnx:C:/SIH26052_data/mid/model_wide32_mid_simple.onnx,engine/0106,engine,7176,17.57,0,True,2.5606223000213504,0.6401555750053376
1.8137099742889404,2.6121041774749756,0.9279525124041148,0.7797678247492689,10.495753395532688,10.783711343414344,7.072050744112473,True,1.1800262928009033,1.663590669631958,0.8588618274566883,0.5655349884050942,5.799037039341689,5.870818754927591,0.8657578124289369,4.912892588486753,4.696716356190999,0.6336836814880371,0.9485135078430176,0.06909068494742654,,,,,,,,onnx:C:/SIH26052_data/mid/model_wide32_mid_simple.onnx,engine/0107,engine,4077,5.87,0,False,2.6219127000076696,0.6554781750019174
2.1009840965270996,2.751756429672241,0.9414410240851293,0.8368674653846483,10.033764447628723,10.442645833479533,7.658597126662724,True,1.4700522422790527,2.0102651119232178,0.8948349245813294,0.7381170179190931,6.613572741127143,6.786277081758872,2.4003662392584446,3.6563687517206613,3.42019170650158,0.6309318542480469,0.7414913177490234,0.0466060995037999,,,,,,,,onnx:C:/SIH26052_data/mid/model_wide32_mid_simple.onnx,engine/0108,engine,1320,13.99,0,True,2.6384254000149667,0.6596063500037417
2.498293161392212,3.0817487239837646,0.9653183655375848,0.9059623454741682,12.399611420925257,12.544691206043893,10.270663736171045,True,1.5498930215835571,2.1791107654571533,0.9382586049734319,0.7991091312051186,9.706272078644686,9.713136174711876,6.2947044064533735,2.8315550313320177,2.693339342280572,0.9484001398086548,0.9026379585266113,0.027059760564152824,,,,,,,,onnx:C:/SIH26052_data/mid/model_wide32_mid_simple.onnx,engine/0109,engine,6829,19.72,0,True,2.605489200039301,0.6513723000098253
1.9535443782806396,2.347536325454712,0.8186396212144671,0.6958104261499295,11.739470874323425,11.971532135054426,7.706398852027493,True,1.1551718711853027,1.5011918544769287,0.7125944859427799,0.5370981993986091,7.39873117639358,7.465361212053722,3.2910382247809773,4.506170923000704,4.340739697929845,0.7983725070953369,0.8463444709777832,0.10604513527168724,,,,,,,,onnx:C:/SIH26052_data/mid/model_wide32_mid_simple.onnx,engine/0110,engine,8224,12.81,0,True,2.5400140000274405,0.6350035000068601
1.3332682847976685,1.7924002408981323,0.8096596381557791,0.6352482766586721,8.543432989473391,9.028822533371029,5.437659908135892,True,1.0652233362197876,1.3658150434494019,0.6439844104015445,0.3839736169281728,2.177631883466921,2.23481781810077,-1.7125876763296222,6.794004715270259,6.3658011060064705,0.26804494857788086,0.42658519744873047,0.1656752277542346,,,,,,,,onnx:C:/SIH26052_data/mid/model_wide32_mid_simple.onnx,engine/0111,engine,2830,2.28,0,False,2.5566684999503195,0.6391671249875799
2.4818756580352783,3.7787299156188965,0.9697700268918426,0.9264710003429777,16.876793070070867,16.88842366424065,14.010239481899585,True,1.2877141237258911,2.8994035720825195,0.9647417521503637,0.8668038306579553,9.688064730392384,9.568399500786583,5.177171875835176,7.320024163454068,7.188728339678484,1.1941615343093872,0.879326343536377,0.005028274741478822,,,,,,,,onnx:C:/SIH26052_data/mid/model_wide32_mid_simple.onnx,engine/0112,engine,6829,9.88,0,False,2.5820874000201,0.645521850005025
2.374077081680298,3.113097667694092,0.8815911833343434,0.7181728987031113,14.378555734117617,14.482471870229652,10.077604935772218,True,1.1628365516662598,1.6993337869644165,0.7519212860197751,0.49915637315051137,3.3588378128625793,3.4207047907265364,0.006247803162877551,11.061767079503117,11.019717921255037,1.211240530014038,1.4137638807296753,0.12966989731456824,,,,,,,,onnx:C:/SIH26052_data/mid/model_wide32_mid_simple.onnx,engine/0113,engine,4507,4.13,0,False,2.534265200025402,0.6335663000063505
1.2567068338394165,1.7042924165725708,0.736231983801195,0.5312645958571499,2.2037818686395747,4.249096349157228,2.1475684694104435,True,1.0791672468185425,1.4063531160354614,0.6551526652290854,0.411467135149749,-4.992081731414229,-5.057473335727795,-6.131006524439299,9.306569684885023,7.195863600053804,0.17753958702087402,0.2979393005371094,0.0810793185721096,,,,,,,,onnx:C:/SIH26052_data/mid/model_wide32_mid_simple.onnx,engine/0114,engine,4970,5.2,0,True,2.6149978000321425,0.6537494500080356
1.5178970098495483,1.8892000913619995,0.8444507482021023,0.7024039228291683,9.153731996520033,9.61749665476669,6.373559637526955,True,1.040172815322876,1.1647794246673584,0.7696722106459885,0.5533836941055471,3.7810653546328963,3.850101484819625,0.0038420848368597264,5.767395169947065,5.372666641887137,0.47772419452667236,0.7244206666946411,0.07477853755611386,,,,,,,,onnx:C:/SIH26052_data/mid/model_wide32_mid_simple.onnx,engine/0115,engine,5142,12.62,0,True,2.6446455999976024,0.6611613999994006
2.328625202178955,2.7508625984191895,0.9478973482103895,0.8667521448526805,11.207993312058795,11.46928121148589,8.29364657432951,True,1.5843603610992432,1.9969871044158936,0.9027645766975518,0.7652100261690632,8.288584606779054,8.375816733289675,3.9474753296480354,3.093464478196216,2.919408705279741,0.7442648410797119,0.7538754940032959,0.04513277151283768,,,,,,,,onnx:C:/SIH26052_data/mid/model_wide32_mid_simple.onnx,engine/0116,engine,3729,18.05,0,True,2.6629720000200905,0.6657430000050226
2.7314889430999756,3.376748561859131,0.96840776993428,0.9264568481368571,16.101841648985165,16.066199775020667,12.235558112062735,True,1.5728750228881836,2.437145948410034,0.9489388483179564,0.8511426473168852,13.205873347266335,13.225173400709329,9.161573185680453,2.8410263743113386,2.8959683017188294,1.158613920211792,0.9396026134490967,0.01946892161632363,,,,,,,,onnx:C:/SIH26052_data/mid/model_wide32_mid_simple.onnx,engine/0117,engine,8455,13.83,0,False,2.585266000009142,0.6463165000022855
1.3645139932632446,2.3134303092956543,0.865168764193872,0.7326485871394671,10.215504133007247,10.610249249582376,8.189230927643923,True,1.058583378791809,1.6940258741378784,0.7600743614538572,0.554108812741823,2.5966825630384776,2.6066245655586675,0.6607058496369568,8.003624684023709,7.61882156996877,0.30593061447143555,0.6194044351577759,0.1050944027400148,,,,,,,,onnx:C:/SIH26052_data/mid/model_wide32_mid_simple.onnx,engine/0118,engine,1580,2.74,0,False,2.586917500011623,0.6467293750029057
2.271415948867798,2.978733539581299,0.9217862120595934,0.8371048254235198,12.067662486707466,12.21747769242348,9.6057523154837,True,1.128043293952942,1.681514024734497,0.8101365681148913,0.6437876367741363,2.346183072895988,2.3574484111673706,-0.1958928926308496,9.860029281256109,9.721479413811478,1.143372654914856,1.2972195148468018,0.11164964394470211,,,,,,,,onnx:C:/SIH26052_data/mid/model_wide32_mid_simple.onnx,engine/0119,engine,1284,2.82,0,True,2.5929282000288367,0.6482320500072092
2.130138874053955,2.8514206409454346,0.9250727672410907,0.8078536194675472,13.097790169568261,13.226879476450971,8.021059827236401,True,1.227113962173462,1.7219655513763428,0.8424409420983586,0.6229660747658448,8.806317347268141,8.868430672802134,2.4830812465899137,4.358448803648837,4.29147282230012,0.9030249118804932,1.1294550895690918,0.08263182514273204,,,,,,,,onnx:C:/SIH26052_data/mid/model_wide32_mid_simple.onnx,siren/0000,siren,1089,15.48,0,True,2.579978999972809,0.6449947499932023
2.3851163387298584,2.775805950164795,0.9068398144228685,0.7675020961075217,12.507101421698692,11.044875616450016,5.446710790511136,True,1.4932453632354736,1.905916690826416,0.8556178657187644,0.6415468747262235,6.224544080875328,5.741560634965268,1.8384916898372188,5.303314981484748,6.282557340823365,0.8918709754943848,0.8698892593383789,0.051221948704104125,,,,,,,,onnx:C:/SIH26052_data/mid/model_wide32_mid_simple.onnx,siren/0001,siren,5105,15.24,0,True,2.5847454000031576,0.6461863500007894
2.5799946784973145,2.764810562133789,0.9439394996599889,0.9039402728046156,14.181340253241459,14.299386702633436,13.112020859208137,True,1.2948163747787476,1.581408977508545,0.9014983898446359,0.7851275948217288,10.977378716125676,10.996739390644157,8.597006410064825,3.302647311989279,3.2039615371157826,1.285178303718567,1.1834015846252441,0.042441109815352984,,,,,,,,onnx:C:/SIH26052_data/mid/model_wide32_mid_simple.onnx,siren/0002,siren,1284,13.1,0,True,2.592125599971041,0.6480313999927603
2.3142220973968506,3.048366069793701,0.9760478603667524,0.8976386277510929,11.607977151212843,11.786333395719117,9.081537591806196,True,1.2416603565216064,1.9150190353393555,0.929866866419752,0.743268950354517,3.3343748829972117,3.3569177672166646,1.5799844686420033,8.429415628502452,8.273602268215631,1.0725617408752441,1.1333470344543457,0.04618099394700037,,,,,,,,onnx:C:/SIH26052_data/mid/model_wide32_mid_simple.onnx,siren/0003,siren,5105,3.36,0,False,2.6168939000344835,0.6542234750086209
1.5857768058776855,2.095292806625366,0.8079390501868934,0.6722287549270752,6.895234440798893,7.68025917992044,5.055203698708099,True,1.1448978185653687,1.570246934890747,0.6994445780103797,0.46854789455054874,-0.13841867963476515,-0.14998171181137915,-1.348316075576043,7.830240891731819,7.033653120433658,0.4408789873123169,0.5250458717346191,0.10849447217651365,,,,,,,,onnx:C:/SIH26052_data/mid/model_wide32_mid_simple.onnx,siren/0004,siren,4446,1.28,0,False,2.579986699973233,0.6449966749933083
2.045851945877075,2.756986618041992,0.9523071934644649,0.8480518970980092,11.584933363157308,11.82286385002477,8.827913632954798,True,1.164966344833374,1.557539463043213,0.9028807959380092,0.7020584371641687,6.350443637944463,6.354761897975805,2.4580116966588714,5.468101952048966,5.234489725212845,0.8808856010437012,1.1994471549987793,0.04942639752645572,,,,,,,,onnx:C:/SIH26052_data/mid/model_wide32_mid_simple.onnx,siren/0005,siren,6829,6.84,0,False,2.601252599968575,0.6503131499921437
2.7788150310516357,3.6488046646118164,0.9676680231894319,0.933526709817453,15.622967585309722,15.636283621595606,15.194386301308983,True,1.4202553033828735,2.236952781677246,0.9485110265924585,0.809233215022685,10.205667832168594,10.197166483716614,6.822966755902414,5.439117137878991,5.417299753141128,1.3585597276687622,1.4118518829345703,0.019156996596973452,,,,,,,,onnx:C:/SIH26052_data/mid/model_wide32_mid_simple.onnx,siren/0006,siren,4446,10.55,0,False,2.6020041999872774,0.6505010499968193
2.4413740634918213,3.2673566341400146,0.9618628860096,0.9063720323494632,15.74549181986005,15.81944377153053,10.593418970314287,True,1.567856788635254,2.4035754203796387,0.8868954546405713,0.7539704806318693,6.736432596517892,6.721961774142947,4.282969255526061,9.097481997387582,9.009059223342158,0.8735172748565674,0.863781213760376,0.07496743136902873,,,,,,,,onnx:C:/SIH26052_data/mid/model_wide32_mid_simple.onnx,siren/0007,siren,8455,7.6,0,False,2.5897046999889426,0.6474261749972356
1.452455997467041,2.870083808898926,0.9260187035160042,0.7658637739252306,11.400920627278857,11.677937245915547,6.819003225781478,True,1.2498573064804077,1.9663000106811523,0.8805889044404932,0.6206737624011114,6.719953980215461,6.696268554424099,1.3825185868731098,4.981668691491448,4.680966647063396,0.2025986909866333,0.9037837982177734,0.045429799075511035,,,,,,,,onnx:C:/SIH26052_data/mid/model_wide32_mid_simple.onnx,siren/0008,siren,6829,13.26,0,True,2.558023600024171,0.6395059000060428
2.5927908420562744,3.0475120544433594,0.9438559801125558,0.8691712945713115,17.641677359540036,17.66871504851744,12.944283950322692,True,1.4269815683364868,2.2853569984436035,0.8882711736139,0.7384703891529192,9.318466135719193,9.31430571987184,4.607355770634682,8.354409328645602,8.323211223820843,1.1658092737197876,0.7621550559997559,0.055584806498655825,,,,,,,,onnx:C:/SIH26052_data/mid/model_wide32_mid_simple.onnx,siren/0009,siren,1580,9.81,0,False,2.566674800007604,0.641668700001901
1.578925371170044,2.082331418991089,0.7525963282088817,0.5052205509190434,8.872234431342829,9.252474009242832,5.223614978799147,True,1.0794012546539307,1.3722468614578247,0.5554064846655169,0.3411281066343729,0.11235876182962029,0.14929492184736606,-3.9188363993871915,9.103179087395466,8.759875669513209,0.4995241165161133,0.7100845575332642,0.19718984354336477,,,,,,,,onnx:C:/SIH26052_data/mid/model_wide32_mid_simple.onnx,siren/0010,siren,3729,5.44,0,True,2.582243200042285,0.6455608000105713
1.6480320692062378,2.5163204669952393,0.9531060663831105,0.8947612058686379,10.584753614241205,10.846276358894844,8.13401533239893,True,1.1976141929626465,1.9238030910491943,0.9210916540210502,0.7964343265645423,7.367620560207807,7.381644570613426,5.562159411067222,3.4646317882814177,3.2171330540333978,0.4504178762435913,0.5925173759460449,0.03201441236206026,,,,,,,,onnx:C:/SIH26052_data/mid/model_wide32_mid_simple.onnx,siren/0011,siren,8463,12.68,0,True,2.544450100045651,0.6361125250114128
1.356862187385559,2.7709193229675293,0.9355852404740026,0.7731349203003829,-7.82013979501108,-6.998882007574789,-3.861234352755412,True,1.1192307472229004,1.8720158338546753,0.8726554634774581,0.6232701033249514,-7.628314531277848,-7.786654549595248,-4.815588083381025,0.7877725420204591,-0.19182526373323228,0.2376314401626587,0.898903489112854,0.06292977699654445,,,,,,,,onnx:C:/SIH26052_data/mid/model_wide32_mid_simple.onnx,siren/0012,siren,672,8.78,0,True,2.5677605000091717,0.6419401250022929
1.387054443359375,2.100324869155884,0.8054557485651489,0.6542716082544029,2.8655093873409427,4.572744168744247,3.3344276275284526,True,1.0716832876205444,1.3772658109664917,0.6967740813858735,0.45531105676100864,0.13537071130811704,-0.042712131391033054,-3.8627693354723154,4.61545630013528,2.730138676032826,0.31537115573883057,0.7230590581893921,0.10868166717927541,,,,,,,,onnx:C:/SIH26052_data/mid/model_wide32_mid_simple.onnx,siren/0013,siren,61,4.73,0,True,2.557684800005518,0.6394212000013795
2.5009591579437256,2.9628889560699463,0.9637140142718822,0.8826030184476586,18.497667796785752,18.481792865787725,11.803374570903198,True,1.988983392715454,2.5984301567077637,0.9374576365089166,0.8160268741927849,16.232428644253677,16.229701148034483,9.737329432509696,2.252091717753242,2.265239152532075,0.5119757652282715,0.3644587993621826,0.026256377762965633,,,,,,,,onnx:C:/SIH26052_data/mid/model_wide32_mid_simple.onnx,siren/0014,siren,2961,16.76,0,False,2.5323670999496244,0.6330917749874061
2.249009132385254,3.464804172515869,0.9187590381114348,0.8549756929683882,12.366089299219233,12.543247433308949,9.077992892875631,True,1.3977255821228027,2.2042031288146973,0.87531592431124,0.7499343602690639,5.765321314162302,5.8020086426441795,1.313921309092797,6.741238790664769,6.600767985056931,0.8512835502624512,1.2606010437011719,0.04344311380019483,,,,,,,,onnx:C:/SIH26052_data/mid/model_wide32_mid_simple.onnx,siren/0015,siren,61,5.8,0,False,2.5834950000280514,0.6458737500070129
1.6221623420715332,2.4488253593444824,0.904330418236004,0.7159377616835563,5.315438857365181,5.9843462397891765,2.945492742016654,True,1.3524057865142822,1.882528305053711,0.8676381145532638,0.6360790932405367,2.5099698363550504,2.730515524947191,-1.3390108340012683,3.2538307148419854,2.8054690210101305,0.269756555557251,0.5662970542907715,0.036692303682740235,,,,,,,,onnx:C:/SIH26052_data/mid/model_wide32_mid_simple.onnx,siren/0016,siren,7176,19.49,0,True,2.6042765000020154,0.6510691250005038
3.0442955493927,3.8544232845306396,0.9662484786294685,0.9258770883947073,12.111802553943091,12.354392017460626,12.019221137868907,True,1.239261507987976,3.4210634231567383,0.9455777551591754,0.9104555776446528,17.971058953925304,17.97781596894885,15.226095488249424,-5.623423951488224,-5.859256399982213,1.8050340414047241,0.43335986137390137,0.020670723470293084,,,,,,,,onnx:C:/SIH26052_data/mid/model_wide32_mid_simple.onnx,siren/0017,siren,2094,17.98,0,False,2.5288826000178233,0.6322206500044558
2.7396955490112305,3.5251283645629883,0.966056413811698,0.8673058974075973,14.702427085602544,14.254507480821736,9.808857380131466,True,2.079364776611328,3.38637113571167,0.9510339503494859,0.8486325982187678,17.564130600353465,17.58869898408428,14.451412389374287,-3.334191503262545,-2.8617035147509213,0.6603307723999023,0.13875722885131836,0.015022463462212143,,,,,,,,onnx:C:/SIH26052_data/mid/model_wide32_mid_simple.onnx,siren/0018,siren,2830,17.59,0,False,2.5087761000031605,0.6271940250007901
2.4727814197540283,3.1426987648010254,0.9385890596408327,0.8406786750758626,11.237095094478793,11.545547674495033,8.960368291349784,True,1.22590172290802,2.2121400833129883,0.8984254875213481,0.7550921233347102,4.931453606713813,4.952972821416817,3.1402200050379827,6.592574853078216,6.30564148776498,1.2468796968460083,0.9305586814880371,0.040163572119484625,,,,,,,,onnx:C:/SIH26052_data/mid/model_wide32_mid_simple.onnx,siren/0019,siren,4970,14.74,0,True,2.6293453999678604,0.6573363499919651
2.737663507461548,3.184183359146118,0.9894605645742236,0.9655607584092102,18.65724776902544,18.578443605119592,15.817895982263993,True,1.647181510925293,2.2428832054138184,0.9860028500680053,0.9411985151714158,17.73188931512403,17.724467253043347,14.368072070106221,0.8539763520762449,0.9253584539014099,1.0904819965362549,0.9413001537322998,0.0034577145062183456,,,,,,,,onnx:C:/SIH26052_data/mid/model_wide32_mid_simple.onnx,siren/0020,siren,7021,18.68,0,False,2.645031799969729,0.6612579499924323
1.4780149459838867,2.0540173053741455,0.8457187769100092,0.6692312465909456,6.294475789830485,7.082035261710543,5.713638487766101,True,1.0961790084838867,1.3649091720581055,0.7735494438493012,0.5172526384635355,5.153257486140833,5.184922978077823,0.03220926538568651,1.8971122836327199,1.1412183036896515,0.3818359375,0.68910813331604,0.07216933306070794,,,,,,,,onnx:C:/SIH26052_data/mid/model_wide32_mid_simple.onnx,siren/0021,siren,260,16.72,0,True,2.6246211000252515,0.6561552750063129
2.7469732761383057,3.308223009109497,0.9571424021458629,0.9667267509847909,18.09537814657906,17.938631680683294,20.772620556209922,True,1.7773030996322632,2.695735216140747,0.9616264649462929,0.9586600458574054,13.618716984807673,13.50159050050065,19.89719769623593,4.437041180182645,4.476661161771386,0.9696701765060425,0.61248779296875,-0.004484062800430011,,,,,,,,onnx:C:/SIH26052_data/mid/model_wide32_mid_simple.onnx,siren/0022,siren,2300,13.83,0,False,2.619726099947002,0.6549315249867504
2.158745050430298,2.4915683269500732,0.8612415991903629,0.7817816341834911,13.170029548997721,13.312282511762643,9.625529083622158,True,1.1591832637786865,1.3768436908721924,0.7836468421637504,0.6292082524418361,8.250250041132643,8.330735538880841,3.9193421375690236,4.981546972881802,4.919779507865078,0.9995617866516113,1.1147246360778809,0.07759475702661256,,,,,,,,onnx:C:/SIH26052_data/mid/model_wide32_mid_simple.onnx,siren/0023,siren,8555,16.01,0,True,2.551625200023409,0.6379063000058522
1.9185309410095215,2.6628012657165527,0.8968217440801308,0.7999852446355622,-1.5761862646865463,1.891590607282758,1.8900882513101689,True,1.2834010124206543,1.881157398223877,0.8713374823950347,0.7022073234704026,-9.164344946100305,-6.464447511699666,-6.595472171717611,8.356038118982424,7.588158681413759,0.6351299285888672,0.7816438674926758,0.0254842616850961,,,,,,,,onnx:C:/SIH26052_data/mid/model_wide32_mid_simple.onnx,siren/0024,siren,6930,8.52,0,True,2.589444099983666,0.6473610249959165
1.3630053997039795,1.7280151844024658,0.665064586660782,0.36836836164861864,5.882313872837292,6.872826004553114,1.9694145348173158,True,1.0515403747558594,1.430767297744751,0.5073624335529897,0.25391646314189653,-5.119003146575356,-5.184508437439035,-7.508568419802964,12.05733444199215,11.001317019412648,0.3114650249481201,0.29724788665771484,0.15770215310779234,,,,,,,,onnx:C:/SIH26052_data/mid/model_wide32_mid_simple.onnx,siren/0025,siren,2961,2.78,0,True,2.5747801000252366,0.6436950250063092
1.697651982307434,1.6065781116485596,0.8063532002759731,0.7057657254120163,3.71241900700178,5.245294562267163,4.9022425794576625,True,1.2855300903320312,1.4608793258666992,0.7157552597599101,0.5380984643081629,-6.200167592903226,-6.172007147047677,-1.528702646237106,11.41730170931484,9.912586599905005,0.41212189197540283,0.14569878578186035,0.09059794051606307,,,,,,,,onnx:C:/SIH26052_data/mid/model_wide32_mid_simple.onnx,siren/0026,siren,2094,1.76,0,True,2.5452016000053845,0.6363004000013461
3.623647928237915,3.7775728702545166,0.9919077159493406,0.9806962997609797,23.246033280119146,23.191061456294445,25.738176329676712,True,2.281064748764038,2.925647497177124,0.9690485540780414,0.9579889520490228,14.887645449558772,14.895760880937694,26.081325369734344,8.295300575356752,8.358387830560375,1.342583179473877,0.8519253730773926,0.022859161871299216,,,,,,,,onnx:C:/SIH26052_data/mid/model_wide32_mid_simple.onnx,siren/0027,siren,6829,15.34,0,False,2.563496899965685,0.6408742249914212
2.9821345806121826,3.4812097549438477,0.9273300807284414,0.8796677479236964,21.52737169711449,21.32398688134861,16.527875961015003,True,1.4983124732971191,2.1659796237945557,0.8792421119257766,0.792811774369862,12.015244890843137,12.00578453152567,7.92363012043338,9.31820234982294,9.512126806271352,1.4838221073150635,1.315230131149292,0.04808796880266475,,,,,,,,onnx:C:/SIH26052_data/mid/model_wide32_mid_simple.onnx,siren/0028,siren,5683,12.91,0,False,2.5402904000366107,0.6350726000091527
1.2850992679595947,1.7864954471588135,0.8020574616749497,0.5690862276287377,4.157062256060261,5.504956662973505,3.447010430859828,True,1.0385876893997192,1.307404637336731,0.6048981740229288,0.29752630778840594,-4.111838071443664,-3.8008277598047506,-5.4136792207949105,9.305784422778256,8.268900327503925,0.2465115785598755,0.4790908098220825,0.19715928765202095,,,,,,,,onnx:C:/SIH26052_data/mid/model_wide32_mid_simple.onnx,siren/0029,siren,6829,3.42,0,True,2.5715298999566585,0.6428824749891646
3.335984706878662,3.7767257690429688,0.9929979415953454,0.9698497047630115,20.50074630431088,20.4828554791057,16.69363346068236,True,2.4507524967193604,3.0233914852142334,0.9853192546991815,0.9353932718859996,17.183245278866405,17.154022404617937,13.600455529235196,3.3288330744877648,3.317501025444475,0.8852322101593018,0.7533342838287354,0.007678686896163911,,,,,,,,onnx:C:/SIH26052_data/mid/model_wide32_mid_simple.onnx,siren/0030,siren,7176,17.24,0,False,2.5484417999978177,0.6371104499994544
1.2337158918380737,1.821915626525879,0.8439608170053017,0.7493351717356214,5.683787492368742,6.681964081904218,4.2779110169865096,True,1.0401633977890015,1.3890697956085205,0.753074057585998,0.594644677594845,2.5702571731104302,3.0941899660275385,-0.23254888161616044,3.58777411587668,3.1135303192583117,0.19355249404907227,0.4328458309173584,0.09088675941930369,,,,,,,,onnx:C:/SIH26052_data/mid/model_wide32_mid_simple.onnx,siren/0031,siren,1320,7.98,0,True,2.6094283999991603,0.6523570999997901
2.0470409393310547,2.515336036682129,0.900687445658243,0.7957487947010563,10.712331763082286,11.026433764466553,9.590252590217819,True,1.1727718114852905,1.5068418979644775,0.7334685662396966,0.5373972429137237,1.6281426496793059,1.5887154209532925,-0.2019135252548628,9.43771834351326,9.08418911340298,0.8742691278457642,1.0084941387176514,0.1672188794185464,,,,,,,,onnx:C:/SIH26052_data/mid/model_wide32_mid_simple.onnx,siren/0032,siren,1089,3.61,0,True,2.6176163000054657,0.6544040750013664
2.497781276702881,2.8593521118164062,0.9717751295754073,0.9136328212953858,16.061087436702106,16.166408138335907,17.528550686530586,True,1.4226841926574707,1.968290090560913,0.9434977510974819,0.862374900203651,11.360654069128426,11.37928323337323,14.86896835985004,4.787124904962678,4.70043336757368,1.0750970840454102,0.8910620212554932,0.02827737847792544,,,,,,,,onnx:C:/SIH26052_data/mid/model_wide32_mid_simple.onnx,siren/0033,siren,5142,11.48,0,False,2.70180939999409,0.6754523499985225
2.633944272994995,3.0896456241607666,0.9350181991485327,0.8442910314838679,15.31510162760978,15.367549920085214,14.179731234060332,True,1.120497703552246,1.604548454284668,0.7922562038584854,0.682960522151615,4.4870339296844115,4.471793411714572,8.059904162208408,10.895756508370642,10.828067697925368,1.513446569442749,1.4850971698760986,0.1427619952900473,,,,,,,,onnx:C:/SIH26052_data/mid/model_wide32_mid_simple.onnx,siren/0034,siren,8455,5.56,0,False,2.7142305999877863,0.6785576499969466
1.8647551536560059,2.6487627029418945,0.8820830218440779,0.7237441111967814,9.172440450592863,10.067224733931038,9.184408326065913,True,1.1713080406188965,1.5646283626556396,0.7864357405746877,0.49969385000850414,6.081528097093477,6.202925637309287,3.72010002272601,3.8642990966217514,3.0909123534993856,0.6934471130371094,1.0841343402862549,0.09564728126939026,,,,,,,,onnx:C:/SIH26052_data/mid/model_wide32_mid_simple.onnx,siren/0035,siren,4077,14.38,0,True,2.58588809997309,0.6464720249932725
2.7334630489349365,3.660550355911255,0.9887986127552857,0.9312071153848082,19.730286702053196,19.73073217337498,14.686235917816754,True,2.1545591354370117,3.0824832916259766,0.9897386064596916,0.8884003227859899,16.28574374151956,16.26709281653752,10.91127386966402,3.4636393568374615,3.444542960533635,0.5789039134979248,0.5780670642852783,-0.0009399937044058948,,,,,,,,onnx:C:/SIH26052_data/mid/model_wide32_mid_simple.onnx,siren/0036,siren,6829,17.01,0,False,2.603577799978666,0.6508944499946665
2.727341651916504,3.1509265899658203,0.9047903910231176,0.7994682421063124,12.281644694353309,12.521255198366436,9.70079624121883,True,1.2968181371688843,1.7281386852264404,0.8118125372278705,0.66630130169289,4.604872108795323,4.667337572953368,5.640900686909493,7.853917625413068,7.676772585557986,1.4305235147476196,1.4227879047393799,0.09297785379524715,,,,,,,,onnx:C:/SIH26052_data/mid/model_wide32_mid_simple.onnx,siren/0037,siren,1089,4.7,0,False,2.543648299993947,0.6359120749984868
2.1571736335754395,2.6965887546539307,0.9126455047102943,0.7887001366821567,9.782619000179128,10.137777769353045,6.805787913241628,True,1.1356967687606812,1.676710844039917,0.8170986809414167,0.5853829056154,5.376287472682942,5.355051223659636,2.095921942721406,4.782726545693409,4.406331527496186,1.0214768648147583,1.0198779106140137,0.09554682376887758,,,,,,,,onnx:C:/SIH26052_data/mid/model_wide32_mid_simple.onnx,siren/0038,siren,4992,17.63,0,True,2.561905900016427,0.6404764750041068
1.8134639263153076,2.472963571548462,0.939614494258171,0.8021058288842647,9.001551748463644,9.515893979525922,5.83113461768581,True,1.2783668041229248,1.8221515417099,0.8918229680590009,0.6556560321802047,5.650181457592751,5.641215011898878,1.118795631851921,3.8746789676270437,3.351370290870893,0.5350971221923828,0.650812029838562,0.04779152619917015,,,,,,,,onnx:C:/SIH26052_data/mid/model_wide32_mid_simple.onnx,siren/0039,siren,7176,16.68,0,True,2.541609200008679,0.6354023000021698
1.900625467300415,2.860229015350342,0.9569479755549073,0.8848776447495724,12.624261867922197,12.745338372782555,8.954268188539622,True,1.2189589738845825,1.6622660160064697,0.8982388872080569,0.7016711829013832,6.970118544085892,7.011504993334188,1.7382567733792829,5.733833379448368,5.654143323836305,0.6816664934158325,1.197962999343872,0.0587090883468504,,,,,,,,onnx:C:/SIH26052_data/mid/model_wide32_mid_simple.onnx,siren/0040,siren,3570,7.01,0,False,2.5539525999920443,0.6384881499980111
1.9334437847137451,2.558591842651367,0.9308584235726295,0.8184433975408277,12.183902950514828,12.396390127577078,8.7685504429185,True,1.1225324869155884,1.4276409149169922,0.8600072573625894,0.6312963433898361,4.2606417030013,4.299767469111918,0.7481903514037358,8.09662265846516,7.923261247513527,0.8109112977981567,1.130950927734375,0.07085116621004006,,,,,,,,onnx:C:/SIH26052_data/mid/model_wide32_mid_simple.onnx,siren/0041,siren,4446,4.42,0,False,2.5352220000349917,0.6338055000087479
1.2267578840255737,1.626659631729126,0.7800689870686667,0.6019998392430503,-0.8896664710562628,2.580128453737994,3.773869913134474,True,1.0630784034729004,1.2479474544525146,0.7243322391940058,0.45998117869935157,0.9720667330856394,1.1833531084108488,-1.0537779098050168,1.3967753453271452,-1.8617332041419021,0.16367948055267334,0.37871217727661133,0.055736747874660875,,,,,,,,onnx:C:/SIH26052_data/mid/model_wide32_mid_simple.onnx,siren/0042,siren,2094,17.75,0,True,2.579058700008318,0.6447646750020795
2.423271894454956,2.92229962348938,0.9350185039329485,0.7839525761406109,10.554844129226746,10.831058214198695,7.106747658760792,True,1.4038156270980835,1.92094886302948,0.8618137739761607,0.6085934821980588,8.275978679293004,8.26405825857366,4.228656292490067,2.5669999556250342,2.2788654499337415,1.0194562673568726,1.0013507604599,0.07320472995678784,,,,,,,,onnx:C:/SIH26052_data/mid/model_wide32_mid_simple.onnx,siren/0043,siren,5105,18.31,0,True,2.590176599973347,0.6475441499933368
2.7972605228424072,3.387395143508911,0.966170696212026,0.9245728942995852,15.922024002641022,16.02595538681254,13.215286794534363,True,1.6614515781402588,2.3912322521209717,0.9627293766247018,0.8992766000545243,1.5857446599374867,1.5755453011805676,0.08533096397662444,14.450410085631972,14.336279342703536,1.1358089447021484,0.9961628913879395,0.0034413195873241875,,,,,,,,onnx:C:/SIH26052_data/mid/model_wide32_mid_simple.onnx,siren/0044,siren,237,2.84,0,False,2.575737100036349,0.6439342750090873
2.563598155975342,3.5719830989837646,0.9272526518679661,0.8435774350674654,11.89940359061593,12.157026274082112,9.350560715735893,True,1.8135838508605957,2.7452332973480225,0.9246250137023817,0.8348334185662283,10.11796793184683,10.067030171588375,7.062922529789836,2.0899961024937372,1.7814356587691016,0.7500143051147461,0.8267498016357422,0.0026276381655844228,,,,,,,,onnx:C:/SIH26052_data/mid/model_wide32_mid_simple.onnx,siren/0045,siren,1089,17.8,0,True,2.574753699998837,0.6436884249997092
1.1270512342453003,1.3617725372314453,0.6902695877002246,0.44063085954564546,3.019863876463398,4.736439113172961,2.847204342664416,True,1.0349197387695312,1.1880030632019043,0.5255542962397607,0.3618201495214955,-9.246206078250362,-9.325304775581602,-5.723184517134574,14.061743888754563,12.26606995471376,0.09213149547576904,0.17376947402954102,0.16471529146046393,,,,,,,,onnx:C:/SIH26052_data/mid/model_wide32_mid_simple.onnx,siren/0046,siren,6930,1.38,0,True,2.549148799967952,0.637287199991988
2.6948323249816895,3.409395694732666,0.9569388196500536,0.878505862402651,13.769354082680227,13.801163085870986,11.796841468611861,True,1.4704842567443848,2.0787088871002197,0.9078929457929698,0.7631277107055628,7.36806824620885,7.384147392324837,5.932852892119464,6.417015693546149,6.401285836471377,1.2243480682373047,1.3306868076324463,0.04904587385708381,,,,,,,,onnx:C:/SIH26052_data/mid/model_wide32_mid_simple.onnx,siren/0047,siren,121,7.94,0,False,2.5853274000110105,0.6463318500027526
1.4083329439163208,2.285088300704956,0.8650039573452796,0.705817098999753,7.0558025921298935,7.8323107566178765,6.789255177401051,True,1.0587208271026611,1.3880438804626465,0.7527294826598794,0.5208100108393693,1.733099626431577,1.8141937250346643,-0.23776766119535078,6.018117031583213,5.3227029656983165,0.34961211681365967,0.8970444202423096,0.1122744746854002,,,,,,,,onnx:C:/SIH26052_data/mid/model_wide32_mid_simple.onnx,siren/0048,siren,3575,8.66,0,True,2.5909906000015326,0.6477476500003831
2.322065830230713,3.0206894874572754,0.8980711865678382,0.8434071337859389,11.479637645795666,11.663725132905697,8.841576922593436,True,1.4430537223815918,2.1864945888519287,0.8281719221725471,0.7504908197340225,3.5914901266794774,3.5863210850710385,9.84708161111763,8.077404047834658,7.888147519116188,0.8790121078491211,0.8341948986053467,0.06989926439529115,,,,,,,,onnx:C:/SIH26052_data/mid/model_wide32_mid_simple.onnx,siren/0049,siren,672,3.59,0,False,2.6086612999788485,0.6521653249947121
2.754106044769287,3.2152137756347656,0.9789877429091943,0.9537645994243731,21.929958114747002,21.885876006682846,17.426288072678226,True,1.547484040260315,2.0523838996887207,0.9677207476752947,0.9287483562133335,14.981817444804694,14.993319141951636,12.894008764787516,6.89255686473121,6.948140669942308,1.2066220045089722,1.162829875946045,0.011266995233899624,,,,,,,,onnx:C:/SIH26052_data/mid/model_wide32_mid_simple.onnx,siren/0050,siren,5142,16.12,0,False,2.593879599997308,0.648469899999327
2.7806992530822754,3.436167001724243,0.9749596523896517,0.923842140669197,19.149726735245803,19.103408065446608,14.965451888193252,True,1.9484989643096924,2.664012908935547,0.96257283984216,0.8638865458345021,14.177471668321253,14.17772714030223,9.840880066672915,4.925680925144379,4.97225506692455,0.832200288772583,0.7721540927886963,0.012386812547491632,,,,,,,,onnx:C:/SIH26052_data/mid/model_wide32_mid_simple.onnx,siren/0051,siren,260,14.43,0,False,2.5824709000298753,0.6456177250074688
1.489343523979187,2.270075559616089,0.9097551429042713,0.7970143208093177,11.68623843518024,11.874539308757438,8.67487348068186,True,1.0551373958587646,1.4186007976531982,0.819716840957673,0.5993900078215944,2.9378969353075055,2.964938954857593,0.04273284923881655,8.909600353899844,8.748341499872733,0.43420612812042236,0.8514747619628906,0.09003830194659823,,,,,,,,onnx:C:/SIH26052_data/mid/model_wide32_mid_simple.onnx,siren/0052,siren,3570,3.0,0,False,2.571158299979288,0.642789574994822
2.0849359035491943,2.9786462783813477,0.9079387842657103,0.8184738605662354,10.300692520521505,10.341129208449168,8.356856777922323,True,1.1733055114746094,1.5986921787261963,0.810537701356703,0.6660816491874068,8.371178553864453,8.762215678618688,6.80980405621316,1.57891352983048,1.9295139666570513,0.911630392074585,1.3799540996551514,0.09740108290900729,,,,,,,,onnx:C:/SIH26052_data/mid/model_wide32_mid_simple.onnx,siren/0053,siren,2300,19.41,0,True,2.5923275999957696,0.6480818999989424
1.1949713230133057,1.5777547359466553,0.7611340644433381,0.5194076746910297,0.5008188053121727,3.240769552687701,2.1590709827746464,True,1.0579044818878174,1.2511593103408813,0.5804075885013074,0.28812040357053165,-2.2059162188714985,-2.202503290597057,-4.503924243711983,5.443272843284758,2.706735024183671,0.13706684112548828,0.3265954256057739,0.18072647594203073,,,,,,,,onnx:C:/SIH26052_data/mid/model_wide32_mid_simple.onnx,siren/0054,siren,908,2.04,0,True,2.5646092999959365,0.6411523249989841
2.151380777359009,2.301081418991089,0.885232659135335,0.8190727391550913,11.504255141333159,11.751191778444742,10.66206297631887,True,1.135309100151062,1.435044288635254,0.7810302850019465,0.5793343209350741,0.2489899784968736,0.27011084953950615,-1.5385385018726285,11.481080928905236,11.255265162836286,1.0160716772079468,0.866037130355835,0.10420237413338851,,,,,,,,onnx:C:/SIH26052_data/mid/model_wide32_mid_simple.onnx,siren/0055,siren,4992,1.31,0,False,2.5872119999839924,0.6468029999959981
2.216423273086548,3.2738656997680664,0.8352066835859692,0.6922193186642441,12.586561051549324,11.96664995410064,8.815122619116499,True,1.378688931465149,2.0368568897247314,0.7568826851325086,0.5466277241136538,8.544974681369533,8.060343917379582,4.486906180578676,3.906306036721059,4.041586370179791,0.8377343416213989,1.237008810043335,0.07832399845346061,,,,,,,,onnx:C:/SIH26052_data/mid/model_wide32_mid_simple.onnx,siren/0056,siren,672,15.78,0,True,2.587963199999649,0.6469907999999123
1.8714067935943604,2.316460371017456,0.7772321434298299,0.5777404038981185,8.727687686098074,9.22916596239587,6.025269643367472,True,1.2018712759017944,1.5349626541137695,0.6795081800206452,0.449309404600095,4.446453862201706,4.4992439293112865,0.5310665483435203,4.729922033084583,4.281233823896368,0.6695355176925659,0.7814977169036865,0.09772396340918477,,,,,,,,onnx:C:/SIH26052_data/mid/model_wide32_mid_simple.onnx,siren/0057,siren,6930,18.43,0,True,2.624558600015007,0.6561396500037517
1.5857574939727783,2.2521090507507324,0.8049651485473202,0.6233761839964833,9.265905213068697,9.747423649777742,7.001913082269883,True,1.0658711194992065,1.537783145904541,0.6823745895365755,0.49992864387233954,-2.1449626891282785,-2.1754102345128707,-3.940996726730283,11.922833884290613,11.410867902196976,0.5198863744735718,0.7143259048461914,0.12259055901074467,,,,,,,,onnx:C:/SIH26052_data/mid/model_wide32_mid_simple.onnx,siren/0058,siren,6829,2.66,0,True,2.597959600039758,0.6494899000099394
1.9973516464233398,2.694091320037842,0.8577048755739887,0.7291399367313852,10.48242307330698,10.755596850633449,7.288350487542676,True,1.1055763959884644,1.653846025466919,0.7678062353208588,0.5652505306231151,5.39946073535476,5.454848051862165,1.1779358219773501,5.300748798771283,5.082962337952221,0.8917752504348755,1.0402452945709229,0.08989864025312988,,,,,,,,onnx:C:/SIH26052_data/mid/model_wide32_mid_simple.onnx,siren/0059,siren,1221,15.97,0,True,2.598108100006357,0.6495270250015892
2.562238931655884,3.183305263519287,0.9601113112211547,0.9016667669744814,16.694914684164072,16.7559032025288,13.250987438116361,True,1.238791584968567,1.7377921342849731,0.9260106684629298,0.7758342646745217,9.55530815673746,9.544982776605103,7.188686731909069,7.210920425923696,7.139606527426611,1.323447346687317,1.445513129234314,0.034100642758224886,,,,,,,,onnx:C:/SIH26052_data/mid/model_wide32_mid_simple.onnx,siren/0060,siren,6829,9.85,0,False,2.5884255999699235,0.6471063999924809
1.5143887996673584,2.414081335067749,0.84196026212973,0.7240935228993473,8.03208279186656,8.614001607377336,7.936576870139831,True,1.089544653892517,1.69557523727417,0.7985390101107415,0.6083576209858257,2.7814140229366258,2.7209210598605567,0.14613403806409075,5.89308054751678,5.250668768929935,0.4248441457748413,0.7185060977935791,0.0434212520189885,,,,,,,,onnx:C:/SIH26052_data/mid/model_wide32_mid_simple.onnx,siren/0061,siren,1580,10.63,0,True,2.3913582999957725,0.5978395749989431
2.2886245250701904,2.6637895107269287,0.8310512969803562,0.7366721448340814,11.467773238732304,11.757795341419353,9.642857717051703,True,1.2179458141326904,1.5314826965332031,0.7241193055824066,0.5861047950444953,6.620909445920439,6.505459267336047,4.031545293143132,5.252336074083306,4.846863792811865,1.0706787109375,1.1323068141937256,0.10693199139794962,,,,,,,,onnx:C:/SIH26052_data/mid/model_wide32_mid_simple.onnx,siren/0062,siren,8555,13.42,0,True,2.415128000022378,0.6037820000055945
2.7871716022491455,3.4563961029052734,0.9824890798850916,0.9460066913591961,18.757135511893534,18.792030555666386,15.466880328199187,True,1.4542109966278076,1.8797675371170044,0.9484166793446112,0.801569085313376,12.700460187452013,12.693432010545632,7.54565138746509,6.098598545120755,6.056675324441521,1.332960605621338,1.576628565788269,0.03407240054048044,,,,,,,,onnx:C:/SIH26052_data/mid/model_wide32_mid_simple.onnx,siren/0063,siren,121,13.18,0,False,2.3894215000327677,0.5973553750081919
1.4885194301605225,1.8416774272918701,0.8614638077622592,0.7361361146502591,12.351780448978234,12.579940716014193,12.548506235256383,True,1.0819600820541382,1.219014286994934,0.70731839791747,0.580580063135061,-3.194982894059491,-3.1680017586615197,6.574116291708747,15.747942474675712,15.546763343037725,0.4065593481063843,0.622663140296936,0.1541454098447892,,,,,,,,onnx:C:/SIH26052_data/mid/model_wide32_mid_simple.onnx,siren/0064,siren,7021,3.95,0,True,2.4167173000168987,0.6041793250042247
1.764770269393921,2.435908555984497,0.82382688044762,0.7033888742191904,10.192008281683067,10.483521794197689,7.459454613852814,True,1.0330259799957275,1.347749948501587,0.7236557806693055,0.5685547756661836,2.8801058231809433,2.942568646802979,-0.031295401308626125,7.54095314739471,7.311902458502124,0.7317442893981934,1.0881586074829102,0.10017109977831451,,,,,,,,onnx:C:/SIH26052_data/mid/model_wide32_mid_simple.onnx,siren/0065,siren,1188,10.13,0,True,2.3508997000171803,0.5877249250042951
2.4057767391204834,2.9427120685577393,0.9506447855649897,0.8547860611798362,12.274714487359375,12.303779640991692,10.593453742888913,True,1.1998871564865112,1.712660789489746,0.8634048123330228,0.6260547635796851,9.721894778168053,9.801374861935722,7.329915410285004,2.5024047790559703,2.552819709191322,1.2058895826339722,1.2300512790679932,0.08723997323196686,,,,,,,,onnx:C:/SIH26052_data/mid/model_wide32_mid_simple.onnx,siren/0066,siren,1320,14.32,0,True,2.973589200002607,0.7433973000006517
2.6041154861450195,3.211491107940674,0.9178322156843641,0.8194140285553398,15.34205296185995,15.057405042795182,11.979620229904407,True,1.657672643661499,2.2324259281158447,0.8983025159221201,0.7296449569411607,15.357087918516424,15.373698717214515,11.254044921940089,-0.31629367441933276,-0.015034956656473142,0.9464428424835205,0.9790651798248291,0.019529699762244057,,,,,,,,onnx:C:/SIH26052_data/mid/model_wide32_mid_simple.onnx,siren/0067,siren,2830,15.37,0,False,2.9677140999701805,0.7419285249925451
2.395662546157837,3.214930772781372,0.9618304099364493,0.8971191846612276,10.235996729378803,10.359186848138282,10.089775226562963,True,1.3834075927734375,1.818801760673523,0.9026217311830754,0.7539244179746762,6.9033045479808175,7.1295965001103925,6.612457484655933,3.22959034802789,3.3326921813979853,1.0122549533843994,1.3961290121078491,0.05920867875337388,,,,,,,,onnx:C:/SIH26052_data/mid/model_wide32_mid_simple.onnx,siren/0068,siren,61,12.63,0,True,2.9637120999977924,0.7409280249994481
2.58992862701416,2.9433722496032715,0.9688681739302312,0.87936766121341,16.126741429298445,15.786808102234396,10.089218506492776,True,1.6604394912719727,2.0950522422790527,0.9477371936321433,0.7310481972882633,12.851151011385538,12.86062065623694,6.634413420603103,2.9261874459974564,3.275590417912907,0.9294891357421875,0.8483200073242188,0.02113098029808791,,,,,,,,onnx:C:/SIH26052_data/mid/model_wide32_mid_simple.onnx,siren/0069,siren,5105,12.86,0,False,2.9596346000325866,0.7399086500081467
2.1402878761291504,2.7322328090667725,0.8517699153041023,0.6922243973136412,12.323119975044083,12.567020543302673,9.656378061670338,True,1.2510912418365479,1.7880284786224365,0.7902377105606615,0.47968569216745216,8.542451223944738,8.557081408528598,4.048215404622006,4.009939134774076,3.780668751099345,0.8891966342926025,0.9442043304443359,0.06153220474344079,,,,,,,,onnx:C:/SIH26052_data/mid/model_wide32_mid_simple.onnx,siren/0070,siren,5683,16.33,0,True,2.6382482000044547,0.6595620500011137
2.1957790851593018,3.1409542560577393,0.9462426021073271,0.8650222559112205,13.76358495692542,13.190461103492993,10.469133860000795,True,1.3877860307693481,2.2318496704101562,0.9375146366755857,0.7913438120949698,8.90099029874216,9.389607833145876,4.605256890739821,3.800853270347117,4.86259465818326,0.8079930543899536,0.909104585647583,0.00872796543174148,,,,,,,,onnx:C:/SIH26052_data/mid/model_wide32_mid_simple.onnx,siren/0071,siren,4970,19.49,0,True,2.6006658999831416,0.6501664749957854
1.1358516216278076,1.3919107913970947,0.5275114671992802,0.37181227454202553,0.09440867491544568,2.674399050492186,1.104348039596139,True,1.0292942523956299,1.2542128562927246,0.4963588645755249,0.2816506506497813,-14.108028252979445,-10.320052637673577,-9.033414685487113,12.994451688165762,14.20243692789489,0.10655736923217773,0.13769793510437012,0.0311526026237553,,,,,,,,onnx:C:/SIH26052_data/mid/model_wide32_mid_simple.onnx,siren/0072,siren,2961,3.21,0,True,2.628327799960971,0.6570819499902427
1.6830670833587646,2.283751964569092,0.9153010907696497,0.8552537382086794,7.912488121532578,8.540116132433043,8.162601910797212,True,1.1383877992630005,1.4777188301086426,0.8143814120072134,0.6534739189890887,1.5968837267036264,1.445118860596164,0.31102392492722725,7.0949972718368794,6.315604394828952,0.5446792840957642,0.8060331344604492,0.10091967876243635,,,,,,,,onnx:C:/SIH26052_data/mid/model_wide32_mid_simple.onnx,siren/0073,siren,3570,1.8,0,False,2.5417018000152893,0.6354254500038223
1.671520471572876,2.1333930492401123,0.8684120153664368,0.7707903235505108,11.799838328838725,12.054309012583627,8.616355351731661,True,1.07991623878479,1.4027493000030518,0.8313010944390915,0.6542448581386876,4.375268394625044,4.432682354366265,0.9751222837509297,7.6216266582173615,7.424569934213681,0.5916042327880859,0.7306437492370605,0.03711092092734525,,,,,,,,onnx:C:/SIH26052_data/mid/model_wide32_mid_simple.onnx,siren/0074,siren,237,5.48,0,False,2.587005000037607,0.6467512500094017
1.8427436351776123,2.703164577484131,0.9630619446284148,0.8480214060519528,12.331602384958234,12.564363466321645,9.865769179157214,True,1.213927984237671,2.159259557723999,0.9191775245236631,0.7205913223784517,3.2727239170536677,3.291895452967884,1.6504895700513338,9.27246801335376,9.058878467904567,0.6288156509399414,0.5439050197601318,0.04388442010475169,,,,,,,,onnx:C:/SIH26052_data/mid/model_wide32_mid_simple.onnx,siren/0075,siren,4077,3.53,0,False,2.611058500013314,0.6527646250033285
1.5595848560333252,2.1052985191345215,0.9001253047720187,0.7664111980751325,6.282564047414505,7.1245467828786655,5.369058202072486,True,1.13423752784729,1.5868678092956543,0.8262416542411544,0.5976197679144803,2.159870464527608,2.030289596345702,-0.22773440711277967,5.094257186532964,4.122693582886897,0.42534732818603516,0.5184307098388672,0.07388365053086432,,,,,,,,onnx:C:/SIH26052_data/mid/model_wide32_mid_simple.onnx,siren/0076,siren,121,16.68,0,True,2.5415523999836296,0.6353880999959074
1.6866438388824463,2.3343374729156494,0.880518445967553,0.8105365494918437,15.06995122087613,15.202024518948551,15.267572677255616,True,1.1086444854736328,1.211510181427002,0.7188922268491741,0.6642833981811254,6.238582635484368,6.204955437106837,8.950401991693989,8.997069081841715,8.831368585391761,0.5779993534088135,1.1228272914886475,0.16162621911837893,,,,,,,,onnx:C:/SIH26052_data/mid/model_wide32_mid_simple.onnx,siren/0077,siren,1995,6.57,0,False,2.5886253000353463,0.6471563250088366
4.135867118835449,4.1748223304748535,0.9930927204533769,0.9857633078166351,22.45515204097476,22.34637796091952,21.678576102606645,True,3.1343305110931396,3.6378345489501953,0.9918594260060287,0.9734080404423574,18.79972190913707,18.811204616116594,20.243046183056727,3.5351733448029243,3.65543013183769,1.0015366077423096,0.5369877815246582,0.00123329444734821,,,,,,,,onnx:C:/SIH26052_data/mid/model_wide32_mid_simple.onnx,siren/0078,siren,1320,14.48,0,True,2.6132899000076577,0.6533224750019144
3.3025293350219727,3.7481741905212402,0.9905821478464982,0.9471212667082445,19.269059848050816,19.29906582180966,17.439254439994794,True,2.092890977859497,2.549656867980957,0.9845412932114119,0.8940849392717383,14.936541804106206,14.92952298974327,13.768830815586915,4.369542832066388,4.33251804394461,1.2096383571624756,1.1985173225402832,0.006040854635086301,,,,,,,,onnx:C:/SIH26052_data/mid/model_wide32_mid_simple.onnx,siren/0079,siren,4992,15.88,0,False,2.597401999984868,0.649350499996217
1.834613561630249,2.483309745788574,0.8658087598465165,0.6978207951874555,8.869890203481317,9.175271243048496,5.464194052796332,True,1.1799678802490234,1.618567943572998,0.8092740984439992,0.5097550362697197,4.125923876237964,4.271278811975201,-0.244869083251458,4.903992431073294,4.743966327243353,0.6546456813812256,0.8647418022155762,0.05653466140251728,,,,,,,,onnx:C:/SIH26052_data/mid/model_wide32_mid_simple.onnx,siren/0080,siren,5105,4.27,0,False,2.579271599999629,0.6448178999999072
3.0757675170898438,3.3687431812286377,0.9844462285744308,0.9498666906185409,20.213898344694332,20.0668260511368,17.29060910703525,True,1.720252275466919,2.1261990070343018,0.9496549745816568,0.8601976008426089,17.325164992781957,17.34398038971274,14.060147828687398,2.72284566142406,2.888733351912375,1.3555152416229248,1.242544174194336,0.03479125399277394,,,,,,,,onnx:C:/SIH26052_data/mid/model_wide32_mid_simple.onnx,siren/0081,siren,7729,17.4,0,False,2.5640298000071198,0.6410074500017799
2.370659351348877,3.172300100326538,0.8627141386194926,0.6907473669725991,18.696552952927398,18.68371915824918,13.226339526219707,True,1.577215313911438,2.0961384773254395,0.7928343884762976,0.5475261942119559,13.528523413491946,13.515420236546822,5.827467268152018,5.168298921702357,5.168029539435452,0.793444037437439,1.0761616230010986,0.06987975014319503,,,,,,,,onnx:C:/SIH26052_data/mid/model_wide32_mid_simple.onnx,siren/0082,siren,672,13.52,0,False,2.5652824999997392,0.6413206249999348
2.2705023288726807,2.7052109241485596,0.9292555119894454,0.7732973036146423,13.187336648980708,13.349206606100509,9.330437256124126,True,1.1956512928009033,1.6296865940093994,0.8327184487303906,0.5887609630860345,9.563696693679079,9.517993060399801,4.400117158028535,3.8312135457007077,3.6236399553016287,1.0748510360717773,1.0755243301391602,0.09653706325905487,,,,,,,,onnx:C:/SIH26052_data/mid/model_wide32_mid_simple.onnx,siren/0083,siren,8224,9.52,0,False,2.631088899972383,0.6577722249930957
1.8805279731750488,2.404071092605591,0.9095972018810256,0.787927351373734,12.474455645732498,12.700948194434329,8.997141419605827,True,1.1139603853225708,1.4824755191802979,0.8417510266675614,0.5984614125193193,3.55697880226264,3.541959376751733,-0.6315287491862421,9.158988817682596,8.917476843469858,0.766567587852478,0.921595573425293,0.06784617521346414,,,,,,,,onnx:C:/SIH26052_data/mid/model_wide32_mid_simple.onnx,siren/0084,siren,4446,4.07,0,False,2.5976825999678113,0.6494206499919528
2.756479024887085,3.1361019611358643,0.9635736303759082,0.9044204291534051,17.535016144080345,17.502937944068442,13.665121798125682,True,1.4365869760513306,1.7616137266159058,0.9064528113715801,0.7588691087469278,12.383444849399742,12.391547626750576,8.341421309975697,5.111390317317866,5.151571294680602,1.3198920488357544,1.3744882345199585,0.05712081900432808,,,,,,,,onnx:C:/SIH26052_data/mid/model_wide32_mid_simple.onnx,siren/0085,siren,260,12.96,0,False,2.5987724000005983,0.6496931000001496
1.7985596656799316,2.797605514526367,0.8982877672732277,0.7744180997821131,9.896813274843716,10.315384316447044,6.5123679937618935,True,1.3537280559539795,1.958945870399475,0.8431731253016401,0.686485312239447,7.118256651766956,7.168107304405936,2.362997151067913,3.1472770120411084,2.77855662307676,0.44483160972595215,0.8386596441268921,0.05511464197158755,,,,,,,,onnx:C:/SIH26052_data/mid/model_wide32_mid_simple.onnx,siren/0086,siren,908,17.78,0,True,2.5814777000341564,0.6453694250085391
2.162700653076172,2.694779872894287,0.8777991861293073,0.7388572226463518,15.150989306547656,15.270633741946288,9.751285682404214,True,1.1129108667373657,1.5517287254333496,0.7676431919535938,0.5873039648469481,7.439457501537672,7.40402982737324,3.517969215182268,7.866603914573048,7.711531805009984,1.0497897863388062,1.1430511474609375,0.11015599417571353,,,,,,,,onnx:C:/SIH26052_data/mid/model_wide32_mid_simple.onnx,siren/0087,siren,1188,7.95,0,False,2.5875241000321694,0.6468810250080423
1.2083510160446167,1.4603434801101685,0.8005202200926501,0.6512912053067725,11.002596682536845,11.30244184677214,5.46213303193352,True,1.0630990266799927,1.1933825016021729,0.6370496587564635,0.40822075509377337,-1.7633139518978023,-1.7661326391396506,-6.718768618101066,13.06857448591179,12.765910634434647,0.14525198936462402,0.2669609785079956,0.16347056133618665,,,,,,,,onnx:C:/SIH26052_data/mid/model_wide32_mid_simple.onnx,siren/0088,siren,3575,3.6,0,True,2.589284799993038,0.6473211999982595
2.4877681732177734,2.8780479431152344,0.9197963159635402,0.8117200850368975,15.290694489501382,15.237673257651034,11.998593422505447,True,1.252834677696228,1.74623703956604,0.8471970700658451,0.6554940162258692,10.560596786840685,10.552998401202352,6.253375586757986,4.684674856448682,4.7300977026606965,1.2349334955215454,1.1318109035491943,0.07259924589769506,,,,,,,,onnx:C:/SIH26052_data/mid/model_wide32_mid_simple.onnx,siren/0089,siren,8455,14.03,0,True,2.5993512000422925,0.6498378000105731
1.5800402164459229,2.081153154373169,0.7312281697873164,0.5578696330426636,7.07047787162162,7.843507565766262,4.122487200794446,True,1.072049617767334,1.3346529006958008,0.586113721025606,0.36041897018121055,-1.717124265353653,-1.736167956938723,-4.831576195240899,9.579675522704985,8.787602136975273,0.5079905986785889,0.7465002536773682,0.14511444876171042,,,,,,,,onnx:C:/SIH26052_data/mid/model_wide32_mid_simple.onnx,siren/0090,siren,3729,8.59,0,True,2.6081005000160076,0.6520251250040019
2.046323776245117,2.888477325439453,0.9414044866644639,0.8894747836678588,11.346772254259967,11.609535150922524,10.448480914323442,True,1.4206020832061768,1.9903383255004883,0.9274858738993661,0.8184587190680067,7.398261772884228,7.408262267409521,7.017228961728459,4.201272883513003,3.948510481375739,0.6257216930389404,0.8981389999389648,0.01391861276509776,,,,,,,,onnx:C:/SIH26052_data/mid/model_wide32_mid_simple.onnx,siren/0091,siren,6829,7.64,0,False,2.606124699988868,0.651531174997217
2.8508381843566895,3.2641639709472656,0.886323321456563,0.7959529536087104,22.975557903990374,22.91595410669577,15.760808845460529,True,1.6811962127685547,2.049166440963745,0.8178386755288649,0.6423195223291451,17.174913588965286,17.154291305418802,10.038255917051966,5.7616628012769695,5.800644315025089,1.1696419715881348,1.2149975299835205,0.0684846459276981,,,,,,,,onnx:C:/SIH26052_data/mid/model_wide32_mid_simple.onnx,siren/0092,siren,908,17.9,0,False,2.6056272000423633,0.6514068000105908
3.134000301361084,3.4078187942504883,0.9798745783658014,0.9391312110332519,21.915938231413875,21.834650162300576,18.758647509282046,True,1.9813356399536133,2.265702962875366,0.9709123014426588,0.8810658233672098,17.28371529161771,17.274902234947575,13.530177677078163,4.559747927353001,4.632222939796165,1.1526646614074707,1.142115831375122,0.008962276923142554,,,,,,,,onnx:C:/SIH26052_data/mid/model_wide32_mid_simple.onnx,siren/0093,siren,6930,17.76,0,False,2.6346742000314407,0.6586685500078602
1.6745696067810059,2.4968628883361816,0.9157821822248854,0.7952704842606485,14.128083640432775,13.186201538251602,9.642375387401058,True,1.1238937377929688,1.513611912727356,0.8456631632658854,0.593477954755875,6.443592507096847,6.122002481643051,2.3974628532256395,7.064199056608551,7.6844911333359285,0.5506758689880371,0.9832509756088257,0.07011901895899997,,,,,,,,onnx:C:/SIH26052_data/mid/model_wide32_mid_simple.onnx,siren/0094,siren,4446,10.11,0,True,2.5987919999752194,0.6496979999938048
1.4426747560501099,2.1682519912719727,0.8742775505648407,0.708896088920136,7.8771758850196605,8.508144617530583,6.934743662245024,True,1.0440037250518799,1.35688054561615,0.7512733462808483,0.5491162458909765,1.6082034574806505,1.6890645037797605,1.604956402677508,6.819080113750823,6.26897242753901,0.39867103099823,0.8113714456558228,0.12300420428399239,,,,,,,,onnx:C:/SIH26052_data/mid/model_wide32_mid_simple.onnx,siren/0095,siren,2300,9.48,0,True,2.6129716000286862,0.6532429000071716
1.9427837133407593,2.618507146835327,0.9292778804589817,0.8053837231983834,10.896186388454069,11.234907397247067,7.833032994792167,True,1.198451042175293,1.8118774890899658,0.8487351669272283,0.6516432077342458,6.181121656783679,6.102427551246889,1.8017010071454829,5.132479846000178,4.71506473167039,0.7443326711654663,0.8066296577453613,0.08054271353175346,,,,,,,,onnx:C:/SIH26052_data/mid/model_wide32_mid_simple.onnx,siren/0096,siren,1221,6.1,0,False,2.642078200005926,0.6605195500014815
3.2253875732421875,3.80267071723938,0.9629064744467901,0.8915805208291684,18.864786986851698,18.626049414192213,13.967237331486885,True,1.265541434288025,2.3159286975860596,0.9222094128510876,0.7266708463976527,7.327108502882483,7.323658634671181,1.624254023832682,11.302390779521032,11.537678483969215,1.9598461389541626,1.4867420196533203,0.04069706159570252,,,,,,,,onnx:C:/SIH26052_data/mid/model_wide32_mid_simple.onnx,siren/0097,siren,61,7.32,0,False,2.638823200017214,0.6597058000043035
1.8993072509765625,2.3743534088134766,0.9385417046326778,0.8046545696083003,11.580515324615792,11.810025186600972,7.405994007778032,True,1.3602911233901978,1.839397668838501,0.8958322269802284,0.6723401179460393,7.002478720379916,6.977108332002416,2.1360279875194705,4.832916854598556,4.578036604235876,0.5390161275863647,0.5349557399749756,0.04270947765244948,,,,,,,,onnx:C:/SIH26052_data/mid/model_wide32_mid_simple.onnx,siren/0098,siren,7127,7.64,0,False,2.585964799975045,0.6464911999937613
3.3448526859283447,3.689680814743042,0.9727933835469857,0.9223040561138989,23.07647270083702,22.82887872008822,15.185114613990045,True,1.7441813945770264,1.993153691291809,0.8979030805202949,0.7201894622813576,19.615922202863526,19.625877169875736,11.044412588110308,3.203001550212484,3.460550497973493,1.6006712913513184,1.696527123451233,0.07489030302669086,,,,,,,,onnx:C:/SIH26052_data/mid/model_wide32_mid_simple.onnx,siren/0099,siren,908,19.66,0,False,2.589635799988173,0.6474089499970432
2.072551965713501,3.09710431098938,0.9005728966572338,0.7972995449979525,10.176487203491497,10.458689366170146,7.697671046349362,True,1.1331636905670166,1.613234281539917,0.8053126961353712,0.6031104152674315,7.217464740024242,7.3565772293845875,4.243679749079678,3.102112136785559,2.959022463467255,0.9393882751464844,1.483870029449463,0.09526020052186268,,,,,,,,onnx:C:/SIH26052_data/mid/model_wide32_mid_simple.onnx,siren/0100,siren,1320,13.21,0,True,2.582415900018532,0.645603975004633
3.6576638221740723,3.8940346240997314,0.9864251620038826,0.9721416061425245,19.034000673454724,18.74134668144282,17.95218481464568,True,1.9640679359436035,2.3689124584198,0.9634182587500183,0.9052929480100438,15.896592096313725,15.905530662697025,14.78044804993391,2.8358160187457955,3.1374085771409987,1.6935958862304688,1.5251221656799316,0.02300690325386434,,,,,,,,onnx:C:/SIH26052_data/mid/model_wide32_mid_simple.onnx,siren/0101,siren,61,15.91,0,False,2.6004856000072323,0.6501214000018081
1.4011189937591553,2.344881772994995,0.8777064238338573,0.6881969247330894,8.810031830128963,9.33813347102912,5.7002832045812815,True,1.3528649806976318,2.508575916290283,0.8690512581009903,0.6786100762083516,4.462765545764095,4.618766240004352,-1.054529322246223,4.719367231024768,4.347266284364868,0.04825401306152344,-0.16369414329528809,0.008655165732867065,,,,,,,,onnx:C:/SIH26052_data/mid/model_wide32_mid_simple.onnx,siren/0102,siren,8463,13.35,0,True,2.6262195000308566,0.6565548750077141
1.823413372039795,2.5075643062591553,0.8105259563480159,0.6237085525584135,11.387070931393737,11.688456737031814,6.564674890871628,True,1.0478709936141968,1.5732080936431885,0.6943547870442867,0.4744424462596482,5.450689068200422,5.473527278514424,0.2890653860931022,6.21492945851739,5.936381863193315,0.7755423784255981,0.9343562126159668,0.11617116930372928,,,,,,,,onnx:C:/SIH26052_data/mid/model_wide32_mid_simple.onnx,siren/0103,siren,8224,8.88,0,True,2.591960999998264,0.647990249999566
1.9876208305358887,2.6527111530303955,0.9401346811564127,0.8761372466695028,10.324773624396348,10.660007415124298,11.909297874097268,True,1.0729527473449707,1.8817059993743896,0.8937790360618202,0.7846758337046265,2.2698840471637514,2.314544377085526,5.6372808853364536,8.345463038038773,8.054889577232597,0.914668083190918,0.7710051536560059,0.04635564509459256,,,,,,,,onnx:C:/SIH26052_data/mid/model_wide32_mid_simple.onnx,siren/0104,siren,237,14.39,0,True,2.586725300003309,0.6466813250008272
3.250373125076294,3.6572043895721436,0.9662727489459291,0.9062638098066093,19.020930343618478,18.96002432503922,13.314780583365595,True,1.575438380241394,2.5660603046417236,0.9366592566009059,0.7963774358323152,13.706145302816054,13.701535249915302,6.939356710510821,5.258489075123919,5.314785040802423,1.6749347448349,1.09114408493042,0.029613492345023196,,,,,,,,onnx:C:/SIH26052_data/mid/model_wide32_mid_simple.onnx,siren/0105,siren,4992,13.95,0,False,2.5893987999879755,0.6473496999969939
1.4058947563171387,1.6503667831420898,0.7408684227968254,0.4408042301096628,3.5654361457265953,4.9252796348582475,2.642790857409149,True,1.0892384052276611,1.4002318382263184,0.6448611412121544,0.29600078795749957,-6.6599907634687305,-7.369034454542456,-7.690637277073885,12.294314089400704,10.225426909195326,0.31665635108947754,0.2501349449157715,0.09600728158467098,,,,,,,,onnx:C:/SIH26052_data/mid/model_wide32_mid_simple.onnx,siren/0106,siren,5105,13.66,0,True,2.58459630003199,0.6461490750079975
2.790644407272339,3.329519033432007,0.9640604948744351,0.9132869579822165,16.904939964745772,16.992135255885852,17.692913874135687,True,2.396843910217285,3.165606737136841,0.932297735213905,0.8864326708570762,15.705858619653345,15.68210069335169,20.142258417537533,1.3100345625341614,1.1990813450924271,0.3938004970550537,0.16391229629516602,0.031762759660530104,,,,,,,,onnx:C:/SIH26052_data/mid/model_wide32_mid_simple.onnx,siren/0107,siren,1221,15.68,0,False,2.5931487000198103,0.6482871750049526
2.036715030670166,2.562112331390381,0.9542505758129635,0.85555857499434,13.28369108788267,13.423420214161318,9.071327411886285,True,1.3560856580734253,1.9297473430633545,0.9343996420437641,0.7410580076132565,9.84980031667855,10.001094225228941,3.921370823680928,3.4223259889323767,3.433890771204119,0.6806293725967407,0.6323649883270264,0.01985093376919933,,,,,,,,onnx:C:/SIH26052_data/mid/model_wide32_mid_simple.onnx,siren/0108,siren,3570,19.73,0,True,2.571436600002926,0.6428591500007315
2.9724321365356445,3.465205192565918,0.9777515706220056,0.9479928903113193,20.02977931736648,20.003945980419875,17.986341517191125,True,1.4241552352905273,2.319218397140503,0.9497419131038906,0.8701069149246844,14.959517815988661,14.959009291688535,15.225993923055787,5.04493668873134,5.070261501377818,1.5482769012451172,1.145986795425415,0.028009657518115016,,,,,,,,onnx:C:/SIH26052_data/mid/model_wide32_mid_simple.onnx,siren/0109,siren,6829,15.37,0,False,2.5333345000399277,0.6333336250099819
3.022355318069458,3.4691483974456787,0.9859590378005995,0.9600386287575278,16.308865070179777,16.388009529727537,12.48067272507149,True,1.6776890754699707,2.477548122406006,0.9611376970212581,0.8714141265801549,9.494521162415559,9.493186068156183,5.457223914626067,6.894823461571354,6.8143439077642185,1.3446662425994873,0.9916002750396729,0.024821340779341394,,,,,,,,onnx:C:/SIH26052_data/mid/model_wide32_mid_simple.onnx,siren/0110,siren,8455,10.6,0,False,2.556646000011824,0.639161500002956
2.0864455699920654,2.4579944610595703,0.8830216623196682,0.8046590999285309,12.2206945733709,12.457947948864295,10.495008725757812,True,1.1365423202514648,1.4155492782592773,0.7619571904957977,0.6009639102599652,4.028091689971628,3.9862232979927716,0.64355122904406,8.471724650871522,8.192602883399271,0.9499032497406006,1.042445182800293,0.12106447182387048,,,,,,,,onnx:C:/SIH26052_data/mid/model_wide32_mid_simple.onnx,siren/0111,siren,1580,3.99,0,False,2.6178014999604784,0.6544503749901196
2.1368682384490967,2.4343526363372803,0.9308018833564299,0.884613584941176,14.596512210663912,14.676303575697991,12.35758694530747,True,1.3243014812469482,1.7221720218658447,0.8973520464933871,0.7508702801362115,7.847942961380357,7.861056508791818,4.470310536832412,6.815247066906173,6.7485692492835545,0.8125667572021484,0.7121806144714355,0.033449836863042814,,,,,,,,onnx:C:/SIH26052_data/mid/model_wide32_mid_simple.onnx,siren/0112,siren,8455,7.86,0,False,2.590433800010942,0.6476084500027355
1.7967479228973389,2.5336387157440186,0.9218346755444835,0.7736697074334143,10.874934892015203,11.194706067732621,8.400445356202473,True,1.2257153987884521,1.621509313583374,0.8582834169093313,0.5451943466580661,5.542103154403659,5.489433712740704,1.7689258421669227,5.7052723549919175,5.332831737611544,0.5710325241088867,0.9121294021606445,0.06355125863515221,,,,,,,,onnx:C:/SIH26052_data/mid/model_wide32_mid_simple.onnx,siren/0113,siren,4446,5.7,0,False,2.6272687999880873,0.6568171999970218
2.282114028930664,3.0687170028686523,0.9275686508260986,0.8151668728619506,15.294814980911816,15.373102960523646,9.694160571562053,True,1.4716417789459229,2.304764986038208,0.8527901937131569,0.6678707140415656,10.425286755120048,10.471061031788778,3.977539032190935,4.902041928734867,4.869528225791768,0.8104722499847412,0.7639520168304443,0.07477845711294173,,,,,,,,onnx:C:/SIH26052_data/mid/model_wide32_mid_simple.onnx,siren/0114,siren,3729,17.99,0,True,2.717405700008385,0.6793514250020962
3.220306396484375,3.4402778148651123,0.9378662204477926,0.8928620002927311,9.88287762140639,10.214076262251329,9.86663120477581,True,1.9384737014770508,2.4793081283569336,0.9219699170880356,0.8640789031736251,3.9007431116428446,4.2478754094013,7.627480339397389,5.9662008528500285,5.982134509763545,1.2818326950073242,0.9609696865081787,0.015896303359757002,,,,,,,,onnx:C:/SIH26052_data/mid/model_wide32_mid_simple.onnx,siren/0115,siren,1284,8.03,0,True,2.7030356000177562,0.6757589000044391
3.154310941696167,3.5172126293182373,0.9852732469401715,0.9644895630011703,22.041869620558792,21.97376553114776,20.418238028540735,True,1.4909191131591797,2.091359853744507,0.9686669067704298,0.8872091002959926,8.347710863834797,8.340056914321925,16.480814219113714,13.633708616825833,13.694158756723995,1.6633918285369873,1.4258527755737305,0.016606340169741718,,,,,,,,onnx:C:/SIH26052_data/mid/model_wide32_mid_simple.onnx,siren/0116,siren,4992,9.08,0,False,2.6887989999959245,0.6721997499989811
1.9249142408370972,2.266801357269287,0.8908556257228741,0.7985557179098328,14.57019844579781,14.665555889293833,9.353442438795073,True,1.063826560974121,1.3544034957885742,0.8015965009109945,0.5511903018555963,6.961542017727983,6.9407118381395865,1.2390731225839602,7.724844051154246,7.6086564280698274,0.8610876798629761,0.9123978614807129,0.08925912481187959,,,,,,,,onnx:C:/SIH26052_data/mid/model_wide32_mid_simple.onnx,siren/0117,siren,4992,15.51,0,True,2.6562389000318944,0.6640597250079736
1.546770453453064,2.324589967727661,0.800060301982397,0.6716524903335904,8.593241870911328,9.041747167328385,8.124522865398276,True,1.0317978858947754,1.2745354175567627,0.6863679920050064,0.47311256216019565,2.7014748101303745,2.666247467632123,-0.12355054871440041,6.375499699696261,5.891767060780953,0.5149725675582886,1.0500545501708984,0.11369230997739055,,,,,,,,onnx:C:/SIH26052_data/mid/model_wide32_mid_simple.onnx,siren/0118,siren,2094,9.75,0,True,2.5541970999911427,0.6385492749977857
2.2977793216705322,2.652921676635742,0.8578462012697207,0.7549000518102071,12.279383766486912,12.435497000272255,12.794964851717026,True,1.126295804977417,1.2494289875030518,0.787081881858955,0.6377343974018603,4.666211755248623,4.6777495269452825,6.568310425310588,7.7577474733269725,7.613172011238289,1.1714835166931152,1.4034926891326904,0.07076431941076566,,,,,,,,onnx:C:/SIH26052_data/mid/model_wide32_mid_simple.onnx,siren/0119,siren,7729,5.15,0,False,2.552494499948807,0.6381236249872018
1.041017770767212,1.0669807195663452,0.43750634922965964,0.2348146818313847,-5.540189227160829,-1.5667445335121037,-2.565792321925359,True,1.0613131523132324,1.0784775018692017,0.522945164127108,0.26280084883954696,-5.6532583915649015,-5.815024382449424,-6.569495554909111,4.248279848937321,0.11306916440407289,-0.020295381546020508,-0.011496782302856445,-0.08543881489744837,,,,,,,,onnx:C:/SIH26052_data/mid/model_wide32_mid_simple.onnx,babble/0000,babble,5683,0.64,0,True,2.6441454999730922,0.6610363749932731
1.744821310043335,2.4957263469696045,0.8947726778822589,0.776409246198231,6.4069262621019485,7.250007043922498,5.368771720834506,True,1.2409225702285767,1.7585680484771729,0.7970104846348928,0.5978297775966392,3.0630540943502065,2.8864467143186454,-0.4374917736214268,4.363560329603852,3.343872167751742,0.5038987398147583,0.7371582984924316,0.09776219324736612,,,,,,,,onnx:C:/SIH26052_data/mid/model_wide32_mid_simple.onnx,babble/0001,babble,3570,11.32,0,True,2.6140827999915928,0.6535206999978982
1.116355299949646,1.32784104347229,0.6041362566078432,0.28426794235263286,2.3418385974391924,4.335473704904752,1.1211452366926207,True,1.0743920803070068,1.3560593128204346,0.5998717889226853,0.2696548270551318,-2.3951607239953367,-2.4549364104436497,-5.603132238080307,6.7904101153484016,4.73699932143453,0.04196321964263916,-0.02821826934814453,0.004264467685157869,,,,,,,,onnx:C:/SIH26052_data/mid/model_wide32_mid_simple.onnx,babble/0002,babble,8463,2.47,0,True,2.636228299990762,0.6590570749976905
3.472959041595459,3.848026990890503,0.9613919961871074,0.9001667132852605,23.820456272990125,23.734599597037853,19.700670702571355,True,1.4501848220825195,2.4345192909240723,0.9346318297838164,0.8426305609957913,9.044637455791436,9.047361205823613,11.491030426532147,14.68723839121424,14.775818817198688,2.0227742195129395,1.4135076999664307,0.02676016640329093,,,,,,,,onnx:C:/SIH26052_data/mid/model_wide32_mid_simple.onnx,babble/0003,babble,4507,11.32,0,False,2.624814100039657,0.6562035250099143
1.4823830127716064,2.0929081439971924,0.8066820281768639,0.6496701019670937,4.557134544591089,5.570842835253322,5.284307612060238,True,1.1199333667755127,1.6245083808898926,0.7729906875047904,0.5695377399519137,2.500663230195771,3.4452738645559378,3.010665159510007,2.1255689706973846,2.056471314395318,0.36244964599609375,0.4683997631072998,0.033691340672073467,,,,,,,,onnx:C:/SIH26052_data/mid/model_wide32_mid_simple.onnx,babble/0004,babble,7127,17.59,0,True,2.615802199987229,0.6539505499968072
2.369595766067505,3.109894275665283,0.9773429454960542,0.9417044982096906,18.934638283458114,18.892026940015025,16.399261440831285,True,1.448832392692566,2.1257715225219727,0.9680557182343751,0.9097704793410535,16.757671293530233,16.78036636606519,14.295812251500923,2.111660573949834,2.1769669899278803,0.920763373374939,0.9841227531433105,0.009287227261679076,,,,,,,,onnx:C:/SIH26052_data/mid/model_wide32_mid_simple.onnx,babble/0005,babble,1320,16.99,0,False,2.5948885999969207,0.6487221499992302
2.0403404235839844,2.9484755992889404,0.9657888681101001,0.869405581298142,12.97865222406508,13.150016137549363,8.380987057948527,True,1.461635708808899,2.0492262840270996,0.92480936619393,0.7345073771583016,6.512880971713322,6.536368658393284,3.4064517192377446,6.613647479156079,6.465771252351757,0.5787047147750854,0.8992493152618408,0.04097950191617017,,,,,,,,onnx:C:/SIH26052_data/mid/model_wide32_mid_simple.onnx,babble/0006,babble,8230,7.17,0,False,2.564853399991989,0.6412133499979973
1.618890404701233,2.0496790409088135,0.8290747696341388,0.6791901153876888,7.556244970469846,8.25194415994735,4.69000062046138,True,1.0473195314407349,1.2752487659454346,0.7152620890302414,0.46950202850336636,0.993683416311406,0.9019400780077118,-2.2055846625452857,7.3500040819396375,6.562561554158441,0.571570873260498,0.7744302749633789,0.11381268060389749,,,,,,,,onnx:C:/SIH26052_data/mid/model_wide32_mid_simple.onnx,babble/0007,babble,7729,1.48,0,False,2.5913631999865174,0.6478407999966294
1.160582423210144,1.4063924551010132,0.5844472531771608,0.3694039490386895,2.9047729717388178,4.68194356965343,1.6759963506288984,True,1.0722253322601318,1.3196666240692139,0.4922701319330985,0.259225653918789,-1.8406550590616066,-1.8452373573750511,-5.815614815255303,6.527180927028481,4.745428030800424,0.08835709095001221,0.08672583103179932,0.09217712124406235,,,,,,,,onnx:C:/SIH26052_data/mid/model_wide32_mid_simple.onnx,babble/0008,babble,4507,5.11,0,True,2.568044000014197,0.6420110000035493
3.4485409259796143,3.914705991744995,0.9660801023922956,0.9099172909888751,21.875445466811705,21.878296815519363,16.202859353926126,True,2.750558853149414,3.23602294921875,0.97395881633547,0.9144617498116074,18.775909935651107,18.771174846849338,13.19720104385936,3.1071219686700253,3.0995355311605977,0.6979820728302002,0.6786830425262451,-0.007878713943174409,,,,,,,,onnx:C:/SIH26052_data/mid/model_wide32_mid_simple.onnx,babble/0009,babble,3575,19.49,0,False,2.545325299957767,0.6363313249894418
1.9175238609313965,2.450326681137085,0.8759587864745367,0.8277973256462343,3.063244152415472,3.363939105317551,4.279410931493097,True,1.4803975820541382,2.0427355766296387,0.8523749215825493,0.7973752717054013,0.06427705961449132,0.06042453555243997,0.9393610106202465,3.303514569765111,2.9989670928009806,0.4371262788772583,0.4075911045074463,0.023583864891987383,,,,,,,,onnx:C:/SIH26052_data/mid/model_wide32_mid_simple.onnx,babble/0010,babble,4507,0.29,0,False,2.6212693999987096,0.6553173499996774
3.728799819946289,4.134571552276611,0.9842840254312222,0.9545655704124585,26.700317391876233,26.312081770986616,23.71453521489867,True,1.6550273895263672,3.680978536605835,0.9726048783259221,0.8890012395320668,18.8720104339493,18.87796092093193,21.391999248126137,7.434120850054686,7.828306957926934,2.073772430419922,0.45359301567077637,0.011679147105300047,,,,,,,,onnx:C:/SIH26052_data/mid/model_wide32_mid_simple.onnx,babble/0011,babble,3570,18.88,0,False,2.59454670001287,0.6486366750032175
2.281909465789795,3.042985439300537,0.9575664172260134,0.8896286782504196,14.025732501832827,14.167198402976698,8.264200227911541,True,1.9385451078414917,2.595067024230957,0.9400777573352789,0.8384243233099993,10.763784776747826,10.694401541586178,4.6356168650060585,3.4727968613905205,3.261947725085001,0.3433643579483032,0.4479184150695801,0.01748865989073456,,,,,,,,onnx:C:/SIH26052_data/mid/model_wide32_mid_simple.onnx,babble/0012,babble,908,16.96,0,True,2.5672920999932103,0.6418230249983026
2.465026617050171,2.7363579273223877,0.930214411063072,0.8605296685164807,12.525653493292621,12.746803928492854,10.448677034593734,True,1.6037328243255615,1.8561370372772217,0.8985500249584558,0.7402458324866777,0.9292351936797729,0.8960585613110149,-2.296065580640438,11.850745367181839,11.596418299612848,0.8612937927246094,0.880220890045166,0.03166438610461619,,,,,,,,onnx:C:/SIH26052_data/mid/model_wide32_mid_simple.onnx,babble/0013,babble,237,2.92,0,False,2.5722223999910057,0.6430555999977514
1.4591065645217896,1.9599483013153076,0.9045542069204977,0.7463090311160255,10.98815820846699,11.314190237928198,8.41556087893497,True,1.1866867542266846,1.6469180583953857,0.8375922716580945,0.5682455687812192,7.180248743424714,7.204279870371288,3.9445722733210866,4.10991036755691,3.8079094650422753,0.272419810295105,0.3130302429199219,0.06696193526240324,,,,,,,,onnx:C:/SIH26052_data/mid/model_wide32_mid_simple.onnx,babble/0014,babble,8463,7.36,0,False,2.6571509000496008,0.6642877250124002
1.4807132482528687,2.302525281906128,0.9221406352549422,0.8007383983826242,6.333464930887493,7.151287750452805,6.138035773587677,True,1.08830988407135,1.4752979278564453,0.7821847027028865,0.5410397221842025,-0.5784388079233542,-0.5553769925578937,-1.5511502611736758,7.706664743010698,6.911903738810847,0.39240336418151855,0.8272273540496826,0.13995593255205563,,,,,,,,onnx:C:/SIH26052_data/mid/model_wide32_mid_simple.onnx,babble/0015,babble,1089,4.58,0,True,2.6476406999863684,0.6619101749965921
2.5830423831939697,3.1286845207214355,0.9612471162896797,0.9031657520604828,18.94169486308893,18.88820865592599,15.590041665904037,True,1.671614646911621,2.332581043243408,0.9506847327567368,0.8427969733176955,16.650185332190222,16.6440034586985,13.068668139506695,2.2442051972274903,2.2915095308987077,0.9114277362823486,0.7961034774780273,0.01056238353294292,,,,,,,,onnx:C:/SIH26052_data/mid/model_wide32_mid_simple.onnx,babble/0016,babble,7176,16.7,0,False,2.635707800043747,0.6589269500109367
2.158579111099243,2.62780499458313,0.9320968369535021,0.8495673723699625,13.707710865287776,13.886921793476343,10.559947461917353,True,1.3602453470230103,1.9163455963134766,0.8788945350899687,0.7333386949929745,9.793799726648784,9.774733626525258,6.570190819529386,4.112188166951086,3.9139111386389924,0.7983337640762329,0.7114593982696533,0.05320230186353336,,,,,,,,onnx:C:/SIH26052_data/mid/model_wide32_mid_simple.onnx,babble/0017,babble,3575,9.77,0,False,2.6504886000184342,0.6626221500046086
1.7914783954620361,2.515911817550659,0.9136917341951959,0.7376752627266374,9.855451271335596,10.266248825749555,5.432574324064548,True,1.1004743576049805,1.8693082332611084,0.7990871286779884,0.538637598208074,3.7498058596079615,3.7821919571094575,0.20300954091775059,6.4840568686400974,6.105645411727634,0.6910040378570557,0.6466035842895508,0.11460460551720753,,,,,,,,onnx:C:/SIH26052_data/mid/model_wide32_mid_simple.onnx,babble/0018,babble,5105,9.5,0,True,2.5856382000492886,0.6464095500123221
1.1699132919311523,1.4055793285369873,0.6441733652924014,0.5136288131731066,3.004096967907744,5.944623759258242,6.464787344344048,True,1.098839521408081,1.6309351921081543,0.5957971390716508,0.37228382310283326,0.4579743753612217,1.6652807573818489,0.7843583729770792,4.279343001876393,2.546122592546522,0.07107377052307129,-0.225355863571167,0.04837622622075066,,,,,,,,onnx:C:/SIH26052_data/mid/model_wide32_mid_simple.onnx,babble/0019,babble,2830,3.43,0,True,2.550181100028567,0.6375452750071418
2.2669763565063477,2.7782392501831055,0.9319765852979802,0.8269238045027231,12.534279356458725,12.703414641695641,8.507527359941372,True,1.4717439413070679,1.9315859079360962,0.8698828185508587,0.6397515597405795,8.472640239642125,8.445524495691025,3.5072790989290756,4.257890146004616,4.0616391168166,0.7952324151992798,0.8466533422470093,0.062093766747121526,,,,,,,,onnx:C:/SIH26052_data/mid/model_wide32_mid_simple.onnx,babble/0020,babble,1089,16.26,0,True,2.550778800039552,0.637694700009888
2.8249905109405518,3.310594320297241,0.9428154122865251,0.8604236827977163,16.862812836049493,16.681967979811642,11.915565105432396,True,1.4882879257202148,2.1051578521728516,0.8862728096587938,0.6721340077187677,12.4281172114787,12.427345154663499,6.877641912801061,4.254622825148143,4.434695624570793,1.336702585220337,1.2054364681243896,0.05654260262773125,,,,,,,,onnx:C:/SIH26052_data/mid/model_wide32_mid_simple.onnx,babble/0021,babble,8463,12.52,0,False,2.5968733999761753,0.6492183499940438
1.2245049476623535,1.6478214263916016,0.7432716261765878,0.4783942550622529,2.4027764297170298,3.831675748549792,1.0720535960155393,True,1.118870735168457,1.455894947052002,0.690768894975019,0.4519140562149884,0.9177736322936342,1.5829146559110656,-1.6662886163693515,2.2487610926387265,1.4850027974233955,0.10563421249389648,0.1919264793395996,0.052502731201568786,,,,,,,,onnx:C:/SIH26052_data/mid/model_wide32_mid_simple.onnx,babble/0022,babble,7176,13.02,0,True,2.595163299993146,0.6487908249982866
1.0414904356002808,1.1090965270996094,0.20127727063161724,0.06148897510325989,-36.98704279903543,-0.33954230640738225,-3.7082911351173284,True,1.0404328107833862,1.1733663082122803,0.2703591462481814,0.022629000581417518,-19.470933481078873,-2.584734723447251,-8.002718043036573,2.2451924170398687,-17.516109317956555,0.0010576248168945312,-0.0642697811126709,-0.06908187561656418,,,,,,,,onnx:C:/SIH26052_data/mid/model_wide32_mid_simple.onnx,babble/0023,babble,2094,3.11,0,True,2.581555599987041,0.6453888999967603
1.249315857887268,1.6899166107177734,0.8630716200060468,0.577407964483758,5.366623854146859,6.464797873166178,3.9849037082485337,True,1.0780450105667114,1.2653614282608032,0.7144552723449754,0.40409935673385483,-0.415514374876096,-0.1985475777952358,-2.124551494794002,6.6633454509614145,5.782138229022955,0.17127084732055664,0.4245551824569702,0.14861634766107135,,,,,,,,onnx:C:/SIH26052_data/mid/model_wide32_mid_simple.onnx,babble/0024,babble,7176,0.47,0,False,2.578040399996098,0.6445100999990245
2.6516470909118652,3.2633562088012695,0.9228668425645528,0.7874602422257903,13.456326136156715,13.555368282805894,14.484323913114102,True,1.8177200555801392,2.1258981227874756,0.8424781315538881,0.6652444113008513,16.611920656178633,16.614472904872127,10.69627181598008,-3.059104622066233,-3.1555945200219178,0.8339270353317261,1.137458086013794,0.08038871101066469,,,,,,,,onnx:C:/SIH26052_data/mid/model_wide32_mid_simple.onnx,babble/0025,babble,6930,16.66,0,False,2.5792361999629065,0.6448090499907266
1.3108253479003906,1.7150230407714844,0.6789893232979577,0.5611551156296837,2.2692593765047855,4.1381271975164955,2.799875189289166,True,1.0872043371200562,1.4156064987182617,0.6549606492996563,0.46305962238991594,-1.8281646084575143,-1.354485775484874,-2.569315771860448,5.4926129730013695,4.097423984962299,0.22362101078033447,0.29941654205322266,0.024028673998301442,,,,,,,,onnx:C:/SIH26052_data/mid/model_wide32_mid_simple.onnx,babble/0026,babble,1580,6.32,0,True,2.5561678999802098,0.6390419749950524
1.5447397232055664,1.9792639017105103,0.8326842766575426,0.6841229217272895,5.444229114752275,6.531260114310982,5.074570679672414,True,1.1016342639923096,1.3858606815338135,0.6394357371590831,0.4319368226321595,-4.370229407983443,-5.701094220398342,-4.00158091530801,12.232354334709324,9.814458522735718,0.44310545921325684,0.5934032201766968,0.19324853949845955,,,,,,,,onnx:C:/SIH26052_data/mid/model_wide32_mid_simple.onnx,babble/0027,babble,4507,5.5,0,True,2.5526710000121966,0.6381677500030492
1.7638740539550781,2.3990254402160645,0.905866477581678,0.7803469451501931,9.52018674124684,9.962766189046887,6.5563601425446185,True,1.3285837173461914,1.955012321472168,0.808680615057749,0.6046700035304339,6.527357801264088,6.566360920406432,2.3222359436525535,3.3964052686404544,2.9928289399827523,0.4352903366088867,0.4440131187438965,0.09718586252392902,,,,,,,,onnx:C:/SIH26052_data/mid/model_wide32_mid_simple.onnx,babble/0028,babble,8230,14.94,0,True,2.5270548000116833,0.6317637000029208
1.4663195610046387,2.19149112701416,0.8229076120607806,0.6686326302954245,6.4259937252058075,7.150068738443461,4.272353876500114,True,1.0949293375015259,1.4688953161239624,0.7180904251829402,0.537675808945647,3.3652961071465963,3.2757301395783567,-0.11040697981973997,3.8743385988651045,3.060697618059211,0.3713902235031128,0.7225958108901978,0.10481718687784036,,,,,,,,onnx:C:/SIH26052_data/mid/model_wide32_mid_simple.onnx,babble/0029,babble,2094,13.59,0,True,2.5360058000078425,0.6340014500019606
1.4246296882629395,1.9431836605072021,0.7572501650152557,0.5286793837591534,7.131009449305775,7.899563215260428,3.765344648316433,True,1.053215742111206,1.3378159999847412,0.6133591467736711,0.3775352722187272,-2.669348908343148,-2.5619227128470317,-5.128785122786977,10.461485928107459,9.800358357648923,0.3714139461517334,0.6053676605224609,0.14389101824158457,,,,,,,,onnx:C:/SIH26052_data/mid/model_wide32_mid_simple.onnx,babble/0030,babble,3729,4.37,0,True,2.620358500047587,0.6550896250118967
2.1693923473358154,2.5902483463287354,0.9575698709746298,0.8871649016288216,8.798780363768598,7.794152949523579,5.813120278858636,True,1.2137048244476318,1.5593191385269165,0.9176410049350567,0.7343100310764586,5.17597447798763,1.0447868449082138,-1.6749633093876735,6.7493661046153655,3.622805885780968,0.9556875228881836,1.0309292078018188,0.03992886603957302,,,,,,,,onnx:C:/SIH26052_data/mid/model_wide32_mid_simple.onnx,babble/0031,babble,5639,14.86,0,True,2.5228541999822482,0.6307135499955621
2.47652530670166,3.097954511642456,0.8768905368606759,0.7894105473001155,13.789365161106808,13.926838333870323,9.28757429951619,True,1.5498452186584473,2.400109052658081,0.8092994545181678,0.6837269330347197,7.598549786603427,7.639243335095892,3.4330075042181325,6.2875949987744315,6.190815374503381,0.9266800880432129,0.697845458984375,0.0675910823425081,,,,,,,,onnx:C:/SIH26052_data/mid/model_wide32_mid_simple.onnx,babble/0032,babble,4507,13.04,0,True,2.5824265999835916,0.6456066499958979
1.7543089389801025,2.5842883586883545,0.9008542712563696,0.7178905956341397,9.391269477556813,9.848425798118019,5.934733165071412,True,1.0767979621887207,1.5475287437438965,0.7698103100120485,0.48448989743521687,-3.3515967272785203,-3.3962897088504485,-4.245242537248252,13.244715506968467,12.742866204835334,0.6775109767913818,1.036759614944458,0.13104396124432116,,,,,,,,onnx:C:/SIH26052_data/mid/model_wide32_mid_simple.onnx,babble/0033,babble,7176,3.62,0,True,2.5844549000030383,0.6461137250007596
1.7987052202224731,2.303534984588623,0.8835639124476262,0.77603370304593,10.566991300639948,10.754317468395255,8.229705754687865,True,1.0735266208648682,1.5170223712921143,0.798089673989833,0.616273645250841,4.106872134542033,4.04417610550745,1.7088542933045532,6.710141362887805,6.460119166097916,0.725178599357605,0.7865126132965088,0.08547423845779323,,,,,,,,onnx:C:/SIH26052_data/mid/model_wide32_mid_simple.onnx,babble/0034,babble,3570,4.41,0,False,2.5647985999821685,0.6411996499955421
2.9377458095550537,3.470133066177368,0.9797097497175192,0.9510883192981718,14.080386470317421,14.09367595426794,14.895564909198779,True,1.9485852718353271,2.6742806434631348,0.9851887061248791,0.9157429201867495,9.647962077149119,9.692303886260401,10.875346851093399,4.401372068007539,4.4324243931683025,0.9891605377197266,0.7958524227142334,-0.005478956407359847,,,,,,,,onnx:C:/SIH26052_data/mid/model_wide32_mid_simple.onnx,babble/0035,babble,6829,10.11,0,False,2.6010803999961354,0.6502700999990338
1.5623128414154053,2.240854263305664,0.8405250502859737,0.6404610224088494,7.233469994229427,7.735966273747804,4.750767311581602,True,1.113831877708435,1.5133872032165527,0.6730421724573982,0.37773355762426314,1.946789366137566,2.109166149271675,-1.243974190657241,5.626800124476129,5.286680628091862,0.4484809637069702,0.7274670600891113,0.16748287782857552,,,,,,,,onnx:C:/SIH26052_data/mid/model_wide32_mid_simple.onnx,babble/0036,babble,1320,4.77,0,True,2.5617376000154763,0.6404344000038691
2.43133282661438,2.8356716632843018,0.8982426291226577,0.7829810413708745,13.252463140279245,13.402643621360252,9.400353661148417,True,1.2615495920181274,1.6951828002929688,0.7765602723782892,0.591467720455293,7.922165089754609,7.899678164637893,4.692857551223819,5.502965456722358,5.330298050524636,1.1697832345962524,1.140488862991333,0.12168235674436856,,,,,,,,onnx:C:/SIH26052_data/mid/model_wide32_mid_simple.onnx,babble/0037,babble,1089,9.16,0,False,2.5342951000202447,0.6335737750050612
1.8321576118469238,2.3274290561676025,0.8177038143345488,0.7182947407863016,5.149600220583243,6.012806951957278,5.590414206133971,True,1.1287263631820679,1.4796086549758911,0.7580867143774632,0.6119650294852925,1.7071495625998823,1.9336592432664401,-1.5383695537337092,4.079147708690837,3.4424506579833603,0.703431248664856,0.8478204011917114,0.05961709995708553,,,,,,,,onnx:C:/SIH26052_data/mid/model_wide32_mid_simple.onnx,babble/0038,babble,8555,11.01,0,True,2.5645283000194468,0.6411320750048617
2.702024221420288,3.46439790725708,0.9597792097600503,0.889947758849022,17.98674547538989,17.89691143398405,12.858512288870076,True,1.6443649530410767,2.196345806121826,0.9062806807140231,0.7281111036927987,14.087048743777284,14.084562845981111,10.507763509963631,3.8123485880029406,3.899696731612604,1.0576592683792114,1.268052101135254,0.05349852904602714,,,,,,,,onnx:C:/SIH26052_data/mid/model_wide32_mid_simple.onnx,babble/0039,babble,260,16.23,0,False,2.5204475999926217,0.6301118999981554
1.8375523090362549,2.676881790161133,0.9227120862002532,0.7631645114245812,10.597285331416371,10.91587841190602,6.779204318062277,True,1.282012701034546,1.9661633968353271,0.8800945256528772,0.6227243891032345,6.881382514788851,6.933303747791052,1.7941664895698721,3.982574664114968,3.71590281662752,0.555539608001709,0.7107183933258057,0.04261756054737609,,,,,,,,onnx:C:/SIH26052_data/mid/model_wide32_mid_simple.onnx,babble/0040,babble,6829,16.1,0,True,2.540551099984441,0.6351377749961102
3.1025333404541016,3.6138827800750732,0.9918511968571591,0.9700574071735792,19.60270749793748,19.527059232636844,14.717380536238085,True,1.9521815776824951,2.4332056045532227,0.9814617316469872,0.9219126998256147,17.062888959066733,17.072394326334003,11.730611953310005,2.454664906302842,2.5398185388707475,1.1503517627716064,1.1806771755218506,0.010389465210171811,,,,,,,,onnx:C:/SIH26052_data/mid/model_wide32_mid_simple.onnx,babble/0041,babble,1320,17.19,0,False,2.5575682999915443,0.6393920749978861
2.589231491088867,3.0490808486938477,0.9795043314056705,0.9263513677369327,21.3661425491146,21.245808837221844,16.34725945247289,True,1.8158488273620605,2.495565176010132,0.9809997032476547,0.9022146238493961,18.986069355645135,18.981932194298363,13.56448678734672,2.2638766429234813,2.380073193469464,0.7733826637268066,0.5535156726837158,-0.0014953718419842277,,,,,,,,onnx:C:/SIH26052_data/mid/model_wide32_mid_simple.onnx,babble/0042,babble,5639,19.6,0,False,2.524127699958626,0.6310319249896565
2.1910183429718018,3.5611014366149902,0.9925537928054173,0.9485750681736993,22.019425345496643,22.0051036941415,17.180893714086917,True,1.7171880006790161,2.8834612369537354,0.9904206834824341,0.909903590540993,18.629515944649828,18.60334502226256,14.182340151054435,3.401758671878941,3.3899094008468147,0.47383034229278564,0.6776401996612549,0.002133109322983273,,,,,,,,onnx:C:/SIH26052_data/mid/model_wide32_mid_simple.onnx,babble/0043,babble,3570,19.02,0,False,2.5606080999714322,0.6401520249928581
1.480302333831787,2.133157730102539,0.6893027444262004,0.5201325329472067,5.940528410371936,6.911918892198747,4.096825972881219,True,1.1224533319473267,1.6156327724456787,0.5989257091870256,0.42670538003701713,2.1014514060237737,1.5705060822523211,-1.746334928324469,5.3414128099464255,3.8390770043481623,0.35784900188446045,0.5175249576568604,0.09037703523917484,,,,,,,,onnx:C:/SIH26052_data/mid/model_wide32_mid_simple.onnx,babble/0044,babble,672,11.33,0,True,2.5744876000098884,0.6436219000024721
3.802257776260376,3.9591500759124756,0.9758761265880028,0.9319161639174385,24.978072300100578,24.72355259329506,25.32274740605198,True,2.6540989875793457,3.2860758304595947,0.9591963414240092,0.8676854156504717,8.381050363236529,8.41115756010909,24.31556608901031,16.31239503318597,16.59702193686405,1.1481587886810303,0.6730742454528809,0.0166797851639936,,,,,,,,onnx:C:/SIH26052_data/mid/model_wide32_mid_simple.onnx,babble/0045,babble,4077,8.47,0,False,2.589461700001266,0.6473654250003165
2.917170524597168,3.3666529655456543,0.958003364085096,0.8875067355069017,14.892411692676912,15.012804148257706,12.200689692821484,True,1.6368117332458496,2.13970685005188,0.9320976098526018,0.7940333888220766,4.022968578566211,4.040462542544024,3.330038950347166,10.972341605713682,10.869443114110702,1.2803587913513184,1.2269461154937744,0.025905754232494194,,,,,,,,onnx:C:/SIH26052_data/mid/model_wide32_mid_simple.onnx,babble/0046,babble,5105,4.04,0,False,2.557972000038717,0.6394930000096792
1.3855282068252563,2.156789541244507,0.8546521588435434,0.6792923739086721,7.393356015475886,7.646499084836612,4.324346311168974,True,1.0603762865066528,1.5308659076690674,0.7923222682405023,0.5523128000569878,-4.208036615323824,-2.6796337754665784,-3.730138645662755,10.32613286030319,11.60139263079971,0.3251519203186035,0.6259236335754395,0.06232989060304106,,,,,,,,onnx:C:/SIH26052_data/mid/model_wide32_mid_simple.onnx,babble/0047,babble,7021,8.5,0,True,2.5269307999988087,0.6317326999997022
1.2943261861801147,1.7403732538223267,0.7406940079923175,0.5506876603195717,-2.5384492162109007,1.9216824843291136,2.4542589627026277,True,1.0948193073272705,1.3619379997253418,0.6199274075996491,0.40892629778315737,-3.5393570359040165,0.43456319172115393,0.399756467999536,1.4871192926079597,1.0009078196931158,0.19950687885284424,0.37843525409698486,0.1207666003926684,,,,,,,,onnx:C:/SIH26052_data/mid/model_wide32_mid_simple.onnx,babble/0048,babble,61,19.96,0,True,2.5371536999591626,0.6342884249897907
1.6628761291503906,2.7160253524780273,0.876491801483169,0.8102963639185707,16.658565602345515,16.745529821671234,13.565128767778615,True,1.147102952003479,1.527705430984497,0.7867303356163661,0.6722752832802943,7.145024598761189,7.135024756825604,3.9907723390314698,9.61050506484563,9.513541003584326,0.5157731771469116,1.1883199214935303,0.08976146586680289,,,,,,,,onnx:C:/SIH26052_data/mid/model_wide32_mid_simple.onnx,babble/0049,babble,5683,8.31,0,False,2.604026100016199,0.6510065250040498
1.5803284645080566,1.9809861183166504,0.8478329578328343,0.7074015533591826,10.355298223783162,10.738085784931338,9.746941208203316,True,1.2440475225448608,1.7465438842773438,0.8441469500161148,0.6142863153199652,7.002786173069877,7.016529041562124,6.708334988140462,3.721556743369214,3.352512050713285,0.3362809419631958,0.23444223403930664,0.003686007816719461,,,,,,,,onnx:C:/SIH26052_data/mid/model_wide32_mid_simple.onnx,babble/0050,babble,6930,7.19,0,False,2.614133499970194,0.6535333749925485
1.8155854940414429,2.416161060333252,0.9059643133213042,0.7746070954094765,7.052157801647635,7.699111392265366,6.074563643988678,True,1.323471188545227,1.7319365739822388,0.817870012851398,0.6096933721670093,3.4023986354313425,4.315691459955699,1.189724304504725,3.3834199323096676,3.6497591662162923,0.4921143054962158,0.6842244863510132,0.08809430046990618,,,,,,,,onnx:C:/SIH26052_data/mid/model_wide32_mid_simple.onnx,babble/0051,babble,8455,12.06,0,True,2.6485377000062726,0.6621344250015682
1.3027372360229492,1.866554856300354,0.8330146688956848,0.6775559090336963,3.6840311525249754,5.221778075912493,4.213825010870148,True,1.1665117740631104,1.5110173225402832,0.7011049527581263,0.4895471766228948,-7.359479712031588,-6.508706636732269,-2.9836731396127263,11.730484712644762,11.043510864556563,0.13622546195983887,0.3555375337600708,0.13190971613755842,,,,,,,,onnx:C:/SIH26052_data/mid/model_wide32_mid_simple.onnx,babble/0052,babble,2300,0.2,0,True,2.64290350000374,0.660725875000935
3.1532540321350098,3.5224273204803467,0.9572812470230525,0.8901957515438009,15.308281873549987,15.297671886914433,10.4382274290418,True,1.6526031494140625,2.1476528644561768,0.9180971950210318,0.7957625578171964,9.23487430966481,9.278905124946,2.3523632354938364,6.018766761968433,6.073407563885176,1.5006508827209473,1.37477445602417,0.039184052002020686,,,,,,,,onnx:C:/SIH26052_data/mid/model_wide32_mid_simple.onnx,babble/0053,babble,1284,9.28,0,False,2.6342316000373103,0.6585579000093276
2.5132274627685547,3.062188148498535,0.9446548577652364,0.890699623090722,16.66865305752097,16.684562446390835,14.06527721538092,True,1.208522081375122,1.6731228828430176,0.7914139048276569,0.5816013448978784,7.208676458043319,7.22573488412112,5.341158399866786,9.458827562269715,9.45997659947765,1.3047053813934326,1.3890652656555176,0.15324095293757944,,,,,,,,onnx:C:/SIH26052_data/mid/model_wide32_mid_simple.onnx,babble/0054,babble,8555,8.15,0,False,2.6203317000181414,0.6550829250045354
2.5279860496520996,3.157088279724121,0.9617159143525523,0.9091861386436123,12.483813398557022,12.721945690744185,9.793162189338492,True,1.1840850114822388,1.8132320642471313,0.9456754498526547,0.8376216030297818,8.85907659951999,8.848490052853386,5.227471841475356,3.8734556378907996,3.6247367990370325,1.3439010381698608,1.3438562154769897,0.0160404644998976,,,,,,,,onnx:C:/SIH26052_data/mid/model_wide32_mid_simple.onnx,babble/0055,babble,7729,8.99,0,False,2.603498700016644,0.650874675004161
1.3797698020935059,1.8525404930114746,0.7976819280496693,0.6199722495487362,7.5675400429646835,8.150399570146243,5.097649719715914,True,1.1106454133987427,1.501047134399414,0.7328947692967227,0.41572998740897016,5.017708824642575,4.9923062081934795,0.6566201468214046,3.158093361952764,2.549831218322108,0.2691243886947632,0.35149335861206055,0.0647871587529466,,,,,,,,onnx:C:/SIH26052_data/mid/model_wide32_mid_simple.onnx,babble/0056,babble,2830,4.99,0,False,2.6073580000083894,0.6518395000020973
1.0485154390335083,1.1502585411071777,0.4484889596950542,0.19487187544188633,-1.3350240890680287,1.8402849063251216,-0.23595267492529395,True,1.0409421920776367,1.0871275663375854,0.45353565245825134,0.12074744543352241,-6.203760112455172,-5.932084149718467,-6.855094953284137,7.772369056043589,4.868736023387143,0.007573246955871582,0.06313097476959229,-0.005046692763197136,,,,,,,,onnx:C:/SIH26052_data/mid/model_wide32_mid_simple.onnx,babble/0057,babble,6930,0.76,0,True,2.6169307999662124,0.6542326999915531
1.297271490097046,1.6235581636428833,0.7771953904020202,0.6656001130978649,6.849857679599363,7.613063637197245,6.435067785315881,True,1.0368517637252808,1.284319519996643,0.7507318053486381,0.5412071573104575,2.3998590217138083,2.468745501327361,0.7987538679303638,5.1443181358698835,4.449998657885555,0.26041972637176514,0.33923864364624023,0.026463585053382088,,,,,,,,onnx:C:/SIH26052_data/mid/model_wide32_mid_simple.onnx,babble/0058,babble,7729,3.17,0,False,2.608026600035373,0.6520066500088433
1.5111758708953857,2.0034255981445312,0.89881283631378,0.7704108465247193,9.086850922686281,9.532850061209105,6.8420751872486125,True,1.109021544456482,1.644538164138794,0.8128243209878288,0.574101941467078,4.616848267811709,4.249412015715403,0.37728927416781644,5.283438045493702,4.470002654874572,0.4021543264389038,0.3588874340057373,0.0859885153259512,,,,,,,,onnx:C:/SIH26052_data/mid/model_wide32_mid_simple.onnx,babble/0059,babble,3570,15.16,0,True,2.5398216000176035,0.6349554000044009
1.9668421745300293,2.5125222206115723,0.9005935603426866,0.7977878567462592,9.026902161542221,9.460103255740934,8.197187539723297,True,1.114520788192749,1.6644186973571777,0.8519586440119525,0.7353745211971375,7.282724772592021,7.419033744850465,5.178266469959427,2.0410695108904697,1.7441773889502006,0.8523213863372803,0.8481035232543945,0.048634916330734024,,,,,,,,onnx:C:/SIH26052_data/mid/model_wide32_mid_simple.onnx,babble/0060,babble,5639,16.86,0,True,2.550104999972973,0.6375262499932433
2.9395012855529785,3.6134626865386963,0.9751451787752349,0.9190849814025375,14.144124567440436,14.308156400168567,11.947796576891777,True,1.9277427196502686,2.8161680698394775,0.9672470114896726,0.8853906501201986,10.43860850489965,10.446628807889507,8.932299694597079,3.86152759227906,3.705516062540786,1.01175856590271,0.7972946166992188,0.007898167285562252,,,,,,,,onnx:C:/SIH26052_data/mid/model_wide32_mid_simple.onnx,babble/0061,babble,7729,11.96,0,False,2.553629700036254,0.6384074250090634
1.449987530708313,1.9013535976409912,0.7336950390440636,0.4405646607543301,2.5869725411883078,4.440248564622377,2.174922835941548,True,1.243436574935913,1.6707265377044678,0.6667322627751248,0.31874465161818283,-0.2846522184655771,-0.23773728873712205,-4.584721308690068,4.677985853359499,2.871624759653885,0.2065509557723999,0.23062705993652344,0.06696277626893887,,,,,,,,onnx:C:/SIH26052_data/mid/model_wide32_mid_simple.onnx,babble/0062,babble,7127,8.06,0,True,2.6059527000179514,0.6514881750044879
2.4921507835388184,2.939819574356079,0.9717984344374775,0.9235397799275624,9.582930336781963,9.976847546025986,10.39689723256639,True,1.502960205078125,1.9581918716430664,0.9472437121255766,0.8257799335671573,7.526286083826017,7.429559777683864,6.237339768842878,2.5472877683421222,2.0566442529559463,0.9891905784606934,0.9816277027130127,0.024554722311900923,,,,,,,,onnx:C:/SIH26052_data/mid/model_wide32_mid_simple.onnx,babble/0063,babble,5142,11.83,0,True,2.561634000041522,0.6404085000103805
2.5318915843963623,2.8231542110443115,0.939452618181091,0.9241779099485675,16.98287992557721,17.030550713372037,18.17357071921436,True,1.921356201171875,2.488572835922241,0.9511714137123383,0.8947019672369583,17.137749446296024,17.134365283646808,13.625964980454686,-0.10381457027477126,-0.15486952071881532,0.6105353832244873,0.3345813751220703,-0.011718795531247217,,,,,,,,onnx:C:/SIH26052_data/mid/model_wide32_mid_simple.onnx,babble/0064,babble,1995,17.71,0,False,2.576171200023964,0.644042800005991
1.7790863513946533,2.3101389408111572,0.8897254652719506,0.7585947559089042,14.558522427149565,14.694490543485124,10.857029189282107,True,1.1001224517822266,1.5038657188415527,0.8483317278496832,0.5752081023111557,7.2954848328601845,7.315454484683101,2.9292315451340882,7.379036058802023,7.263037594289381,0.6789638996124268,0.8062732219696045,0.041393737422267374,,,,,,,,onnx:C:/SIH26052_data/mid/model_wide32_mid_simple.onnx,babble/0065,babble,7021,8.8,0,False,2.5471945999888703,0.6367986499972176
1.5291893482208252,1.9014089107513428,0.6715453581633282,0.43823121832945805,8.610784620422388,7.818347818740357,2.8300729929262327,True,1.1269159317016602,1.6680078506469727,0.5690025072718792,0.21859777561919497,0.8401737200619329,1.1212590374061857,-3.9278941553371247,6.697088781334171,7.770610900360455,0.40227341651916504,0.23340106010437012,0.10254285089144899,,,,,,,,onnx:C:/SIH26052_data/mid/model_wide32_mid_simple.onnx,babble/0066,babble,5105,7.38,0,True,2.5308639999711886,0.6327159999927972
2.6382651329040527,3.099064588546753,0.9342718582053082,0.898340364228321,15.069404486748939,15.085734197597025,13.27221401607563,True,1.2787327766418457,1.6469802856445312,0.8048297179406023,0.6581215152279223,1.756629717907681,1.839772922230356,2.0297679867655574,13.24596127536667,13.312774768841258,1.359532356262207,1.4520843029022217,0.1294421402647059,,,,,,,,onnx:C:/SIH26052_data/mid/model_wide32_mid_simple.onnx,babble/0067,babble,8555,4.53,0,True,2.5377063999767415,0.6344265999941854
1.468330979347229,1.8872791528701782,0.7170218525938515,0.5709656415194116,8.562680760521088,9.066773179606399,5.132250846219463,True,1.092353343963623,1.3706023693084717,0.5715638596478009,0.38835172184666017,1.5836559478808039,1.5888375553419256,-2.764944930194205,7.4779356242644734,6.979024812640285,0.37597763538360596,0.5166767835617065,0.14545799294605066,,,,,,,,onnx:C:/SIH26052_data/mid/model_wide32_mid_simple.onnx,babble/0068,babble,2961,1.59,0,False,2.5795832000439987,0.6448958000109997
1.563783049583435,1.912795066833496,0.8028724133350955,0.6249638071307694,9.38796109657969,9.849115055383521,5.67670674649059,True,1.0301827192306519,1.2498894929885864,0.7310573065611251,0.4910881704543535,1.4731081544265336,1.5208009400331073,-1.9759256184820835,8.328314115350414,7.914852942153157,0.5336003303527832,0.6629055738449097,0.0718151067739704,,,,,,,,onnx:C:/SIH26052_data/mid/model_wide32_mid_simple.onnx,babble/0069,babble,237,2.38,0,False,2.5561651999596506,0.6390412999899127
2.149688243865967,2.705583333969116,0.8964876615998446,0.8322842144633402,13.467868339540136,13.574226838746132,16.106897749163874,True,1.282911777496338,1.9234740734100342,0.8492189331698168,0.7733622864490161,16.583605260722592,16.563526168933503,12.839683909824927,-2.9892993301873716,-3.1157369211824566,0.8667764663696289,0.782109260559082,0.04726872843002783,,,,,,,,onnx:C:/SIH26052_data/mid/model_wide32_mid_simple.onnx,babble/0070,babble,8555,17.51,0,False,2.543675599968992,0.635918899992248
1.152221441268921,1.3567407131195068,0.6579953983108078,0.3578662594223431,-2.8271583277020635,1.0551921774997803,-0.08342460161031938,True,1.044019103050232,1.3557374477386475,0.6357286205822658,0.26385836041332167,-6.96100122809087,-6.740273655155313,-5.7640916203076715,7.795465832655093,4.133842900388807,0.10820233821868896,0.001003265380859375,0.02226677772854202,,,,,,,,onnx:C:/SIH26052_data/mid/model_wide32_mid_simple.onnx,babble/0071,babble,7021,11.24,0,True,2.57188549998682,0.642971374996705
1.0836138725280762,1.1615626811981201,0.5038247555339599,0.2973403266051098,-4.892856438156528,1.113572118494488,0.3053788988631338,True,1.0346249341964722,1.1286933422088623,0.4323851937308682,0.1918538167475834,-17.990015632524656,-13.173498428959537,-9.126037088714353,14.287070547454025,13.097159194368128,0.048988938331604004,0.03286933898925781,0.07143956180309169,,,,,,,,onnx:C:/SIH26052_data/mid/model_wide32_mid_simple.onnx,babble/0072,babble,7176,0.23,0,True,2.555439000017941,0.6388597500044852
1.7578980922698975,2.525287389755249,0.9290150144746578,0.7773091184128729,4.996899156922572,5.4789579004670586,7.332178882046365,True,1.2749981880187988,1.867762565612793,0.8575645257526942,0.7405104464202807,0.15236123513988784,0.10922295379912636,0.6269400465854069,5.369734946667932,4.844537921782684,0.48289990425109863,0.657524824142456,0.07145048872196369,,,,,,,,onnx:C:/SIH26052_data/mid/model_wide32_mid_simple.onnx,babble/0073,babble,7127,1.22,0,False,2.5922395000234246,0.6480598750058562
1.9700911045074463,2.761913776397705,0.9193465998560247,0.7788316323946592,7.825914869567056,8.405633314486117,5.815015823835709,True,1.6455621719360352,2.22406268119812,0.889277724700026,0.6874555831769396,6.064124833047232,6.222251501102706,2.0691378344711757,2.183381813383411,1.761790036519824,0.32452893257141113,0.537851095199585,0.030068875155998764,,,,,,,,onnx:C:/SIH26052_data/mid/model_wide32_mid_simple.onnx,babble/0074,babble,7127,13.0,0,True,2.599913000012748,0.649978250003187
1.9435333013534546,2.5611321926116943,0.9136698031112374,0.8032194496359331,11.37822340296328,11.6821536432018,8.209510201320931,True,1.047435998916626,1.5920703411102295,0.8356763191361044,0.6451589051396961,-0.44148708467635306,-0.3913380982159593,-0.23181378958690205,12.07349174141776,11.819710487639634,0.8960973024368286,0.9690618515014648,0.07799348397513295,,,,,,,,onnx:C:/SIH26052_data/mid/model_wide32_mid_simple.onnx,babble/0075,babble,237,5.24,0,True,2.5525657000252977,0.6381414250063244
1.6479088068008423,2.4027936458587646,0.8818995385472009,0.686487715818046,10.287236149962967,10.640306798259438,7.292779302054021,True,1.1279841661453247,1.5068550109863281,0.7888277154576072,0.5235246791765996,6.001754439570868,5.884664691571176,2.389010830674715,4.755642106688262,4.285481710392099,0.5199246406555176,0.8959386348724365,0.09307182308959372,,,,,,,,onnx:C:/SIH26052_data/mid/model_wide32_mid_simple.onnx,babble/0076,babble,6930,12.57,0,True,2.5653279999969527,0.6413319999992382
2.311586380004883,2.751291275024414,0.9423258225648379,0.8641621175132985,12.931754179790449,13.11774686679646,10.516901183401567,True,1.243316411972046,1.586966872215271,0.8788438576632197,0.6847236544287414,2.585067075470833,2.567881577700743,0.1457969825380677,10.549865289095717,10.346687104319615,1.068269968032837,1.164324402809143,0.06348196490161817,,,,,,,,onnx:C:/SIH26052_data/mid/model_wide32_mid_simple.onnx,babble/0077,babble,7729,2.84,0,False,2.5365136999753304,0.6341284249938326
2.5007734298706055,3.2673871517181396,0.9361883897821094,0.864279205687961,14.305490777818822,14.453525959701459,9.633236371039667,True,1.3758430480957031,2.0478076934814453,0.8970284704834076,0.7674668037847353,10.45854969445913,10.468646814472473,5.866429567015406,3.9848791452289856,3.8469410833596918,1.1249303817749023,1.2195794582366943,0.03915991929870177,,,,,,,,onnx:C:/SIH26052_data/mid/model_wide32_mid_simple.onnx,babble/0078,babble,237,10.6,0,False,2.5750733999884687,0.6437683499971172
1.169758677482605,1.6214957237243652,0.8203463964938698,0.611240642675438,0.7213937585107734,2.8565068887043603,2.465750639529175,True,1.0326467752456665,1.4603090286254883,0.702636665172111,0.49851654346026913,-7.595114349081939,-8.081313406139586,-6.4701267507717715,10.937820294843945,8.316508107592712,0.13711190223693848,0.16118669509887695,0.11770973132175877,,,,,,,,onnx:C:/SIH26052_data/mid/model_wide32_mid_simple.onnx,babble/0079,babble,61,4.87,0,True,2.6014842999866232,0.6503710749966558
1.190178632736206,1.3877485990524292,0.7526343516741927,0.5559463876652794,2.8957523524194877,4.439181806406299,3.0980910956621917,True,1.0400137901306152,1.1979217529296875,0.6136563765187768,0.31105681019276743,-9.572732541204838,-9.566575041304242,-8.224152678990427,14.00575684771054,12.468484893624325,0.15016484260559082,0.1898268461227417,0.13897797515541588,,,,,,,,onnx:C:/SIH26052_data/mid/model_wide32_mid_simple.onnx,babble/0080,babble,4992,5.04,0,True,2.586387299990747,0.6465968249976868
2.070488691329956,2.861096143722534,0.8088794260104858,0.7262071924015642,14.168991759926719,14.205638499331595,11.540398717074108,True,1.2547616958618164,2.0687179565429688,0.7105346903167435,0.5648093267673016,11.613214346362211,11.645108730977869,7.364330643235813,2.5605297683537263,2.555777413564508,0.8157269954681396,0.7923781871795654,0.09834473569374225,,,,,,,,onnx:C:/SIH26052_data/mid/model_wide32_mid_simple.onnx,babble/0081,babble,2830,11.64,0,False,2.5776745000039227,0.6444186250009807
1.1312369108200073,1.3962442874908447,0.6075038808187769,0.46001408897955803,0.8316119493147923,3.39713882061315,2.8989484169002773,True,1.0513828992843628,1.2533103227615356,0.5530992434617734,0.33798171342005956,-1.2442346249643177,-1.3769995605104823,-2.517927985680681,4.774138381123632,2.07584657427911,0.07985401153564453,0.14293396472930908,0.054404637357003516,,,,,,,,onnx:C:/SIH26052_data/mid/model_wide32_mid_simple.onnx,babble/0082,babble,3570,3.09,0,True,2.6162379999877885,0.6540594999969471
1.0832886695861816,1.3828351497650146,0.6074715557145629,0.3296370289386143,-2.7333768386150172,1.854585507298505,1.0189829401587571,True,1.0322258472442627,1.239260196685791,0.5298541664797327,0.24359809606590757,-11.531562266855026,-11.619191956813996,-9.269994688814764,13.473777464112501,8.798185428240009,0.051062822341918945,0.14357495307922363,0.07761738923483019,,,,,,,,onnx:C:/SIH26052_data/mid/model_wide32_mid_simple.onnx,babble/0083,babble,1284,1.98,0,True,2.5775117999874055,0.6443779499968514
2.2299489974975586,3.094506025314331,0.9634116029412672,0.8592526949775317,12.24019132423696,12.471906730531593,9.207267736826775,True,1.4055719375610352,2.228926420211792,0.925759670840526,0.7489653292830272,5.866529296134662,6.08586687712962,3.0819071446872677,6.386039853401973,6.373662028102299,0.8243770599365234,0.8655796051025391,0.03765193210074114,,,,,,,,onnx:C:/SIH26052_data/mid/model_wide32_mid_simple.onnx,babble/0084,babble,3570,14.94,0,True,2.5500648000161164,0.6375162000040291
1.12490713596344,1.3736358880996704,0.655173239004254,0.38458408382746057,3.8966203124643615,5.337629930954609,3.5389166772976726,True,1.0463112592697144,1.1819990873336792,0.5564785789581573,0.2672037468390955,-1.032522228923275,-1.1002060271049299,-4.14759332769928,6.437835958059539,4.929142541387637,0.07859587669372559,0.1916368007659912,0.09869466004609662,,,,,,,,onnx:C:/SIH26052_data/mid/model_wide32_mid_simple.onnx,babble/0085,babble,6930,4.5,0,True,2.5683527000364847,0.6420881750091212
1.9200160503387451,2.6375651359558105,0.8152038946814032,0.6299860800715584,11.30337048312122,11.612133913517326,5.345402891952212,True,1.142626166343689,1.6336231231689453,0.6684240063286457,0.3709233295018162,4.675032283759447,4.646542876516485,-1.7904673811732439,6.9655910370008405,6.628338199361774,0.7773898839950562,1.0039420127868652,0.14677988835275746,,,,,,,,onnx:C:/SIH26052_data/mid/model_wide32_mid_simple.onnx,babble/0086,babble,8224,4.65,0,False,2.5990613999892958,0.6497653499973239
1.2539403438568115,1.5335583686828613,0.7430313736240968,0.5014284085055039,5.5657542250106795,6.621963929045602,3.8156322561172877,True,1.0653598308563232,1.37026047706604,0.6208492748263105,0.3354463486938164,1.8151955719249058,1.797388964279124,-1.4169014841005285,4.824574964766478,3.7505586530857737,0.18858051300048828,0.1632978916168213,0.1221820987977863,,,,,,,,onnx:C:/SIH26052_data/mid/model_wide32_mid_simple.onnx,babble/0087,babble,8224,6.3,0,True,2.5698460999992676,0.6424615249998169
2.7160699367523193,3.157698631286621,0.9566344195765739,0.923031575202593,19.135017170342998,19.16439347611769,16.626954812248172,True,1.8262512683868408,2.258805513381958,0.9415029076270103,0.8864568692930933,16.323933725052797,16.325469857637547,13.735597941381945,2.8389236184801447,2.811083445290201,0.8898186683654785,0.8988931179046631,0.015131511949563636,,,,,,,,onnx:C:/SIH26052_data/mid/model_wide32_mid_simple.onnx,babble/0088,babble,1995,16.58,0,False,2.5594863000442274,0.6398715750110568
2.647078275680542,3.1413753032684326,0.906706921049892,0.8432253031030761,25.41744611778617,25.402616432045658,21.36400393873154,True,1.4007681608200073,1.726027011871338,0.755675272297618,0.8189766166100476,18.505231447020694,18.488920040322622,21.706164676369188,6.913696391723036,6.912214670765476,1.2463101148605347,1.4153482913970947,0.15103164875227404,,,,,,,,onnx:C:/SIH26052_data/mid/model_wide32_mid_simple.onnx,babble/0089,babble,1995,18.95,0,False,2.5393614000058733,0.6348403500014683
1.7821781635284424,2.1835780143737793,0.9004749585359412,0.7791349748778506,9.702737112843462,10.136740336824957,7.2543779510843285,True,1.2869460582733154,1.7435256242752075,0.855337150381025,0.6002960907066869,6.168572829562162,6.1428763968468765,2.4255642707689997,3.9938639399780804,3.5341642832812994,0.49523210525512695,0.4400523900985718,0.04513780815491619,,,,,,,,onnx:C:/SIH26052_data/mid/model_wide32_mid_simple.onnx,babble/0090,babble,61,6.14,0,False,2.5372481999802403,0.6343120499950601
1.544389009475708,1.9337775707244873,0.9280445580592578,0.838318874957211,12.70940149020805,12.885177715726893,10.22907898999456,True,1.1189558506011963,1.4518556594848633,0.8866004467443467,0.7010367589482392,7.958887290816227,7.959405146761474,4.441260401811677,4.925772568965419,4.750514199391823,0.4254331588745117,0.481921911239624,0.0414441113149111,,,,,,,,onnx:C:/SIH26052_data/mid/model_wide32_mid_simple.onnx,babble/0091,babble,4992,8.54,0,False,2.5838161000283435,0.6459540250070859
3.8817100524902344,3.9872608184814453,0.987179285586505,0.9762146681461424,22.355803915367815,22.202403526536575,20.985001747075763,True,3.4514245986938477,3.6833293437957764,0.9897521933285545,0.9717403192148761,19.019857569658573,19.0307207464737,21.93429879273546,3.1716827800628735,3.3359463457092424,0.4302854537963867,0.30393147468566895,-0.002572907742049435,,,,,,,,onnx:C:/SIH26052_data/mid/model_wide32_mid_simple.onnx,babble/0092,babble,3729,19.44,0,False,2.554035000037402,0.6385087500093505
2.1899921894073486,2.7985036373138428,0.9420743274868202,0.8565247738446236,11.236745149793139,11.445288797954206,9.108514343671466,True,1.227887511253357,1.7873550653457642,0.909543755048532,0.7217679245087003,7.658211436766278,7.6999735461823615,4.197209525339623,3.745315251771844,3.578533713026861,0.9621046781539917,1.0111485719680786,0.03253057243828816,,,,,,,,onnx:C:/SIH26052_data/mid/model_wide32_mid_simple.onnx,babble/0093,babble,6829,19.05,0,True,2.5106683000340126,0.6276670750085032
1.167263150215149,1.5298442840576172,0.699916438181879,0.47525545246582757,3.585349253326491,4.7563372650224025,2.754400912226984,True,1.039955973625183,1.334588646888733,0.5576267737092685,0.33579324325815885,-2.053607536311791,-2.2900457085459522,-3.3946177472141543,7.046382973568354,5.638956789638282,0.12730717658996582,0.19525563716888428,0.1422896644726105,,,,,,,,onnx:C:/SIH26052_data/mid/model_wide32_mid_simple.onnx,babble/0094,babble,2830,1.31,0,True,2.50924230000237,0.6273105750005925
2.287921190261841,3.0187647342681885,0.9277850726269283,0.8504374922434704,14.973893177955134,15.040985036531138,10.190919139784897,True,1.102673053741455,1.7561326026916504,0.8473515691522114,0.6833221898252426,2.9945840757678766,3.0052247280036024,-0.24188573016655385,12.035760308527536,11.979309102187257,1.1852481365203857,1.262632131576538,0.0804335034747169,,,,,,,,onnx:C:/SIH26052_data/mid/model_wide32_mid_simple.onnx,babble/0095,babble,5683,3.52,0,False,2.5519455000176094,0.6379863750044024
1.5142017602920532,2.0720126628875732,0.931919389973312,0.7426425152315216,9.736251962676901,10.154429588062202,6.802408162236023,True,1.1302355527877808,1.437683343887329,0.8922930825415474,0.5766231342681251,5.485631122414897,5.547478920274898,2.095450540835078,4.606950667787304,4.2506208402620045,0.38396620750427246,0.6343293190002441,0.03962630743176465,,,,,,,,onnx:C:/SIH26052_data/mid/model_wide32_mid_simple.onnx,babble/0096,babble,5142,5.56,0,False,2.5681070999708027,0.6420267749927007
1.5878163576126099,2.3847014904022217,0.8698488239457559,0.7373968309748636,6.615279215306588,7.423189250599412,5.027819875748016,True,1.0952836275100708,1.5530309677124023,0.8158859510777944,0.6233865978606615,3.509388478409163,3.533686527613915,0.8896751392974034,3.889502722985497,3.105890736897425,0.49253273010253906,0.8316705226898193,0.05396287286796153,,,,,,,,onnx:C:/SIH26052_data/mid/model_wide32_mid_simple.onnx,babble/0097,babble,7176,11.07,0,True,2.4917879999848083,0.6229469999962021
3.9841110706329346,4.054731369018555,0.9941016776003856,0.9811658864465851,22.474220799627837,22.170157949738254,18.058420708351047,True,2.781653881072998,3.1300034523010254,0.993717801727302,0.979621798583608,19.89767432493156,19.86521789894115,14.466788452240436,2.3049400507971036,2.5765464746962756,1.2024571895599365,0.9247279167175293,0.0003838758730836389,,,,,,,,onnx:C:/SIH26052_data/mid/model_wide32_mid_simple.onnx,babble/0098,babble,8463,19.92,0,False,2.5225136000080965,0.6306284000020241
2.881612777709961,3.6415398120880127,0.9786815150944906,0.9218156083873331,19.404246023083232,19.35225988716739,13.566412963571123,True,1.4969677925109863,2.356135368347168,0.968576720089192,0.8583021492574884,13.981655104858849,13.993335456532552,8.197696860753569,5.358924430634836,5.422590918224383,1.3846449851989746,1.2854044437408447,0.010104795005298595,,,,,,,,onnx:C:/SIH26052_data/mid/model_wide32_mid_simple.onnx,babble/0099,babble,5683,14.31,0,False,2.5161501999828033,0.6290375499957008
1.7638471126556396,2.332777261734009,0.8972483854990274,0.7288587609452881,8.264381607379752,8.851798280680347,6.541129510135256,True,1.1678026914596558,1.620103359222412,0.8126802413549005,0.4856982860297307,4.674707254599633,4.576877667189368,1.8479160438462967,4.274920613490979,3.5896743527801194,0.5960444211959839,0.7126739025115967,0.08456814414412694,,,,,,,,onnx:C:/SIH26052_data/mid/model_wide32_mid_simple.onnx,babble/0100,babble,8230,5.36,0,False,2.5746405000099912,0.6436601250024978
1.2372071743011475,1.6278764009475708,0.8029194539137856,0.5360423734708362,1.160182705272474,3.422323326716741,0.9604375913416753,True,1.1023070812225342,1.4595699310302734,0.7526211250885239,0.4354447542129112,-0.2046191178739159,-0.15415213569500907,-2.3974046389749053,3.57647546241175,1.3648018231463899,0.13490009307861328,0.16830646991729736,0.05029832882526175,,,,,,,,onnx:C:/SIH26052_data/mid/model_wide32_mid_simple.onnx,babble/0101,babble,7176,12.49,0,True,2.5438659000210464,0.6359664750052616
1.201211929321289,1.5057302713394165,0.697055470675237,0.619144745835822,4.455061042253793,5.769925580899555,4.8540273023980065,True,1.132186770439148,1.4476815462112427,0.6773792775029711,0.5393631800643869,1.9073501790618665,1.8006328331865165,1.7494451506996325,3.9692927477130384,2.5477108631919263,0.06902515888214111,0.05804872512817383,0.019676193172265877,,,,,,,,onnx:C:/SIH26052_data/mid/model_wide32_mid_simple.onnx,babble/0102,babble,8455,2.22,0,False,2.502380100020673,0.6255950250051683
1.322678565979004,1.9892114400863647,0.8719922371008342,0.6874347093255331,5.4305688320039724,6.523404291220045,4.763339524119475,True,1.128379464149475,1.6327977180480957,0.8060843476123576,0.5309988001076421,-1.0884145491544799,-1.1480756458889545,-2.2771502410677926,7.671479937108999,6.518983381158453,0.1942991018295288,0.35641372203826904,0.06590788948847659,,,,,,,,onnx:C:/SIH26052_data/mid/model_wide32_mid_simple.onnx,babble/0103,babble,7729,4.97,0,True,2.474873300001491,0.6187183250003727
2.170788049697876,3.0169663429260254,0.8986207760986382,0.7922023389912277,10.11015971756629,10.335192846208487,6.297545941274138,True,1.4840044975280762,2.4016308784484863,0.8638340526857453,0.6731715693886254,7.648210253758355,8.137551581150747,2.5710606443875474,2.19764126505774,2.461949463807935,0.6867835521697998,0.6153354644775391,0.034786723412892906,,,,,,,,onnx:C:/SIH26052_data/mid/model_wide32_mid_simple.onnx,babble/0104,babble,908,13.21,0,True,2.3977373999659903,0.5994343499914976
3.0979416370391846,3.5952532291412354,0.9846239962925554,0.9676811937748179,17.421504817734206,17.473415189482843,21.444478416660637,True,2.4632492065429688,2.9676835536956787,0.9699451040297097,0.9474054294457042,14.311043048943112,14.34158104572759,23.255899009180975,3.1318341437552526,3.110461768791094,0.6346924304962158,0.6275696754455566,0.014678892262845689,,,,,,,,onnx:C:/SIH26052_data/mid/model_wide32_mid_simple.onnx,babble/0105,babble,8455,14.93,0,False,2.3674184000119567,0.5918546000029892
1.806009292602539,2.40427303314209,0.8769052837108167,0.7471383602486532,9.107191557411047,9.601136715836914,6.065296140562114,True,1.2064944505691528,1.6705758571624756,0.8152451522438781,0.5608264109547706,4.329715485082409,4.397849494585446,0.28282617423659123,5.203287221251467,4.777476072328638,0.5995148420333862,0.7336971759796143,0.061660131466938606,,,,,,,,onnx:C:/SIH26052_data/mid/model_wide32_mid_simple.onnx,babble/0106,babble,1089,4.81,0,False,2.3651774000027217,0.5912943500006804
1.115842580795288,1.340675950050354,0.6643789208074691,0.36356831669453754,2.415661228851439,4.359370320731259,2.033230211921433,True,1.029200553894043,1.2694748640060425,0.6160450494187996,0.26327381379698644,-4.904596032741904,-5.001608211704357,-6.75614979686884,9.360978532435617,7.320257261593343,0.08664202690124512,0.07120108604431152,0.048333871388669514,,,,,,,,onnx:C:/SIH26052_data/mid/model_wide32_mid_simple.onnx,babble/0107,babble,5142,1.18,0,True,2.344359799986705,0.5860899499966763
1.6093432903289795,2.2001004219055176,0.832219277411031,0.7283746556722457,9.76462761209069,10.19119462256974,7.392821950636088,True,1.0677939653396606,1.4102572202682495,0.702153512448712,0.5003420728523018,2.446317412791145,2.4012448447715253,-0.9870901947092307,7.789949777798213,7.318310199299545,0.5415493249893188,0.7898432016372681,0.13006576496231892,,,,,,,,onnx:C:/SIH26052_data/mid/model_wide32_mid_simple.onnx,babble/0108,babble,1580,2.49,0,False,2.32409369997913,0.5810234249947825
1.2143983840942383,1.5022082328796387,0.5780462853524087,0.31543778276705636,1.9720848969284532,4.037547068726978,0.5847336855153582,True,1.0401157140731812,1.2084715366363525,0.4619908339141388,0.15579281892724742,-5.303416322180741,-5.127117226218349,-7.05221944191852,9.164664294945327,7.275501219109194,0.17428267002105713,0.29373669624328613,0.11605545143826984,,,,,,,,onnx:C:/SIH26052_data/mid/model_wide32_mid_simple.onnx,babble/0109,babble,1580,1.47,0,True,2.3904810000094585,0.5976202500023646
1.4288005828857422,1.9303816556930542,0.8662621639119895,0.6762120003550828,5.142053891415466,6.283456727878325,3.8007968133054866,True,1.1453971862792969,1.54624342918396,0.8244474406804557,0.5497722801389856,1.1342620011353635,1.204792162353695,-0.06903010184369547,5.07866456552463,4.007791890280102,0.2834033966064453,0.38413822650909424,0.04181472323153379,,,,,,,,onnx:C:/SIH26052_data/mid/model_wide32_mid_simple.onnx,babble/0110,babble,6829,1.74,0,False,2.6611680000205524,0.6652920000051381
2.911243438720703,3.3286054134368896,0.9533998066891546,0.8759323318604701,19.3677990784238,19.251431695304426,14.575202529200672,True,1.5514965057373047,2.0300989151000977,0.8780728907648432,0.7408186002218997,10.994713619115101,10.995081911725936,6.116319102881069,8.25634978357849,8.3730854593087,1.3597469329833984,1.298506498336792,0.0753269159243114,,,,,,,,onnx:C:/SIH26052_data/mid/model_wide32_mid_simple.onnx,babble/0111,babble,4507,11.79,0,False,2.7698581000440754,0.6924645250110188
3.2534573078155518,3.5265376567840576,0.9591262153054448,0.9195860105184156,16.618995317330473,16.64017137096171,14.362267348853866,True,1.7991421222686768,2.4296700954437256,0.9182394683579278,0.8217841846160094,10.919656489388561,10.891116949536816,9.694724496425085,5.749054421424894,5.6993388279419115,1.454315185546875,1.096867561340332,0.04088674694751704,,,,,,,,onnx:C:/SIH26052_data/mid/model_wide32_mid_simple.onnx,babble/0112,babble,1221,18.42,0,True,2.8755115999956615,0.7188778999989154
1.095860481262207,1.2243940830230713,0.553769941775731,0.3680051057484596,-5.0083370979834605,1.0046394394765803,0.6784743080425152,True,1.0492373704910278,1.1580090522766113,0.5433944973214643,0.3239759178353582,-3.7209888161754505,-3.5155393589042827,-3.812532633014374,4.520178798380863,-1.28734828180801,0.0466231107711792,0.06638503074645996,0.010375444454266747,,,,,,,,onnx:C:/SIH26052_data/mid/model_wide32_mid_simple.onnx,babble/0113,babble,8555,2.29,0,True,3.043389300000854,0.7608473250002135
1.2468974590301514,1.7069978713989258,0.8343629874701423,0.664524325984612,4.126356568560293,5.487157205155398,4.418473745360959,True,1.13474440574646,1.4359679222106934,0.7115441843796452,0.4617362087687824,-0.9138619308843301,-0.7879798375800999,-3.103342325461166,6.275137042735498,5.040218499444624,0.1121530532836914,0.2710299491882324,0.12281880309049709,,,,,,,,onnx:C:/SIH26052_data/mid/model_wide32_mid_simple.onnx,babble/0114,babble,5639,3.38,0,True,2.9512516999966465,0.7378129249991616
1.2711082696914673,1.5816173553466797,0.6694398969214779,0.437889162332023,5.70038995198564,6.638730194754986,2.5888928592058726,True,1.054284930229187,1.3775629997253418,0.5929887091436377,0.3417674936879069,-3.264931183261304,-3.237397475264255,-5.120729014185011,9.87612767001924,8.965321135246944,0.21682333946228027,0.2040543556213379,0.07645118777784021,,,,,,,,onnx:C:/SIH26052_data/mid/model_wide32_mid_simple.onnx,babble/0115,babble,5683,7.89,0,True,2.905103600001894,0.7262759000004735
2.116483211517334,2.8454227447509766,0.9191824561833858,0.7809614579268537,12.208178432979848,12.461078437232835,7.612518423243708,True,1.1807222366333008,1.7725169658660889,0.8353547948923669,0.5558105684580216,6.724384813300166,6.647402071933931,1.3715661204223362,5.813676365298904,5.483793619679682,0.9357609748840332,1.0729057788848877,0.08382766129101893,,,,,,,,onnx:C:/SIH26052_data/mid/model_wide32_mid_simple.onnx,babble/0116,babble,1089,7.63,0,False,2.882246799999848,0.720561699999962
2.6517722606658936,3.171790599822998,0.9600847677407024,0.9278076979754589,16.390149310144423,16.40913125070712,18.895636851044223,True,1.3970105648040771,2.6584110260009766,0.9362697760926434,0.9328804694723062,3.0943778336849856,3.107345375004713,17.18018417080145,13.301785875702407,13.295771476459437,1.2547616958618164,0.5133795738220215,0.023814991648059003,,,,,,,,onnx:C:/SIH26052_data/mid/model_wide32_mid_simple.onnx,babble/0117,babble,4992,3.58,0,False,2.453325600014068,0.613331400003517
1.7479747533798218,2.876150131225586,0.9224612055283923,0.8622989000901409,12.739401687200985,12.883259639272705,10.206739607591789,True,1.1234538555145264,1.8076311349868774,0.8910689163737272,0.7336459214487641,5.261849888523628,5.291424776829755,4.562562451095593,7.5918348624429495,7.477551798677357,0.6245208978652954,1.0685189962387085,0.031392289154665076,,,,,,,,onnx:C:/SIH26052_data/mid/model_wide32_mid_simple.onnx,babble/0118,babble,121,7.05,0,False,2.295949399995152,0.573987349998788
1.3354213237762451,1.6488710641860962,0.7482959090887811,0.6496379779336062,7.4883379598102895,8.19966296748828,7.63214843931166,True,1.0516093969345093,1.3294029235839844,0.6893301997755691,0.5620173873259633,1.638037616986544,1.5173179889546362,-0.06822340841109545,6.682344978533644,5.850300342823745,0.28381192684173584,0.3194681406021118,0.05896570931321199,,,,,,,,onnx:C:/SIH26052_data/mid/model_wide32_mid_simple.onnx,babble/0119,babble,3575,2.53,0,False,2.3291217999649234,0.5822804499912309
