pesq,stoi,estoi,si_sdr,snr,segsnr,pesq_available,pesq_noisy,stoi_noisy,estoi_noisy,si_sdr_noisy,snr_noisy,segsnr_noisy,snr_gain,si_sdr_gain,pesq_gain,stoi_gain,burst_si_sdr,burst_si_sdr_noisy,burst_snr,burst_snr_noisy,burst_frac,burst_si_sdr_gain,burst_snr_gain,method,id,category,speaker,bg_snr_db,n_events,reverb,proc_s,rtf
2.904052734375,0.9392513839277192,0.8979937823407009,7.619858012062335,7.6246279145337095,31.466082961330567,True,2.904052734375,0.9392513839277192,0.8979937823407009,7.619858012062335,7.6246279145337095,31.466082961330567,0.0,0.0,0.0,0.0,-11.047850691192263,-11.047850691192263,-10.715325332379388,-10.715325332379388,0.121578125,0.0,0.0,unprocessed,gunshot/0000,gunshot,5142,9.22,1,False,5.500158295035362e-06,1.3750395737588406e-06
1.5394258499145508,0.9448730121563927,0.795431619513726,3.8898251641682484,4.061065805240029,6.504926798527301,True,1.5394258499145508,0.9448730121563927,0.795431619513726,3.8898251641682484,4.061065805240029,6.504926798527301,0.0,0.0,0.0,0.0,1.506967965252982,1.506967965252982,1.3520720211492032,1.3520720211492032,0.25,0.0,0.0,unprocessed,gunshot/0001,gunshot,4077,6.72,2,True,5.90016134083271e-06,1.4750403352081776e-06
3.8241806030273438,0.9991601878089545,0.9987642805724912,32.4280733093195,32.428150441176896,33.87255013161075,True,3.8241806030273438,0.9991601878089545,0.9987642805724914,32.4280733093195,32.428150441176896,33.87255013161075,0.0,0.0,0.0,0.0,22.064423371506898,22.064423371506898,22.065287286906162,22.065287286906162,0.1215,0.0,0.0,unprocessed,gunshot/0002,gunshot,1580,9.58,1,False,5.00003807246685e-06,1.2500095181167126e-06
3.2802019119262695,0.999155808874499,0.9993977756636857,21.23588325904676,21.223436513052864,34.29290191554085,True,3.2802019119262695,0.999155808874499,0.9993977756636857,21.23588325904676,21.223436513052864,34.29290191554085,0.0,0.0,0.0,0.0,5.413675050231117,5.413675050231117,4.803933663739049,4.803933663739049,0.021375,0.0,0.0,unprocessed,gunshot/0003,gunshot,1580,11.33,1,False,5.299923941493034e-06,1.3249809853732586e-06
2.1303906440734863,0.9656478159174423,0.9605218117374777,14.744720727573906,14.771672366428001,32.4709188398653,True,2.1303906440734863,0.9656478159174423,0.9605218117374777,14.744720727573906,14.771672366428001,32.4709188398653,0.0,0.0,0.0,0.0,0.9359026067753028,0.9359026067753028,0.9366837992311376,0.9366837992311376,0.081,0.0,0.0,unprocessed,gunshot/0004,gunshot,5105,2.83,1,False,5.300156772136688e-06,1.325039193034172e-06
2.3308281898498535,0.967282204811773,0.9526583812540728,14.082138686995728,14.210158345576806,25.853959049399343,True,2.3308281898498535,0.967282204811773,0.9526583812540728,14.082138686995728,14.210158345576806,25.853959049399343,0.0,0.0,0.0,0.0,8.813808857954285,8.813808857954285,8.874159276630158,8.874159276630158,0.214578125,0.0,0.0,unprocessed,gunshot/0005,gunshot,1320,13.14,2,True,3.400025889277458e-06,8.500064723193645e-07
2.5386340618133545,0.9373646321149858,0.9141024175116551,12.289392605750873,12.292903805835188,28.604809240916882,True,2.5386340618133545,0.9373646321149858,0.9141024175116549,12.289392605750873,12.292903805835188,28.604809240916882,0.0,0.0,0.0,0.0,6.871488857720398,6.871488857720398,6.883653945185979,6.883653945185979,0.25,0.0,0.0,unprocessed,gunshot/0006,gunshot,4970,5.21,2,False,2.800021320581436e-06,7.00005330145359e-07
3.6611926555633545,0.9978782759580714,0.9906142697928068,18.32438379139716,18.32477192495645,31.10180239482355,True,3.6611926555633545,0.9978782759580714,0.9906142697928068,18.32438379139716,18.32477192495645,31.10180239482355,0.0,0.0,0.0,0.0,12.789864124366485,12.789864124366485,12.783762098608953,12.783762098608953,0.125,0.0,0.0,unprocessed,gunshot/0007,gunshot,8455,1.13,1,False,4.00003045797348e-06,1.00000761449337e-06
3.373321056365967,0.9966061567394492,0.9843872915505535,20.303751696669387,20.180851501176956,19.691713223459104,True,3.373321056365967,0.9966061567394492,0.9843872915505535,20.303751696669387,20.180851501176956,19.691713223459104,0.0,0.0,0.0,0.0,-29.09191183584702,-29.09191183584702,-50.81308526392089,-50.81308526392089,0.0090625,0.0,0.0,unprocessed,gunshot/0008,gunshot,7021,8.37,1,True,3.8000289350748062e-06,9.500072337687016e-07
3.700113534927368,0.999980125202178,0.9999095705636887,21.835894844071024,21.83545999257789,34.283970890901536,True,3.700113534927368,0.999980125202178,0.9999095705636887,21.835894844071024,21.83545999257789,34.283970890901536,0.0,0.0,0.0,0.0,-10.962776406336559,-10.962776406336559,-11.943882158616715,-11.943882158616715,0.01121875,0.0,0.0,unprocessed,gunshot/0009,gunshot,3570,13.71,1,False,4.600035026669502e-06,1.1500087566673756e-06
3.348283052444458,0.9936651049605969,0.9863322791430371,22.617725253910134,22.627662076423952,33.51485092559595,True,3.348283052444458,0.9936651049605969,0.9863322791430371,22.617725253910134,22.627662076423952,33.51485092559595,0.0,0.0,0.0,0.0,11.422933793895702,11.422933793895702,11.551602770442248,11.551602770442248,0.18875,0.0,0.0,unprocessed,gunshot/0010,gunshot,7021,11.06,3,False,3.500143066048622e-06,8.750357665121555e-07
1.4315348863601685,0.8722144162944097,0.8551212865623332,11.545662158087444,11.525186555715766,18.738865191601896,True,1.4315348863601685,0.8722144162944097,0.8551212865623332,11.545662158087444,11.525186555715766,18.738865191601896,0.0,0.0,0.0,0.0,5.93644934071124,5.93644934071124,5.97095331379064,5.97095331379064,0.256859375,0.0,0.0,unprocessed,gunshot/0011,gunshot,1995,-2.54,3,True,5.200039595365524e-06,1.300009898841381e-06
1.1247618198394775,0.7225321617577584,0.6249429373831376,7.061636062130839,7.780283916955631,6.308895438037296,True,1.1247618198394775,0.7225321617577584,0.6249429373831378,7.061636062130839,7.780283916955631,6.308895438037296,0.0,0.0,0.0,0.0,6.170890125750487,6.170890125750487,7.073073076998528,7.073073076998528,0.47059375,0.0,0.0,unprocessed,gunshot/0012,gunshot,2094,11.86,4,True,5.400041118264198e-06,1.3500102795660496e-06
1.8405494689941406,0.9869787791276866,0.9296502955165734,17.19845262972559,17.15396879130763,12.616785595955701,True,1.8405494689941406,0.9869787791276866,0.9296502955165734,17.19845262972559,17.15396879130763,12.616785595955701,0.0,0.0,0.0,0.0,6.362013725066834,6.362013725066834,6.3270294164209195,6.3270294164209195,0.106796875,0.0,0.0,unprocessed,gunshot/0013,gunshot,4992,10.92,1,True,3.00002284348011e-06,7.500057108700275e-07
1.4429727792739868,0.8573056034202945,0.7696371039229728,5.962757826382743,5.909421271284958,5.763838574173529,True,1.4429727792739868,0.8573056034202945,0.7696371039229729,5.962757826382743,5.909421271284958,5.763838574173529,0.0,0.0,0.0,0.0,2.0730344113716597,2.0730344113716597,2.1439166277791086,2.1439166277791086,0.121640625,0.0,0.0,unprocessed,gunshot/0014,gunshot,1284,1.59,1,True,4.300149157643318e-06,1.0750372894108295e-06
3.018339157104492,0.9792692034110322,0.9610517341775598,18.762176023456306,18.807330977160454,28.465060915983454,True,3.018339157104492,0.9792692034110322,0.9610517341775598,18.762176023456306,18.807330977160454,28.465060915983454,0.0,0.0,0.0,0.0,13.32487253903886,13.32487253903886,13.391767454961167,13.391767454961167,0.36928125,0.0,0.0,unprocessed,gunshot/0015,gunshot,2830,-1.98,3,False,3.8000289350748062e-06,9.500072337687016e-07
1.4192157983779907,0.8332438127309634,0.7997469984685524,5.962764260675427,5.954921998941379,26.21903407503641,True,1.4192157983779907,0.8332438127309634,0.7997469984685525,5.962764260675427,5.954921998941379,26.21903407503641,0.0,0.0,0.0,0.0,0.940883075864352,0.940883075864352,0.9152370627985711,0.9152370627985711,0.30746875,0.0,0.0,unprocessed,gunshot/0016,gunshot,1320,3.01,4,False,6.299931555986404e-06,1.574982888996601e-06
2.9453930854797363,0.976471083529024,0.9370140955662599,16.787782597755175,16.802485443432136,32.83681945471342,True,2.9453930854797363,0.976471083529024,0.9370140955662599,16.787782597755175,16.802485443432136,32.83681945471342,0.0,0.0,0.0,0.0,11.240190410312483,11.240190410312483,11.292613059351233,11.292613059351233,0.122796875,0.0,0.0,unprocessed,gunshot/0017,gunshot,8230,5.26,1,False,4.09991480410099e-06,1.0249787010252476e-06
1.7746329307556152,0.9568031176304082,0.9077988674435065,15.140418899836616,15.119747572487901,11.69092485426706,True,1.7746329307556152,0.9568031176304082,0.9077988674435065,15.140418899836616,15.119747572487901,11.69092485426706,0.0,0.0,0.0,0.0,14.102165844642645,14.102165844642645,13.97409325765208,13.97409325765208,0.125,0.0,0.0,unprocessed,gunshot/0018,gunshot,1995,-1.98,1,True,4.800036549568176e-06,1.200009137392044e-06
1.580939769744873,0.8521507090943204,0.7531974096772146,10.080741931232742,9.970798267051235,7.192263601817268,True,1.580939769744873,0.8521507090943204,0.7531974096772146,10.080741931232742,9.970798267051235,7.192263601817268,0.0,0.0,0.0,0.0,-2.986096458846259,-2.986096458846259,-1.7184536488912847,-1.7184536488912847,0.121484375,0.0,0.0,unprocessed,gunshot/0019,gunshot,5105,4.13,1,True,3.700144588947296e-06,9.25036147236824e-07
1.7958990335464478,0.9540305302628918,0.9097465439227653,14.678451983895762,14.71848547636367,13.494357798459268,True,1.7958990335464478,0.9540305302628918,0.9097465439227654,14.678451983895762,14.71848547636367,13.494357798459268,0.0,0.0,0.0,0.0,2.6809740773372512,2.6809740773372512,2.455812027608026,2.455812027608026,0.121625,0.0,0.0,unprocessed,gunshot/0020,gunshot,4992,3.94,1,True,4.499917849898338e-06,1.1249794624745846e-06
1.5523087978363037,0.8692749430753263,0.6926858655921981,8.486678550739192,8.47544300717844,6.697507474303119,True,1.5523087978363037,0.8692749430753263,0.6926858655921979,8.486678550739192,8.47544300717844,6.697507474303119,0.0,0.0,0.0,0.0,4.691440758447507,4.691440758447507,4.8099449749356955,4.8099449749356955,0.251234375,0.0,0.0,unprocessed,gunshot/0021,gunshot,4446,-2.77,3,True,5.300156772136688e-06,1.325039193034172e-06
1.7121474742889404,0.9320473306696448,0.8357971987601467,7.596093047539379,7.749026986080817,6.205574102324926,True,1.7121474742889404,0.9320473306696448,0.8357971987601467,7.596093047539379,7.749026986080817,6.205574102324926,0.0,0.0,0.0,0.0,3.518745104030319,3.518745104030319,3.319477427013944,3.319477427013944,0.1214375,0.0,0.0,unprocessed,gunshot/0022,gunshot,5639,-4.66,1,True,5.800044164061546e-06,1.4500110410153866e-06
3.8682658672332764,0.9961493786783836,0.9922030584941203,22.449354445289373,22.448401960896373,32.695880307825725,True,3.8682658672332764,0.9961493786783836,0.9922030584941203,22.449354445289373,22.448401960896373,32.695880307825725,0.0,0.0,0.0,0.0,9.737010666434768,9.737010666434768,9.719060006932462,9.719060006932462,0.1215,0.0,0.0,unprocessed,gunshot/0023,gunshot,7127,5.22,1,False,4.200031980872154e-06,1.0500079952180386e-06
3.096214771270752,0.9887856800522831,0.9703508532284336,25.493024469016508,25.49261926612555,28.93068670330149,True,3.096214771270752,0.9887856800522831,0.9703508532284336,25.493024469016508,25.49261926612555,28.93068670330149,0.0,0.0,0.0,0.0,17.075619571120004,17.075619571120004,17.07284352861835,17.07284352861835,0.31296875,0.0,0.0,unprocessed,gunshot/0024,gunshot,3570,12.62,3,False,7.0999376475811005e-06,1.7749844118952751e-06
2.964982748031616,0.9360440696029446,0.885875362576922,14.940689545658701,14.949427416314666,12.8524571646692,True,2.964982748031616,0.9360440696029446,0.885875362576922,14.940689545658701,14.949427416314666,12.8524571646692,0.0,0.0,0.0,0.0,4.141205711513288,4.141205711513288,4.4840688574629235,4.4840688574629235,0.121296875,0.0,0.0,unprocessed,gunshot/0025,gunshot,3729,5.7,1,True,4.00003045797348e-06,1.00000761449337e-06
4.057178020477295,0.9942465704605404,0.9915412615807163,29.30817794650356,29.305183764418974,33.790191171898286,True,4.057178020477295,0.9942465704605404,0.9915412615807162,29.30817794650356,29.305183764418974,33.790191171898286,0.0,0.0,0.0,0.0,17.555301547808277,17.555301547808277,17.51014744202511,17.51014744202511,0.122390625,0.0,0.0,unprocessed,gunshot/0026,gunshot,5142,11.88,1,False,3.8000289350748062e-06,9.500072337687016e-07
2.210749387741089,0.9888699276059765,0.9694502840540438,22.839259535131603,22.8366492029217,32.28137258269652,True,2.210749387741089,0.9888699276059765,0.9694502840540438,22.839259535131603,22.8366492029217,32.28137258269652,0.0,0.0,0.0,0.0,12.777199510819425,12.777199510819425,12.739313671135102,12.739313671135102,0.121984375,0.0,0.0,unprocessed,gunshot/0027,gunshot,3570,3.34,1,False,5.00003807246685e-06,1.2500095181167126e-06
2.0998780727386475,0.8881053100852631,0.7980772252658729,10.12985189398903,10.330191720884137,8.782391138333024,True,2.0998780727386475,0.8881053100852631,0.798077225265873,10.12985189398903,10.330191720884137,8.782391138333024,0.0,0.0,0.0,0.0,-7.876454192619265,-7.876454192619265,-6.933178845721643,-6.933178845721643,0.124234375,0.0,0.0,unprocessed,gunshot/0028,gunshot,7176,3.43,1,True,5.00003807246685e-06,1.2500095181167126e-06
1.6113640069961548,0.9440989231632242,0.8617190572670731,9.253002780708801,9.163843870777594,6.680474870124393,True,1.6113640069961548,0.9440989231632242,0.8617190572670731,9.253002780708801,9.163843870777594,6.680474870124393,0.0,0.0,0.0,0.0,7.334265449211218,7.334265449211218,7.440125081336706,7.440125081336706,0.121609375,0.0,0.0,unprocessed,gunshot/0029,gunshot,61,12.42,1,True,5.3998082876205444e-06,1.3499520719051361e-06
3.784499168395996,0.9993069829815102,0.9973775250079822,24.973043613416003,25.00366576308543,34.2801090108866,True,3.784499168395996,0.9993069829815102,0.9973775250079822,24.973043613416003,25.00366576308543,34.2801090108866,0.0,0.0,0.0,0.0,17.559232385636612,17.559232385636612,17.588367835216015,17.588367835216015,0.136265625,0.0,0.0,unprocessed,gunshot/0030,gunshot,4077,-1.14,2,False,5.100155249238014e-06,1.2750388123095036e-06
2.801285982131958,0.9967419053509738,0.9882101385151594,24.89685331897228,24.937263438799384,32.37705211948643,True,2.801285982131958,0.9967419053509738,0.9882101385151594,24.89685331897228,24.937263438799384,32.37705211948643,0.0,0.0,0.0,0.0,15.226705597489147,15.226705597489147,15.27768857068346,15.27768857068346,0.121609375,0.0,0.0,unprocessed,gunshot/0031,gunshot,5105,5.14,1,False,4.09991480410099e-06,1.0249787010252476e-06
3.70805025100708,0.9972075116152871,0.9901157629088955,31.684657967499295,31.684873803383354,33.527254321714,True,3.70805025100708,0.9972075116152871,0.9901157629088955,31.684657967499295,31.684873803383354,33.527254321714,0.0,0.0,0.0,0.0,20.610772810541434,20.610772810541434,20.61392443012432,20.61392443012432,0.121453125,0.0,0.0,unprocessed,gunshot/0032,gunshot,2300,5.47,1,False,3.8000289350748062e-06,9.500072337687016e-07
3.3162176609039307,0.9844728162257828,0.9840611439832099,29.815673339509836,29.816888651381678,32.45788592104724,True,3.3162176609039307,0.9844728162257828,0.9840611439832099,29.815673339509836,29.816888651381678,32.45788592104724,0.0,0.0,0.0,0.0,27.390051224719446,27.390051224719446,27.392116203955226,27.392116203955226,0.35340625,0.0,0.0,unprocessed,gunshot/0033,gunshot,1995,1.91,3,False,4.00003045797348e-06,1.00000761449337e-06
2.9979519844055176,0.9720718278462086,0.9627006425733492,23.868667955807364,23.867812350005938,31.359621355634456,True,2.9979519844055176,0.9720718278462086,0.9627006425733492,23.868667955807364,23.867812350005938,31.359621355634456,0.0,0.0,0.0,0.0,18.971330170139957,18.971330170139957,18.968677142346763,18.968677142346763,0.43840625,0.0,0.0,unprocessed,gunshot/0034,gunshot,6930,-2.63,4,False,6.300164386630058e-06,1.5750410966575146e-06
3.813833236694336,0.9809855905355719,0.9766605760630884,27.408547444285603,27.409013909207978,33.087946597416405,True,3.813833236694336,0.9809855905355719,0.9766605760630884,27.408547444285603,27.409013909207978,33.087946597416405,0.0,0.0,0.0,0.0,24.125202824133815,24.125202824133815,24.12614387215389,24.12614387215389,0.24284375,0.0,0.0,unprocessed,gunshot/0035,gunshot,7021,9.1,2,False,5.3998082876205444e-06,1.3499520719051361e-06
2.151745319366455,0.9536359020016125,0.8597532151377031,12.663889184934305,12.57529148808677,9.616123192212923,True,2.151745319366455,0.9536359020016125,0.8597532151377031,12.663889184934305,12.57529148808677,9.616123192212923,0.0,0.0,0.0,0.0,12.63503028519757,12.63503028519757,12.449754896796545,12.449754896796545,0.121421875,0.0,0.0,unprocessed,gunshot/0036,gunshot,7176,0.77,1,True,7.400056347250938e-06,1.8500140868127346e-06
1.7918202877044678,0.9546680656083038,0.9223325549770376,13.886980617118347,13.877623938834684,12.95586824738309,True,1.7918202877044678,0.9546680656083038,0.9223325549770376,13.886980617118347,13.877623938834684,12.95586824738309,0.0,0.0,0.0,0.0,10.594730004105159,10.594730004105159,10.63354032692235,10.63354032692235,0.2425625,0.0,0.0,unprocessed,gunshot/0037,gunshot,1221,-0.94,2,True,6.600050255656242e-06,1.6500125639140606e-06
1.6046476364135742,0.6501305161483576,0.6116905841175292,6.483545377076975,6.4301264358287735,3.5187827993736396,True,1.6046476364135742,0.6501305161483576,0.6116905841175294,6.483545377076975,6.4301264358287735,3.5187827993736396,0.0,0.0,0.0,0.0,3.1959894159779356,3.1959894159779356,3.1739703192341966,3.1739703192341966,0.2429375,0.0,0.0,unprocessed,gunshot/0038,gunshot,1188,-3.9,2,True,3.8000289350748062e-06,9.500072337687016e-07
2.6224205493927,0.9960554949830396,0.9933303592291285,15.268964200950151,15.266292030906047,33.22104063622742,True,2.6224205493927,0.9960554949830396,0.9933303592291285,15.268964200950151,15.266292030906047,33.22104063622742,0.0,0.0,0.0,0.0,6.661597667223379,6.661597667223379,6.642077417438338,6.642077417438338,0.125,0.0,0.0,unprocessed,gunshot/0039,gunshot,1995,-1.6,1,False,3.899913281202316e-06,9.74978320300579e-07
1.4958078861236572,0.9611775446532674,0.8592126209173034,11.384130464874804,11.394962114250305,10.408361098431135,True,1.4958078861236572,0.9611775446532674,0.8592126209173034,11.384130464874804,11.394962114250305,10.408361098431135,0.0,0.0,0.0,0.0,10.691658274749008,10.691658274749008,10.72537694253027,10.72537694253027,0.3135,0.0,0.0,unprocessed,artillery/0000,artillery,5142,-1.34,3,True,4.600035026669502e-06,1.1500087566673756e-06
3.522458076477051,0.9546245609070334,0.9457731680978337,26.433743555467085,26.435414299350704,31.936787044800926,True,3.522458076477051,0.9546245609070334,0.9457731680978337,26.433743555467085,26.435414299350704,31.936787044800926,0.0,0.0,0.0,0.0,9.603020593022869,9.603020593022869,9.62409808472907,9.62409808472907,0.125,0.0,0.0,unprocessed,artillery/0001,artillery,61,14.31,1,False,6.200047209858894e-06,1.5500118024647236e-06
2.640202760696411,0.9861622260325548,0.9585078058750427,15.774632525101975,15.773335308387972,30.535479848986064,True,2.640202760696411,0.9861622260325548,0.9585078058750428,15.774632525101975,15.773335308387972,30.535479848986064,0.0,0.0,0.0,0.0,5.548277149088562,5.548277149088562,5.534595169127195,5.534595169127195,0.125,0.0,0.0,unprocessed,artillery/0002,artillery,8463,11.2,1,False,3.0999071896076202e-06,7.749767974019051e-07
1.8417468070983887,0.9438138792491091,0.9115808364358192,16.04117407345299,15.975038129140565,13.000182334370848,True,1.8417468070983887,0.9438138792491091,0.9115808364358191,16.04117407345299,15.975038129140565,13.000182334370848,0.0,0.0,0.0,0.0,12.867278751333998,12.867278751333998,12.562530702670411,12.562530702670411,0.125,0.0,0.0,unprocessed,artillery/0003,artillery,3570,10.35,1,True,3.0999071896076202e-06,7.749767974019051e-07
1.9858102798461914,0.9780144844325018,0.9624688140305595,13.866019047049969,13.859238553394267,27.900968262567577,True,1.9858102798461914,0.9780144844325018,0.9624688140305595,13.866019047049969,13.859238553394267,27.900968262567577,0.0,0.0,0.0,0.0,7.471350771499486,7.471350771499486,7.449215233695728,7.449215233695728,0.25,0.0,0.0,unprocessed,artillery/0004,artillery,3570,6.43,2,False,4.600035026669502e-06,1.1500087566673756e-06
1.5547269582748413,0.9455205544985449,0.850335725543336,9.611813912458368,9.607414558494712,7.833085838336332,True,1.5547269582748413,0.9455205544985449,0.8503357255433361,9.611813912458368,9.607414558494712,7.833085838336332,0.0,0.0,0.0,0.0,5.4101181985094025,5.4101181985094025,5.25511918393571,5.25511918393571,0.25,0.0,0.0,unprocessed,artillery/0005,artillery,7127,8.98,2,True,5.200039595365524e-06,1.300009898841381e-06
2.744131565093994,0.9910847931063335,0.978004153800134,14.757554679570175,14.726509876976985,32.781950732732255,True,2.744131565093994,0.9910847931063335,0.9780041538001341,14.757554679570175,14.726509876976985,32.781950732732255,0.0,0.0,0.0,0.0,8.099677264293627,8.099677264293627,7.872492059498332,7.872492059498332,0.125,0.0,0.0,unprocessed,artillery/0006,artillery,3575,2.99,1,False,6.100162863731384e-06,1.525040715932846e-06
2.348884105682373,0.9784549076103608,0.9242136331674866,14.29722550530933,14.29424721695722,11.202739702627024,True,2.348884105682373,0.9784549076103608,0.9242136331674867,14.29722550530933,14.29424721695722,11.202739702627024,0.0,0.0,0.0,0.0,6.9947468851593015,6.9947468851593015,6.9410256992927,6.9410256992927,0.125,0.0,0.0,unprocessed,artillery/0007,artillery,8463,0.05,1,True,4.899920895695686e-06,1.2249802239239216e-06
1.3254265785217285,0.9351461212679377,0.803378636506789,7.184281673433738,7.193796039177994,5.654519757238873,True,1.3254265785217285,0.9351461212679377,0.8033786365067889,7.184281673433738,7.193796039177994,5.654519757238873,0.0,0.0,0.0,0.0,4.944345587775159,4.944345587775159,4.847922370781725,4.847922370781725,0.125,0.0,0.0,unprocessed,artillery/0008,artillery,1995,14.31,1,True,5.00003807246685e-06,1.2500095181167126e-06
1.737135648727417,0.9436018488933542,0.8632820154851824,12.572762545610436,12.5927479771632,12.211486541578623,True,1.737135648727417,0.9436018488933542,0.8632820154851824,12.572762545610436,12.5927479771632,12.211486541578623,0.0,0.0,0.0,0.0,7.540050907581328,7.540050907581328,7.5829177841906334,7.5829177841906334,0.25,0.0,0.0,unprocessed,artillery/0009,artillery,8463,11.34,2,True,5.299923941493034e-06,1.3249809853732586e-06
1.4030582904815674,0.8918866626657266,0.8097903929472584,5.676839251410658,5.712409317840281,8.274776079443532,True,1.4030582904815674,0.8918866626657266,0.8097903929472584,5.676839251410658,5.712409317840281,8.274776079443532,0.0,0.0,0.0,0.0,2.0567352816749533,2.0567352816749533,2.011940077651862,2.011940077651862,0.13421875,0.0,0.0,unprocessed,artillery/0010,artillery,3729,0.2,2,True,3.8000289350748062e-06,9.500072337687016e-07
1.938246488571167,0.9199024714989409,0.848384272956249,6.727625381836914,6.739790978664571,22.683108488164834,True,1.938246488571167,0.9199024714989409,0.848384272956249,6.727625381836914,6.739790978664571,22.683108488164834,0.0,0.0,0.0,0.0,2.4914710307616197,2.4914710307616197,2.522515000961769,2.522515000961769,0.33328125,0.0,0.0,unprocessed,artillery/0011,artillery,61,6.51,3,False,5.00003807246685e-06,1.2500095181167126e-06
3.6788511276245117,0.9476684815153461,0.9239654302034105,17.544970910411116,17.54649439198439,30.57205535721678,True,3.6788511276245117,0.9476684815153461,0.9239654302034105,17.544970910411116,17.54649439198439,30.57205535721678,0.0,0.0,0.0,0.0,1.527420748844828,1.527420748844828,1.5788868734530297,1.5788868734530297,0.125,0.0,0.0,unprocessed,artillery/0012,artillery,1320,10.67,1,False,6.300164386630058e-06,1.5750410966575146e-06
2.671621799468994,0.9715478002507233,0.942803301082294,9.04347413086578,9.03330672193524,27.75745451545966,True,2.671621799468994,0.9715478002507233,0.942803301082294,9.04347413086578,9.03330672193524,27.75745451545966,0.0,0.0,0.0,0.0,2.0042706505156067,2.0042706505156067,1.9525212835733583,1.9525212835733583,0.190640625,0.0,0.0,unprocessed,artillery/0013,artillery,7176,9.2,2,False,4.600035026669502e-06,1.1500087566673756e-06
4.212928295135498,0.9999999999981743,0.9999999998646354,31.996702265758493,31.996988356274024,34.68149434307514,True,4.212928295135498,0.9999999999981743,0.9999999998646354,31.996702265758493,31.996988356274024,34.68149434307514,0.0,0.0,0.0,0.0,-6.9616092291682055,-6.9616092291682055,-6.346302855526533,-6.346302855526533,0.005921875,0.0,0.0,unprocessed,artillery/0014,artillery,1221,7.03,1,False,4.90015372633934e-06,1.225038431584835e-06
1.071121096611023,0.7096617583080232,0.5115238422143792,-6.042669880586184,-6.458306175109466,-4.860234720111669,True,1.071121096611023,0.7096617583080232,0.5115238422143792,-6.042669880586184,-6.458306175109466,-4.860234720111669,0.0,0.0,0.0,0.0,-7.967981450930991,-7.967981450930991,-9.61746024930456,-9.61746024930456,0.307140625,0.0,0.0,unprocessed,artillery/0015,artillery,3570,-1.42,3,True,4.400033503770828e-06,1.100008375942707e-06
1.3433012962341309,0.777119526231093,0.6189616798757059,4.1283752712774255,4.18061755566384,2.876270360232661,True,1.3433012962341309,0.777119526231093,0.6189616798757059,4.1283752712774255,4.18061755566384,2.876270360232661,0.0,0.0,0.0,0.0,-1.7929988553413934,-1.7929988553413934,-1.5968776389796757,-1.5968776389796757,0.125,0.0,0.0,unprocessed,artillery/0016,artillery,672,-1.54,1,True,4.09991480410099e-06,1.0249787010252476e-06
1.3871972560882568,0.9335875921186497,0.8658044453721391,7.3343586589140415,7.112216510431434,14.352034965321506,True,1.3871972560882568,0.9335875921186497,0.8658044453721391,7.3343586589140415,7.112216510431434,14.352034965321506,0.0,0.0,0.0,0.0,-0.35176024158367125,-0.35176024158367125,-1.3204272786218274,-1.3204272786218274,0.205421875,0.0,0.0,unprocessed,artillery/0017,artillery,1995,12.89,2,True,4.600035026669502e-06,1.1500087566673756e-06
1.1226747035980225,0.7983485978229912,0.6536598828977006,2.5835746612264416,2.629552972343342,4.863092530267289,True,1.1226747035980225,0.7983485978229912,0.6536598828977005,2.5835746612264416,2.629552972343342,4.863092530267289,0.0,0.0,0.0,0.0,-3.304334296399958,-3.304334296399958,-3.472504833432918,-3.472504833432918,0.324453125,0.0,0.0,unprocessed,artillery/0018,artillery,6930,8.83,3,True,4.400033503770828e-06,1.100008375942707e-06
3.8816487789154053,0.9958876624175725,0.9920318018746727,25.020966021134456,25.01814204829827,32.924818385387276,True,3.8816487789154053,0.9958876624175725,0.9920318018746729,25.020966021134456,25.01814204829827,32.924818385387276,0.0,0.0,0.0,0.0,12.970761921887632,12.970761921887632,12.924841453485907,12.924841453485907,0.125,0.0,0.0,unprocessed,artillery/0019,artillery,4970,7.64,1,False,3.6999117583036423e-06,9.249779395759106e-07
2.8612074851989746,0.939206689271369,0.8977911741670059,7.618508757529746,7.624757167486065,29.973414807378127,True,2.904052734375,0.9392513839277192,0.8979937823407009,7.619858012062335,7.6246279145337095,31.466082961330567,0.00012925295235532985,-0.0013492545325890504,-0.04284524917602539,-4.4694656350263706e-05,-11.048481960972147,-11.047850691192263,-10.714756380934974,-10.715325332379388,0.121578125,-0.0006312697798840361,0.0005689514444142674,wiener,gunshot/0000,gunshot,5142,9.22,1,False,0.029277099994942546,0.0073192749987356365
1.5378289222717285,0.9351526634440458,0.7854051799906319,3.880741951209745,4.081675630138077,6.079298616889386,True,1.5394258499145508,0.9448730121563927,0.795431619513726,3.8898251641682484,4.061065805240029,6.504926798527301,0.020609824898048856,-0.009083212958503228,-0.0015969276428222656,-0.009720348712346949,1.5258086546299001,1.506967965252982,1.3824387597746504,1.3520720211492032,0.25,0.018840689376918185,0.030366738625447143,wiener,gunshot/0001,gunshot,4077,6.72,2,True,0.02459889999590814,0.006149724998977035
3.7745871543884277,0.9978609186687528,0.9891095471069196,31.449591861523043,31.45053305179423,28.997148208340565,True,3.8241806030273438,0.9991601878089545,0.9987642805724914,32.4280733093195,32.428150441176896,33.87255013161075,-0.9776173893826652,-0.9784814477964581,-0.049593448638916016,-0.001299269140201731,22.241051224784613,22.064423371506898,22.254459464598067,22.065287286906162,0.1215,0.17662785327771502,0.18917217769190486,wiener,gunshot/0002,gunshot,1580,9.58,1,False,0.020154800033196807,0.005038700008299202
3.110191822052002,0.9979410875655219,0.9908102364739957,21.11249136220325,21.111618217912607,28.076938325078675,True,3.2802019119262695,0.999155808874499,0.9993977756636857,21.23588325904676,21.223436513052864,34.29290191554085,-0.11181829514025665,-0.12339189684350771,-0.17001008987426758,-0.0012147213089770403,5.458757555881936,5.413675050231117,4.8414670147067955,4.803933663739049,0.021375,0.045082505650819726,0.03753335096774624,wiener,gunshot/0003,gunshot,1580,11.33,1,False,0.020192099967971444,0.005048024991992861
2.153202533721924,0.9579186207938439,0.9403774414825229,14.769820214624234,14.04403863248186,14.893499268756324,True,2.1303906440734863,0.9656478159174423,0.9605218117374777,14.744720727573906,14.771672366428001,32.4709188398653,-0.7276337339461421,0.02509948705032805,0.0228118896484375,-0.007729195123598376,0.9770882026684042,0.9359026067753028,0.9259953119791763,0.9366837992311376,0.081,0.041185595893101445,-0.010688487251961365,wiener,gunshot/0004,gunshot,5105,2.83,1,False,0.01517780008725822,0.003794450021814555
2.2760064601898193,0.9603240951731807,0.9230144162256186,13.659899319199232,12.894787694867738,12.365214605036835,True,2.3308281898498535,0.967282204811773,0.9526583812540728,14.082138686995728,14.210158345576806,25.853959049399343,-1.3153706507090686,-0.4222393677964966,-0.05482172966003418,-0.006958109638592225,8.684747181043516,8.813808857954285,8.74885866768034,8.874159276630158,0.214578125,-0.1290616769107693,-0.12530060894981787,wiener,gunshot/0005,gunshot,1320,13.14,2,True,0.016716700047254562,0.004179175011813641
2.532723903656006,0.9369409511459799,0.9119369741870892,12.292895199195357,12.300682936142158,25.83919835130262,True,2.5386340618133545,0.9373646321149858,0.9141024175116549,12.289392605750873,12.292903805835188,28.604809240916882,0.007779130306969861,0.0035025934444838924,-0.005910158157348633,-0.0004236809690059129,6.880119545611744,6.871488857720398,6.895190807341793,6.883653945185979,0.25,0.0086306878913458,0.011536862155813843,wiener,gunshot/0006,gunshot,4970,5.21,2,False,0.02178199985064566,0.005445499962661415
3.39200496673584,0.9978319924129059,0.9903694038185016,18.315602464789624,18.320423678997585,29.82563015746536,True,3.6611926555633545,0.9978782759580714,0.9906142697928068,18.32438379139716,18.32477192495645,31.10180239482355,-0.0043482459588659594,-0.0087813266075365,-0.26918768882751465,-4.628354516555966e-05,12.807515877538279,12.789864124366485,12.802155265515776,12.783762098608953,0.125,0.017651753171794127,0.018393166906822245,wiener,gunshot/0007,gunshot,8455,1.13,1,False,0.017905799904838204,0.004476449976209551
3.3672540187835693,0.9966012216272486,0.9843143992834352,20.3043031730447,20.181507379700903,19.693296031776903,True,3.373321056365967,0.9966061567394492,0.9843872915505535,20.303751696669387,20.180851501176956,19.691713223459104,0.0006558785239469955,0.0005514763753140528,-0.006067037582397461,-4.935112200565861e-06,-29.10344783184106,-29.09191183584702,-50.807197266200674,-50.81308526392089,0.0090625,-0.011535995994037762,0.00588799772021531,wiener,gunshot/0008,gunshot,7021,8.37,1,True,0.02152639999985695,0.005381599999964237
3.614044427871704,0.999920127744877,0.9992676685803973,21.818049326029872,21.821484888699167,30.338253803816478,True,3.700113534927368,0.999980125202178,0.9999095705636887,21.835894844071024,21.83545999257789,34.283970890901536,-0.013975103878721029,-0.01784551804115253,-0.08606910705566406,-5.9997457301008694e-05,-10.974519060353906,-10.962776406336559,-11.928357335866693,-11.943882158616715,0.01121875,-0.011742654017346865,0.015524822750021983,wiener,gunshot/0009,gunshot,3570,13.71,1,False,0.018237199867144227,0.004559299966786057
3.234253168106079,0.9936445179507496,0.9860888356035621,22.637495119678853,22.648074252599393,32.661627155855506,True,3.348283052444458,0.9936651049605969,0.9863322791430371,22.617725253910134,22.627662076423952,33.51485092559595,0.020412176175440777,0.019769865768719086,-0.1140298843383789,-2.0587009847305993e-05,11.44889682488027,11.422933793895702,11.578273669042108,11.551602770442248,0.18875,0.025963030984568647,0.026670898599860493,wiener,gunshot/0010,gunshot,7021,11.06,3,False,0.019525300012901425,0.004881325003225356
1.4443806409835815,0.8697573858841906,0.8497274398023431,11.539927477931236,11.544077354248019,18.568840583971767,True,1.4315348863601685,0.8722144162944097,0.8551212865623332,11.545662158087444,11.525186555715766,18.738865191601896,0.018890798532252617,-0.005734680156207261,0.012845754623413086,-0.002457030410219052,5.945846402361595,5.93644934071124,5.995570015320735,5.97095331379064,0.256859375,0.009397061650354921,0.02461670153009443,wiener,gunshot/0011,gunshot,1995,-2.54,3,True,0.02104320004582405,0.005260800011456013
1.1232975721359253,0.7225977559119854,0.623202860396956,7.131042702678416,7.858005633084898,6.030815288791749,True,1.1247618198394775,0.7225321617577584,0.6249429373831378,7.061636062130839,7.780283916955631,6.308895438037296,0.07772171612926648,0.06940664054757661,-0.001464247703552246,6.55941542270222e-05,6.210627477223475,6.170890125750487,7.11412530537792,7.073073076998528,0.47059375,0.03973735147298729,0.04105222837939149,wiener,gunshot/0012,gunshot,2094,11.86,4,True,0.021702200174331665,0.005425550043582916
1.8931827545166016,0.9863724173492701,0.9326195319032393,17.439904533523112,17.433178328469072,12.935782411472465,True,1.8405494689941406,0.9869787791276866,0.9296502955165734,17.19845262972559,17.15396879130763,12.616785595955701,0.27920953716144226,0.2414519037975218,0.05263328552246094,-0.0006063617784165531,6.820448701176616,6.362013725066834,6.830976320767341,6.3270294164209195,0.106796875,0.4584349761097819,0.5039469043464218,wiener,gunshot/0013,gunshot,4992,10.92,1,True,0.017709899926558137,0.004427474981639534
1.4409080743789673,0.8572876412399387,0.7697568946012406,5.960052389270417,5.915542665141756,5.348408801166717,True,1.4429727792739868,0.8573056034202945,0.7696371039229729,5.962757826382743,5.909421271284958,5.763838574173529,0.0061213938567981074,-0.002705437112326514,-0.0020647048950195312,-1.7962180355768353e-05,2.069006365653539,2.0730344113716597,2.146356596913524,2.1439166277791086,0.121640625,-0.004028045718120765,0.002439969134415243,wiener,gunshot/0014,gunshot,1284,1.59,1,True,0.01927999989129603,0.004819999972824007
2.4262707233428955,0.959703779150978,0.9085138762765507,13.774264994939216,13.576304642784935,9.880547836346842,True,3.018339157104492,0.9792692034110322,0.9610517341775598,18.762176023456306,18.807330977160454,28.465060915983454,-5.231026334375519,-4.98791102851709,-0.5920684337615967,-0.019565424260054143,10.843944322522855,13.32487253903886,10.980503935781227,13.391767454961167,0.36928125,-2.4809282165160056,-2.41126351917994,wiener,gunshot/0015,gunshot,2830,-1.98,3,False,0.021200300194323063,0.005300075048580766
1.3974660634994507,0.8322339409295585,0.7962646284549263,5.934167794873416,5.966045950484748,22.15400875594862,True,1.4192157983779907,0.8332438127309634,0.7997469984685525,5.962764260675427,5.954921998941379,26.21903407503641,0.011123951543368982,-0.028596465802010584,-0.02174973487854004,-0.0010098718014048824,0.9379454955482311,0.940883075864352,0.9369312306103328,0.9152370627985711,0.30746875,-0.0029375803161209024,0.0216941678117617,wiener,gunshot/0016,gunshot,1320,3.01,4,False,0.021451500011608005,0.005362875002902001
2.876927375793457,0.9763676046494002,0.9364620274155349,16.777796852621705,16.799509340724185,28.981995180146203,True,2.9453930854797363,0.976471083529024,0.9370140955662599,16.787782597755175,16.802485443432136,32.83681945471342,-0.0029761027079509006,-0.009985745133469948,-0.0684657096862793,-0.00010347887962380842,11.257452230212731,11.240190410312483,11.312435851318757,11.292613059351233,0.122796875,0.017261819900248554,0.01982279196752401,wiener,gunshot/0017,gunshot,8230,5.26,1,False,0.01869029994122684,0.00467257498530671
1.7560863494873047,0.9551534192716442,0.9040851974975425,15.141739812925461,15.121793592836523,11.58172183760105,True,1.7746329307556152,0.9568031176304082,0.9077988674435065,15.140418899836616,15.119747572487901,11.69092485426706,0.002046020348622335,0.001320913088845188,-0.018546581268310547,-0.0016496983587639402,14.108403816901271,14.102165844642645,13.980531794216498,13.97409325765208,0.125,0.006237972258626101,0.006438536564417063,wiener,gunshot/0018,gunshot,1995,-1.98,1,True,0.021042800042778254,0.005260700010694563
1.5680856704711914,0.849058479475498,0.745416161199788,10.090682210226767,10.063945628399829,6.672615349644449,True,1.580939769744873,0.8521507090943204,0.7531974096772146,10.080741931232742,9.970798267051235,7.192263601817268,0.0931473613485938,0.00994027899402461,-0.01285409927368164,-0.003092229618822495,-3.6091347261727558,-2.986096458846259,-1.1984610036607322,-1.7184536488912847,0.121484375,-0.6230382673264967,0.5199926452305526,wiener,gunshot/0019,gunshot,5105,4.13,1,True,0.024072699947282672,0.006018174986820668
1.833998680114746,0.9531902251143278,0.9078087024839347,14.698755310981376,14.747692786060082,12.832165305549083,True,1.7958990335464478,0.9540305302628918,0.9097465439227654,14.678451983895762,14.71848547636367,13.494357798459268,0.029207309696412054,0.020303327085613887,0.03809964656829834,-0.0008403051485639246,2.692442130795212,2.6809740773372512,2.4912005892499476,2.455812027608026,0.121625,0.01146805345796098,0.03538856164192161,wiener,gunshot/0020,gunshot,4992,3.94,1,True,0.01880889991298318,0.004702224978245795
1.5559319257736206,0.8686542278841534,0.6987904204216119,8.4376282527294,8.506302735413305,6.0868586814179615,True,1.5523087978363037,0.8692749430753263,0.6926858655921979,8.486678550739192,8.47544300717844,6.697507474303119,0.030859728234865713,-0.049050298009792215,0.0036231279373168945,-0.0006207151911729047,4.6800542030053975,4.691440758447507,4.866547976177726,4.8099449749356955,0.251234375,-0.011386555442109092,0.05660300124203044,wiener,gunshot/0021,gunshot,4446,-2.77,3,True,0.015391800086945295,0.003847950021736324
1.7079827785491943,0.9318866658860692,0.8352729733792851,7.606682897622775,7.767963085594384,6.03917365553835,True,1.7121474742889404,0.9320473306696448,0.8357971987601467,7.596093047539379,7.749026986080817,6.205574102324926,0.01893609951356723,0.01058985008339608,-0.004164695739746094,-0.00016066478357568137,3.6621076143374194,3.518745104030319,3.4911024210755706,3.319477427013944,0.1214375,0.14336251030710034,0.17162499406162635,wiener,gunshot/0022,gunshot,5639,-4.66,1,True,0.020731199998408556,0.005182799999602139
3.770656108856201,0.996148303640851,0.9921525526802737,22.44227798353489,22.439702506882277,31.49726531124259,True,3.8682658672332764,0.9961493786783836,0.9922030584941203,22.449354445289373,22.448401960896373,32.695880307825725,-0.008699454014095664,-0.0070764617544831765,-0.0976097583770752,-1.075037532549672e-06,9.74161689923961,9.737010666434768,9.725064843403285,9.719060006932462,0.1215,0.0046062328048410706,0.0060048364708222834,wiener,gunshot/0023,gunshot,7127,5.22,1,False,0.018762799911201,0.00469069997780025
2.898353338241577,0.9883260929874269,0.9695418146766083,25.541532630503234,25.548231774664217,26.710182141217793,True,3.096214771270752,0.9887856800522831,0.9703508532284336,25.493024469016508,25.49261926612555,28.93068670330149,0.055612508538665395,0.04850816148672621,-0.1978614330291748,-0.0004595870648561595,17.229749575743377,17.075619571120004,17.239094178951042,17.07284352861835,0.31296875,0.15413000462337223,0.16625065033269237,wiener,gunshot/0024,gunshot,3570,12.62,3,False,0.01945800008252263,0.004864500020630658
2.8320767879486084,0.9345038424312705,0.8824462560304851,14.93937991185096,14.958523592020956,12.481089303745174,True,2.964982748031616,0.9360440696029446,0.885875362576922,14.940689545658701,14.949427416314666,12.8524571646692,0.009096175706289955,-0.001309633807741406,-0.1329059600830078,-0.0015402271716741245,4.157760244256695,4.141205711513288,4.517586411009064,4.4840688574629235,0.121296875,0.01655453274340779,0.03351755354614028,wiener,gunshot/0025,gunshot,3729,5.7,1,True,0.019866000162437558,0.0049665000406093895
4.006852626800537,0.994232077677846,0.9914347531108224,29.304578701118245,29.30195161936451,33.275247521372194,True,4.057178020477295,0.9942465704605404,0.9915412615807162,29.30817794650356,29.305183764418974,33.790191171898286,-0.0032321450544650077,-0.00359924538531331,-0.05032539367675781,-1.4492782694386364e-05,17.562850795214015,17.555301547808277,17.518076884324664,17.51014744202511,0.122390625,0.007549247405737702,0.007929442299552392,wiener,gunshot/0026,gunshot,5142,11.88,1,False,0.016200699843466282,0.0040501749608665705
2.063467025756836,0.9887042390141652,0.9652308648496364,22.602607952830187,22.440536401022754,23.03971885270614,True,2.210749387741089,0.9888699276059765,0.9694502840540438,22.839259535131603,22.8366492029217,32.28137258269652,-0.39611280189894416,-0.23665158230141614,-0.14728236198425293,-0.00016568859181131934,12.846011807675543,12.777199510819425,12.80898678293449,12.739313671135102,0.121984375,0.06881229685611778,0.0696731117993874,wiener,gunshot/0027,gunshot,3570,3.34,1,False,0.024086900055408478,0.0060217250138521194
1.9964942932128906,0.8854961735840388,0.7821585157204723,10.134730319261696,10.339866001935567,8.140006490190205,True,2.0998780727386475,0.8881053100852631,0.798077225265873,10.12985189398903,10.330191720884137,8.782391138333024,0.009674281051429645,0.004878425272664799,-0.10338377952575684,-0.002609136501224296,-8.79973105116841,-7.876454192619265,-6.391890763502115,-6.933178845721643,0.124234375,-0.9232768585491442,0.5412880822195278,wiener,gunshot/0028,gunshot,7176,3.43,1,True,0.015433299820870161,0.0038583249552175403
1.5611023902893066,0.9364710264240209,0.8372174371362852,9.379822809860714,9.327971291941,6.297075260532053,True,1.6113640069961548,0.9440989231632242,0.8617190572670731,9.253002780708801,9.163843870777594,6.680474870124393,0.16412742116340517,0.12682002915191326,-0.050261616706848145,-0.007627896739203277,7.584491127943412,7.334265449211218,7.696890220808306,7.440125081336706,0.121609375,0.25022567873219437,0.2567651394715993,wiener,gunshot/0029,gunshot,61,12.42,1,True,0.02104859985411167,0.005262149963527918
3.4904892444610596,0.9967364063292702,0.988013315308408,23.797436892515584,23.586447723999946,24.048058292125425,True,3.784499168395996,0.9993069829815102,0.9973775250079822,24.973043613416003,25.00366576308543,34.2801090108866,-1.4172180390854834,-1.1756067209004186,-0.2940099239349365,-0.002570576652240031,17.426881365970523,17.559232385636612,17.444307078624007,17.588367835216015,0.136265625,-0.1323510196660891,-0.14406075659200823,wiener,gunshot/0030,gunshot,4077,-1.14,2,False,0.020953600062057376,0.005238400015514344
2.7702579498291016,0.9963787645052143,0.9846193559754585,24.78336168108012,19.197161011816917,13.010556876902548,True,2.801285982131958,0.9967419053509738,0.9882101385151594,24.89685331897228,24.937263438799384,32.37705211948643,-5.740102426982467,-0.11349163789216021,-0.031028032302856445,-0.000363140845759502,15.350681892413379,15.226705597489147,14.145979157093402,15.27768857068346,0.121609375,0.12397629492423157,-1.131709413590059,wiener,gunshot/0031,gunshot,5105,5.14,1,False,0.022220900049433112,0.005555225012358278
3.5462374687194824,0.9971292542837031,0.989704982811152,31.57038680262417,31.57227349096192,32.429323430786155,True,3.70805025100708,0.9972075116152871,0.9901157629088955,31.684657967499295,31.684873803383354,33.527254321714,-0.11260031242143498,-0.11427116487512379,-0.16181278228759766,-7.825733158395298e-05,20.609160535203088,20.610772810541434,20.615487404457674,20.61392443012432,0.121453125,-0.0016122753383456256,0.0015629743333533952,wiener,gunshot/0032,gunshot,2300,5.47,1,False,0.02117860014550388,0.00529465003637597
3.276259183883667,0.9844738034045849,0.9840576974749328,29.818043626003266,29.819332061142447,32.45540081279332,True,3.3162176609039307,0.9844728162257828,0.9840611439832099,29.815673339509836,29.816888651381678,32.45788592104724,0.0024434097607688443,0.00237028649343074,-0.03995847702026367,9.871788021476036e-07,27.394194159638495,27.390051224719446,27.39627862494029,27.392116203955226,0.35340625,0.004142934919048713,0.0041624209850645855,wiener,gunshot/0033,gunshot,1995,1.91,3,False,0.015727499965578318,0.003931874991394579
2.788593053817749,0.9718417600156624,0.9600471424003446,23.69185827937151,23.699187853011807,28.293031710532702,True,2.9979519844055176,0.9720718278462086,0.9627006425733492,23.868667955807364,23.867812350005938,31.359621355634456,-0.16862449699413062,-0.17680967643585532,-0.20935893058776855,-0.00023006783054624336,18.93980186754044,18.971330170139957,18.948178136932615,18.968677142346763,0.43840625,-0.031528302599518554,-0.020499005414148286,wiener,gunshot/0034,gunshot,6930,-2.63,4,False,0.02018809993751347,0.005047024984378368
3.7730872631073,0.9809854680345252,0.9766124219395617,27.40362194651819,27.404477286218068,32.494221564247454,True,3.813833236694336,0.9809855905355719,0.9766605760630884,27.408547444285603,27.409013909207978,33.087946597416405,-0.0045366229899101995,-0.004925497767413134,-0.04074597358703613,-1.2250104663991124e-07,24.129603062818227,24.125202824133815,24.130785533308874,24.12614387215389,0.24284375,0.004400238684411306,0.004641661154984433,wiener,gunshot/0035,gunshot,7021,9.1,2,False,0.018425799906253815,0.004606449976563454
2.1098361015319824,0.9489984873858429,0.8537577651620484,12.616187187614955,12.676160018057578,9.418110059173161,True,2.151745319366455,0.9536359020016125,0.8597532151377031,12.663889184934305,12.57529148808677,9.616123192212923,0.10086852997080875,-0.04770199731935065,-0.041909217834472656,-0.004637414615769608,12.69511024815471,12.63503028519757,12.610896432419196,12.449754896796545,0.121421875,0.0600799629571398,0.16114153562265088,wiener,gunshot/0036,gunshot,7176,0.77,1,True,0.019722800003364682,0.0049307000008411705
1.7248029708862305,0.9430092827464229,0.9012549143319282,13.964458496583187,13.992619163201274,12.600701981506537,True,1.7918202877044678,0.9546680656083038,0.9223325549770376,13.886980617118347,13.877623938834684,12.95586824738309,0.11499522436658971,0.07747787946484053,-0.0670173168182373,-0.011658782861880823,10.744410048324106,10.594730004105159,10.808263401363282,10.63354032692235,0.2425625,0.14968004421894676,0.17472307444093182,wiener,gunshot/0037,gunshot,1221,-0.94,2,True,0.021305899834260345,0.005326474958565086
1.509472370147705,0.6141952156880175,0.5555548937033706,6.562015641353826,6.590811325188261,4.15181671738023,True,1.6046476364135742,0.6501305161483576,0.6116905841175294,6.483545377076975,6.4301264358287735,3.5187827993736396,0.16068488935948722,0.07847026427685044,-0.09517526626586914,-0.0359353004603401,3.2968832288901906,3.1959894159779356,3.3096589821118583,3.1739703192341966,0.2429375,0.10089381291225497,0.13568866287766168,wiener,gunshot/0038,gunshot,1188,-3.9,2,True,0.020601600175723433,0.005150400043930858
2.570125102996826,0.9960543176945021,0.9933264899462793,15.269046558619888,15.266364793061353,33.06709695002991,True,2.6224205493927,0.9960554949830396,0.9933303592291285,15.268964200950151,15.266292030906047,33.22104063622742,7.276215530538366e-05,8.235766973641034e-05,-0.05229544639587402,-1.1772885374350395e-06,6.661691216913024,6.661597667223379,6.642177186382845,6.642077417438338,0.125,9.354968964458976e-05,9.976894450769436e-05,wiener,gunshot/0039,gunshot,1995,-1.6,1,False,0.02044500014744699,0.0051112500368617475
1.522478699684143,0.960277063389627,0.8597048361874345,11.43376169362439,11.459031382261891,10.333483598284902,True,1.4958078861236572,0.9611775446532674,0.8592126209173034,11.384130464874804,11.394962114250305,10.408361098431135,0.06406926801158619,0.04963122874958614,0.02667081356048584,-0.0009004812636403958,10.738492343187644,10.691658274749008,10.77861126253466,10.72537694253027,0.3135,0.04683406843863658,0.05323432000439077,wiener,artillery/0000,artillery,5142,-1.34,3,True,0.018765500048175454,0.0046913750120438635
2.7728235721588135,0.9488248853637807,0.9348653140886949,21.254968992259215,21.25787364173002,21.281059775135446,True,3.522458076477051,0.9546245609070334,0.9457731680978337,26.433743555467085,26.435414299350704,31.936787044800926,-5.1775406576206855,-5.17877456320787,-0.7496345043182373,-0.005799675543252669,6.6447242075426916,9.603020593022869,7.342517444558737,9.62409808472907,0.125,-2.9582963854801774,-2.2815806401703327,wiener,artillery/0001,artillery,61,14.31,1,False,0.025655899895355105,0.006413974973838776
2.680464506149292,0.9856685120691575,0.9563132106149237,15.753959835847544,15.761585159369782,26.48713435175434,True,2.640202760696411,0.9861622260325548,0.9585078058750428,15.774632525101975,15.773335308387972,30.535479848986064,-0.011750149018190825,-0.020672689254430665,0.04026174545288086,-0.0004937139633972576,5.553837824796494,5.548277149088562,5.5485867770357675,5.534595169127195,0.125,0.005560675707932283,0.013991607908572234,wiener,artillery/0002,artillery,8463,11.2,1,False,0.027558599831536412,0.006889649957884103
1.882564663887024,0.9431903292572384,0.9110590475071226,16.144609942767843,16.12406908513662,13.11654183979942,True,1.8417468070983887,0.9438138792491091,0.9115808364358191,16.04117407345299,15.975038129140565,13.000182334370848,0.1490309559960572,0.10343586931485405,0.040817856788635254,-0.0006235499918706422,12.883474452143549,12.867278751333998,12.625342050985823,12.562530702670411,0.125,0.016195700809550573,0.06281134831541202,wiener,artillery/0003,artillery,3570,10.35,1,True,0.019384699873626232,0.004846174968406558
1.9406325817108154,0.9779614583209916,0.962385201309073,13.865583946561124,13.859795341783798,27.314361468543648,True,1.9858102798461914,0.9780144844325018,0.9624688140305595,13.866019047049969,13.859238553394267,27.900968262567577,0.0005567883895309933,-0.00043510048884520813,-0.04517769813537598,-5.3026111510257046e-05,7.472447165087148,7.471350771499486,7.451008159024851,7.449215233695728,0.25,0.0010963935876624475,0.0017929253291226743,wiener,artillery/0004,artillery,3570,6.43,2,False,0.02089520008303225,0.005223800020758063
1.554823398590088,0.9455197921526123,0.8503265263805042,9.62926607900738,9.625704098573552,7.719329840151522,True,1.5547269582748413,0.9455205544985449,0.8503357255433361,9.611813912458368,9.607414558494712,7.833085838336332,0.01828954007883965,0.017452166549011494,9.644031524658203e-05,-7.62345932603381e-07,5.429201499984442,5.4101181985094025,5.275919664018486,5.25511918393571,0.25,0.019083301475039782,0.020800480082776573,wiener,artillery/0005,artillery,7127,8.98,2,True,0.02108610002323985,0.005271525005809963
2.626870632171631,0.9910428374349041,0.9777535982975801,14.759522415484023,14.731697891831628,30.024125791572352,True,2.744131565093994,0.9910847931063335,0.9780041538001341,14.757554679570175,14.726509876976985,32.781950732732255,0.0051880148546423754,0.00196773591384769,-0.11726093292236328,-4.195567142939449e-05,8.109190611762733,8.099677264293627,7.882460359865684,7.872492059498332,0.125,0.009513347469106037,0.009968300367352079,wiener,artillery/0006,artillery,3575,2.99,1,False,0.02372469985857606,0.005931174964644015
2.371673107147217,0.977456200470444,0.9227660408717464,14.365983492393632,14.390232532266081,10.993993014340472,True,2.348884105682373,0.9784549076103608,0.9242136331674867,14.29722550530933,14.29424721695722,11.202739702627024,0.09598531530886056,0.06875798708430203,0.02278900146484375,-0.000998707139916788,7.05622626408406,6.9947468851593015,7.0412480375824815,6.9410256992927,0.125,0.06147937892475852,0.10022233828978155,wiener,artillery/0007,artillery,8463,0.05,1,True,0.016248200088739395,0.004062050022184849
1.3522660732269287,0.9307854666956297,0.8007797349692131,7.2605913899050165,7.345826382068705,6.003677213761314,True,1.3254265785217285,0.9351461212679377,0.8033786365067889,7.184281673433738,7.193796039177994,5.654519757238873,0.15203034289071127,0.07630971647127893,0.026839494705200195,-0.004360654572308054,4.994073025660233,4.944345587775159,5.002866830220741,4.847922370781725,0.125,0.04972743788507383,0.15494445943901614,wiener,artillery/0008,artillery,1995,14.31,1,True,0.01771869999356568,0.00442967499839142
1.7437140941619873,0.9415100475308787,0.8607716890501366,12.60292442211625,12.65419742453916,11.935235436249013,True,1.737135648727417,0.9436018488933542,0.8632820154851824,12.572762545610436,12.5927479771632,12.211486541578623,0.06144944737595992,0.030161876505813368,0.0065784454345703125,-0.002091801362475443,7.578346365434953,7.540050907581328,7.644381598855077,7.5829177841906334,0.25,0.03829545785362498,0.061463814664443284,wiener,artillery/0009,artillery,8463,11.34,2,True,0.019877499900758266,0.004969374975189567
1.3447288274765015,0.8915980476644789,0.8101634888456171,5.681288288658869,5.724136971457606,7.162469024828023,True,1.4030582904815674,0.8918866626657266,0.8097903929472584,5.676839251410658,5.712409317840281,8.274776079443532,0.011727653617324307,0.004449037248210885,-0.05832946300506592,-0.0002886150012476607,2.068548943295387,2.0567352816749533,2.0243743282951927,2.011940077651862,0.13421875,0.011813661620433624,0.012434250643330813,wiener,artillery/0010,artillery,3729,0.2,2,True,0.015837700106203556,0.003959425026550889
1.7582144737243652,0.9160010608131708,0.8404135858908532,6.692134577312954,6.778286747262298,11.587839714130997,True,1.938246488571167,0.9199024714989409,0.848384272956249,6.727625381836914,6.739790978664571,22.683108488164834,0.038495768597726965,-0.035490804523959696,-0.18003201484680176,-0.0039014106857701014,2.56871638776561,2.4914710307616197,2.6329411166419674,2.522515000961769,0.33328125,0.07724535700399038,0.11042611568019822,wiener,artillery/0011,artillery,61,6.51,3,False,0.01886980002745986,0.004717450006864965
3.544545888900757,0.9464773721329207,0.9212488726085146,17.52958154399964,17.539982096525556,26.594417954927046,True,3.6788511276245117,0.9476684815153461,0.9239654302034105,17.544970910411116,17.54649439198439,30.57205535721678,-0.0065122954588332504,-0.015389366411476146,-0.13430523872375488,-0.0011911093824253927,1.552248418814664,1.527420748844828,1.6065203781622541,1.5788868734530297,0.125,0.024827669969835986,0.027633504709224432,wiener,artillery/0012,artillery,1320,10.67,1,False,0.02184790000319481,0.005461975000798702
2.5321807861328125,0.971217345144285,0.9400588819184826,9.037534012701352,9.035045822638661,23.27733930735382,True,2.671621799468994,0.9715478002507233,0.942803301082294,9.04347413086578,9.03330672193524,27.75745451545966,0.0017391007034213146,-0.0059401181644282985,-0.13944101333618164,-0.0003304551064382544,2.007354605231506,2.0042706505156067,1.9580733747101318,1.9525212835733583,0.190640625,0.003083954715899395,0.005552091136773463,wiener,artillery/0013,artillery,7176,9.2,2,False,0.023768899962306023,0.005942224990576506
3.8721494674682617,0.9863878108957181,0.9513527276710817,22.612862330118695,22.627072911464772,17.232368952508867,True,4.212928295135498,0.9999999999981743,0.9999999998646354,31.996702265758493,31.996988356274024,34.68149434307514,-9.369915444809251,-9.383839935639799,-0.34077882766723633,-0.013612189102456207,-10.185218681459363,-6.9616092291682055,-6.047037286620308,-6.346302855526533,0.005921875,-3.223609452291157,0.29926556890622447,wiener,artillery/0014,artillery,1221,7.03,1,False,0.019909300142899156,0.004977325035724789
1.066274642944336,0.6933860038617641,0.49743818481028246,-6.172202166826875,-6.300032907928163,-4.797636866990428,True,1.071121096611023,0.7096617583080232,0.5115238422143792,-6.042669880586184,-6.458306175109466,-4.860234720111669,0.1582732671813032,-0.1295322862406918,-0.004846453666687012,-0.016275754446259172,-8.012633933927319,-7.967981450930991,-9.527946579843642,-9.61746024930456,0.307140625,-0.044652482996327514,0.08951366946091888,wiener,artillery/0015,artillery,3570,-1.42,3,True,0.023400699952617288,0.005850174988154322
1.3353033065795898,0.7731177024667267,0.6125951005679428,4.107250796262093,4.194697198239014,2.601558836721954,True,1.3433012962341309,0.777119526231093,0.6189616798757059,4.1283752712774255,4.18061755566384,2.876270360232661,0.014079642575174134,-0.021124475015332322,-0.007997989654541016,-0.004001823764366308,-1.8139950858747445,-1.7929988553413934,-1.586237044695432,-1.5968776389796757,0.125,-0.02099623053335109,0.010640594284243798,wiener,artillery/0016,artillery,672,-1.54,1,True,0.02280810009688139,0.005702025024220347
1.4033474922180176,0.9329389024394353,0.8635930017118371,7.333709069659635,7.120849627833227,14.270880946772266,True,1.3871972560882568,0.9335875921186497,0.8658044453721391,7.3343586589140415,7.112216510431434,14.352034965321506,0.008633117401792845,-0.0006495892544062798,0.016150236129760742,-0.000648689679214387,-0.3475155907449966,-0.35176024158367125,-1.3129593828568549,-1.3204272786218274,0.205421875,0.004244650838674646,0.007467895764972532,wiener,artillery/0017,artillery,1995,12.89,2,True,0.0160262999124825,0.004006574978120625
1.0955613851547241,0.7891434724383427,0.64056457603594,2.524452836196773,2.6754821161227826,4.766895717796489,True,1.1226747035980225,0.7983485978229912,0.6536598828977005,2.5835746612264416,2.629552972343342,4.863092530267289,0.04592914377944046,-0.059121825029668784,-0.02711331844329834,-0.00920512538464846,-3.3703787279884887,-3.304334296399958,-3.433855352208321,-3.472504833432918,0.324453125,-0.0660444315885309,0.03864948122459699,wiener,artillery/0018,artillery,6930,8.83,3,True,0.023843899834901094,0.005960974958725274
3.8598580360412598,0.9958872097940827,0.9920296637277806,25.02049983797783,25.017627798941998,32.795270690913135,True,3.8816487789154053,0.9958876624175725,0.9920318018746729,25.020966021134456,25.01814204829827,32.924818385387276,-0.0005142493562715345,-0.0004661831566252772,-0.021790742874145508,-4.526234897994641e-07,12.970861782585224,12.970761921887632,12.924997942056002,12.924841453485907,0.125,9.986069759193583e-05,0.00015648857009509243,wiener,artillery/0019,artillery,4970,7.64,1,False,0.019447899889200926,0.0048619749723002315
2.892700433731079,0.93925211525938,0.8979550846493454,7.619608099925742,7.624714208745673,30.679049098388482,True,2.904052734375,0.9392513839277192,0.8979937823407009,7.619858012062335,7.6246279145337095,31.466082961330567,8.629421196371112e-05,-0.000249912136593089,-0.011352300643920898,7.313316607859832e-07,-11.048136360980527,-11.047850691192263,-10.715130397973716,-10.715325332379388,0.121578125,-0.0002856697882638315,0.00019493440567153186,specsub,gunshot/0000,gunshot,5142,9.22,1,False,0.014466600026935339,0.0036166500067338347
1.5467742681503296,0.9443680687115825,0.7921010505146195,3.891001959923467,4.070625386108591,6.3591357373305355,True,1.5394258499145508,0.9448730121563927,0.795431619513726,3.8898251641682484,4.061065805240029,6.504926798527301,0.009559580868562456,0.0011767957552186736,0.007348418235778809,-0.0005049434448102241,1.514445789749638,1.506967965252982,1.360892808491624,1.3520720211492032,0.25,0.007477824496656016,0.008820787342420866,specsub,gunshot/0001,gunshot,4077,6.72,2,True,0.015411000000312924,0.003852750000078231
3.768306016921997,0.9989589588248887,0.9971162614916118,32.199417888378086,32.20117491940275,30.943895148513707,True,3.8241806030273438,0.9991601878089545,0.9987642805724914,32.4280733093195,32.428150441176896,33.87255013161075,-0.22697552177414337,-0.2286554209414149,-0.05587458610534668,-0.00020122898406582657,22.11352005212003,22.064423371506898,22.117047294555544,22.065287286906162,0.1215,0.04909668061313255,0.05176000764938138,specsub,gunshot/0002,gunshot,1580,9.58,1,False,0.011571899987757206,0.0028929749969393015
3.428551197052002,0.9990089717160999,0.9968730649199247,21.202420413673956,21.193932699569483,30.397524137252724,True,3.2802019119262695,0.999155808874499,0.9993977756636857,21.23588325904676,21.223436513052864,34.29290191554085,-0.02950381348338027,-0.033462845372802974,0.14834928512573242,-0.0001468371583990269,5.419509175552469,5.413675050231117,4.810939554035861,4.803933663739049,0.021375,0.0058341253213525235,0.0070058902968117565,specsub,gunshot/0003,gunshot,1580,11.33,1,False,0.013206799980252981,0.0033016999950632453
2.1924514770507812,0.9627274450097373,0.9494346908706747,14.733181452409118,14.290222039509807,16.81413753637753,True,2.1303906440734863,0.9656478159174423,0.9605218117374777,14.744720727573906,14.771672366428001,32.4709188398653,-0.48145032691819445,-0.01153927516478781,0.06206083297729492,-0.0029203709077050277,0.9386464924442671,0.9359026067753028,0.9174537163233563,0.9366837992311376,0.081,0.00274388566896433,-0.019230082907781387,specsub,gunshot/0004,gunshot,5105,2.83,1,False,0.01456120004877448,0.00364030001219362
2.3011398315429688,0.9656951609309404,0.9378385456426732,13.96789788849107,13.881814580001626,16.98723448332808,True,2.3308281898498535,0.967282204811773,0.9526583812540728,14.082138686995728,14.210158345576806,25.853959049399343,-0.3283437655751804,-0.11424079850465851,-0.029688358306884766,-0.0015870438808325282,8.799565720320938,8.813808857954285,8.884547143036096,8.874159276630158,0.214578125,-0.014243137633346947,0.010387866405938695,specsub,gunshot/0005,gunshot,1320,13.14,2,True,0.015010399976745248,0.003752599994186312
2.5323238372802734,0.9373636153324254,0.914051638666513,12.289912184078375,12.294539919442995,26.98457315138325,True,2.5386340618133545,0.9373646321149858,0.9141024175116549,12.289392605750873,12.292903805835188,28.604809240916882,0.0016361136078071326,0.000519578327502046,-0.006310224533081055,-1.0167825603701885e-06,6.873281279452853,6.871488857720398,6.886070801340473,6.883653945185979,0.25,0.001792421732455196,0.0024168561544941625,specsub,gunshot/0006,gunshot,4970,5.21,2,False,0.011402199976146221,0.0028505499940365553
3.597879409790039,0.9978728604507565,0.9905898799053624,18.32046856887512,18.322212102281348,30.363737190797018,True,3.6611926555633545,0.9978782759580714,0.9906142697928068,18.32438379139716,18.32477192495645,31.10180239482355,-0.0025598226751029074,-0.00391522252203913,-0.06331324577331543,-5.415507314920909e-06,12.794731660328777,12.789864124366485,12.788998784737917,12.783762098608953,0.125,0.00486753596229228,0.005236686128963441,specsub,gunshot/0007,gunshot,8455,1.13,1,False,0.014484000159427524,0.003621000039856881
3.370711088180542,0.9966045828690775,0.9843451060490497,20.304087039644557,20.18120491260962,19.692892631064055,True,3.373321056365967,0.9966061567394492,0.9843872915505535,20.303751696669387,20.180851501176956,19.691713223459104,0.0003534114326626536,0.0003353429751697945,-0.0026099681854248047,-1.5738703716960956e-06,-29.12025085477954,-29.09191183584702,-50.812584888102144,-50.81308526392089,0.0090625,-0.02833901893251678,0.0005003758187456242,specsub,gunshot/0008,gunshot,7021,8.37,1,True,0.014479800127446651,0.003619950031861663
3.6166772842407227,0.9999737060542472,0.99981489478496,21.829485552975893,21.830105809800166,31.368570608538136,True,3.700113534927368,0.999980125202178,0.9999095705636887,21.835894844071024,21.83545999257789,34.283970890901536,-0.005354182777722372,-0.006409291095131664,-0.08343625068664551,-6.4191479308695065e-06,-10.970180306857454,-10.962776406336559,-11.94220403632849,-11.943882158616715,0.01121875,-0.007403900520895235,0.0016781222882240598,specsub,gunshot/0009,gunshot,3570,13.71,1,False,0.015772299841046333,0.003943074960261583
3.3170011043548584,0.9936624602552763,0.9862667611102613,22.621930854560816,22.632043560675562,32.793445437398475,True,3.348283052444458,0.9936651049605969,0.9863322791430371,22.617725253910134,22.627662076423952,33.51485092559595,0.004381484251609891,0.004205600650681873,-0.03128194808959961,-2.6447053206313242e-06,11.429346271619817,11.422933793895702,11.558175777960988,11.551602770442248,0.18875,0.006412477724115462,0.006573007518740681,specsub,gunshot/0010,gunshot,7021,11.06,3,False,0.014641100075095892,0.003660275018773973
1.447033166885376,0.8722603481042072,0.8549695558619704,11.554033050957617,11.54097952049558,19.01284472010217,True,1.4315348863601685,0.8722144162944097,0.8551212865623332,11.545662158087444,11.525186555715766,18.738865191601896,0.015792964779812735,0.008370892870173563,0.01549828052520752,4.5931809797505885e-05,5.939549416139868,5.93644934071124,5.980004001794433,5.97095331379064,0.256859375,0.003100075428627669,0.009050688003792828,specsub,gunshot/0011,gunshot,1995,-2.54,3,True,0.01288249995559454,0.003220624988898635
1.1239902973175049,0.7224982992143633,0.6241864753494504,7.104063002663958,7.824180778494139,6.252871022946013,True,1.1247618198394775,0.7225321617577584,0.6249429373831378,7.061636062130839,7.780283916955631,6.308895438037296,0.04389686153850736,0.042426940533118795,-0.0007715225219726562,-3.386254339510231e-05,6.196230905612662,6.170890125750487,7.0973889346169035,7.073073076998528,0.47059375,0.025340779862174756,0.02431585761837507,specsub,gunshot/0012,gunshot,2094,11.86,4,True,0.01158490008674562,0.002896225021686405
1.8774442672729492,0.9877060179959086,0.9311009389035786,17.388882583728336,17.353948316383985,12.948648067410476,True,1.8405494689941406,0.9869787791276866,0.9296502955165734,17.19845262972559,17.15396879130763,12.616785595955701,0.19997952507635475,0.1904299540027452,0.036894798278808594,0.0007272388682220132,6.623155940868982,6.362013725066834,6.61752808830432,6.3270294164209195,0.106796875,0.26114221580214814,0.29049867188340084,specsub,gunshot/0013,gunshot,4992,10.92,1,True,0.01440420001745224,0.00360105000436306
1.4438434839248657,0.8573288500659872,0.7696703656651295,5.96331639785944,5.9129565091027985,5.506157212642816,True,1.4429727792739868,0.8573056034202945,0.7696371039229729,5.962757826382743,5.909421271284958,5.763838574173529,0.0035352378178403754,0.0005585714766969119,0.0008707046508789062,2.324664569275381e-05,2.071435419255469,2.0730344113716597,2.1448927354161116,2.1439166277791086,0.121640625,-0.001598992116190523,0.0009761076370029542,specsub,gunshot/0014,gunshot,1284,1.59,1,True,0.015267299953848124,0.003816824988462031
2.671537399291992,0.9738867904184972,0.9399697541952318,15.668744999425217,15.720616490269123,13.027360428255806,True,3.018339157104492,0.9792692034110322,0.9610517341775598,18.762176023456306,18.807330977160454,28.465060915983454,-3.0867144868913314,-3.093431024031089,-0.3468017578125,-0.005382412992534946,11.957587506962335,13.32487253903886,12.178095308140929,13.391767454961167,0.36928125,-1.3672850320765253,-1.2136721468202385,specsub,gunshot/0015,gunshot,2830,-1.98,3,False,0.015331000089645386,0.0038327500224113464
1.408097505569458,0.833347980601548,0.7994227501701375,5.954669816014938,5.959228099162505,23.55726390758538,True,1.4192157983779907,0.8332438127309634,0.7997469984685525,5.962764260675427,5.954921998941379,26.21903407503641,0.004306100221126208,-0.008094444660488698,-0.011118292808532715,0.00010416787058464827,0.9381050348808027,0.940883075864352,0.9215416074099042,0.9152370627985711,0.30746875,-0.0027780409835493902,0.006304544611333118,specsub,gunshot/0016,gunshot,1320,3.01,4,False,0.015317599987611175,0.0038293999969027936
2.901029586791992,0.9764683204940747,0.9370791392128113,16.783231868309706,16.799804192379188,30.50720177051905,True,2.9453930854797363,0.976471083529024,0.9370140955662599,16.787782597755175,16.802485443432136,32.83681945471342,-0.0026812510529481415,-0.004550729445469415,-0.04436349868774414,-2.763034949282428e-06,11.242561437221926,11.240190410312483,11.295690302414789,11.292613059351233,0.122796875,0.0023710269094436853,0.0030772430635561676,specsub,gunshot/0017,gunshot,8230,5.26,1,False,0.015222599962726235,0.003805649990681559
1.7675138711929321,0.9567384428323626,0.9073970610536913,15.141639595351876,15.121149072689333,11.674383721024691,True,1.7746329307556152,0.9568031176304082,0.9077988674435065,15.140418899836616,15.119747572487901,11.69092485426706,0.0014015002014318156,0.0012206955152596066,-0.0071190595626831055,-6.467479804550536e-05,14.103887613038834,14.102165844642645,13.975868468593246,13.97409325765208,0.125,0.001721768396189205,0.0017752109411652839,specsub,gunshot/0018,gunshot,1995,-1.98,1,True,0.013089100131765008,0.003272275032941252
1.580079436302185,0.8524861446913602,0.7533402090434119,10.13104557810654,10.046160699938289,6.916973596304813,True,1.580939769744873,0.8521507090943204,0.7531974096772146,10.080741931232742,9.970798267051235,7.192263601817268,0.07536243288705435,0.05030364687379851,-0.0008603334426879883,0.000335435597039746,-3.324297212039466,-2.986096458846259,-1.532314663449912,-1.7184536488912847,0.121484375,-0.33820075319320697,0.18613898544137264,specsub,gunshot/0019,gunshot,5105,4.13,1,True,0.012037599924951792,0.003009399981237948
1.82369065284729,0.9540499077775844,0.9101524719793274,14.700853523401047,14.74367349879815,13.256130494006918,True,1.7958990335464478,0.9540305302628918,0.9097465439227654,14.678451983895762,14.71848547636367,13.494357798459268,0.025188022434480928,0.02240153950528523,0.027791619300842285,1.9377514692608955e-05,2.689107542537835,2.6809740773372512,2.469597131155909,2.455812027608026,0.121625,0.008133465200583778,0.013785103547883093,specsub,gunshot/0020,gunshot,4992,3.94,1,True,0.013358499854803085,0.0033396249637007713
1.5538501739501953,0.8700649919856307,0.6968887647147392,8.482817740554747,8.53869973982648,6.552696679810283,True,1.5523087978363037,0.8692749430753263,0.6926858655921979,8.486678550739192,8.47544300717844,6.697507474303119,0.06325673264804088,-0.0038608101844452847,0.0015413761138916016,0.0007900489103044306,4.68444998958481,4.691440758447507,4.843586431722027,4.8099449749356955,0.251234375,-0.006990768862696228,0.03364145678633168,specsub,gunshot/0021,gunshot,4446,-2.77,3,True,0.013252099975943565,0.0033130249939858913
1.7056432962417603,0.9320972790984311,0.8358696049938514,7.604749895809345,7.760134706629281,6.24598492108918,True,1.7121474742889404,0.9320473306696448,0.8357971987601467,7.596093047539379,7.749026986080817,6.205574102324926,0.011107720548464428,0.0086568482699656,-0.006504178047180176,4.994842878625061e-05,3.6229859210438473,3.518745104030319,3.440579591746703,3.319477427013944,0.1214375,0.10424081701352828,0.12110216473275859,specsub,gunshot/0022,gunshot,5639,-4.66,1,True,0.010711600072681904,0.002677900018170476
3.813668727874756,0.9961471072680895,0.9921925095195566,22.447017629446048,22.445884320857555,32.182513813657145,True,3.8682658672332764,0.9961493786783836,0.9922030584941203,22.449354445289373,22.448401960896373,32.695880307825725,-0.0025176400388176035,-0.002336815843325013,-0.05459713935852051,-2.2714102940746272e-06,9.737432281366583,9.737010666434768,9.719867994290137,9.719060006932462,0.1215,0.0004216149318150286,0.0008079873576747332,specsub,gunshot/0023,gunshot,7127,5.22,1,False,0.013791000004857779,0.0034477500012144446
2.9220523834228516,0.988722806084907,0.9701834409733657,25.530853006503257,25.532553470761616,27.232964878384013,True,3.096214771270752,0.9887856800522831,0.9703508532284336,25.493024469016508,25.49261926612555,28.93068670330149,0.03993420463606512,0.037828537486749525,-0.1741623878479004,-6.287396737603146e-05,17.141218727297307,17.075619571120004,17.141548061350463,17.07284352861835,0.31296875,0.06559915617730283,0.06870453273211297,specsub,gunshot/0024,gunshot,3570,12.62,3,False,0.01317439996637404,0.00329359999159351
2.868143081665039,0.9361289979692621,0.8861402990257379,14.945456409481748,14.957472543172052,12.767696279833691,True,2.964982748031616,0.9360440696029446,0.885875362576922,14.940689545658701,14.949427416314666,12.8524571646692,0.008045126857386009,0.0047668638230469185,-0.09683966636657715,8.492836631746048e-05,4.146833062133258,4.141205711513288,4.496144804311791,4.4840688574629235,0.121296875,0.005627350619969995,0.012075946848867147,specsub,gunshot/0025,gunshot,3729,5.7,1,True,0.014377799816429615,0.0035944499541074038
4.025193214416504,0.9942436340887634,0.9915128734554695,29.306321889371077,29.303420681622082,33.582621055563386,True,4.057178020477295,0.9942465704605404,0.9915412615807162,29.30817794650356,29.305183764418974,33.790191171898286,-0.0017630827968915241,-0.0018560571324819364,-0.031984806060791016,-2.9363717770625186e-06,17.556742300324565,17.555301547808277,17.511718364259114,17.51014744202511,0.122390625,0.0014407525162880574,0.0015709222340021256,specsub,gunshot/0026,gunshot,5142,11.88,1,False,0.020111499819904566,0.0050278749549761415
2.2352755069732666,0.9888444099847162,0.9682945447312543,22.77186926953641,22.667693797673003,25.011767491949872,True,2.210749387741089,0.9888699276059765,0.9694502840540438,22.839259535131603,22.8366492029217,32.28137258269652,-0.16895540524869546,-0.06739026559519345,0.024526119232177734,-2.5517621260240375e-05,12.797061503625786,12.777199510819425,12.757318594206154,12.739313671135102,0.121984375,0.019861992806360362,0.018004923071051948,specsub,gunshot/0027,gunshot,3570,3.34,1,False,0.01351980003528297,0.0033799500088207424
2.0594778060913086,0.8869343550158106,0.7929121237916441,10.13423930141942,10.336023078983622,8.412441810107296,True,2.0998780727386475,0.8881053100852631,0.798077225265873,10.12985189398903,10.330191720884137,8.782391138333024,0.0058313580994848735,0.004387407430389345,-0.04040026664733887,-0.0011709550694524173,-8.500983323255053,-7.876454192619265,-6.74745808735877,-6.933178845721643,0.124234375,-0.6245291306357874,0.18572075836287283,specsub,gunshot/0028,gunshot,7176,3.43,1,True,0.013985399855300784,0.003496349963825196
1.5731046199798584,0.9395934780384282,0.844965618617033,9.301704671753981,9.229519714625145,6.432584283617679,True,1.6113640069961548,0.9440989231632242,0.8617190572670731,9.253002780708801,9.163843870777594,6.680474870124393,0.06567584384755065,0.04870189104518019,-0.03825938701629639,-0.004505445124796004,7.391705955971104,7.334265449211218,7.502290193121576,7.440125081336706,0.121609375,0.05744050675988621,0.06216511178486961,specsub,gunshot/0029,gunshot,61,12.42,1,True,0.015448799822479486,0.0038621999556198716
3.6028668880462646,0.999011920596532,0.9935533371960624,24.74272038826948,24.690201704694186,28.422958428564304,True,3.784499168395996,0.9993069829815102,0.9973775250079822,24.973043613416003,25.00366576308543,34.2801090108866,-0.3134640583912436,-0.23032322514652392,-0.18163228034973145,-0.00029506238497822856,17.53397333839756,17.559232385636612,17.559809932607596,17.588367835216015,0.136265625,-0.0252590472390537,-0.028557902608419283,specsub,gunshot/0030,gunshot,4077,-1.14,2,False,0.016573800006881356,0.004143450001720339
2.861865758895874,0.9967001504113819,0.9877301761631468,24.66048900543349,20.011023502234643,14.07228823558636,True,2.801285982131958,0.9967419053509738,0.9882101385151594,24.89685331897228,24.937263438799384,32.37705211948643,-4.926239936564741,-0.23636431353878962,0.060579776763916016,-4.1754939591909235e-05,15.223006361856022,15.226705597489147,14.558497364987655,15.27768857068346,0.121609375,-0.0036992356331246867,-0.7191912056958056,specsub,gunshot/0031,gunshot,5105,5.14,1,False,0.012912699952721596,0.003228174988180399
3.6683740615844727,0.9971936833516238,0.9900670757047224,31.645512297308297,31.646337286820355,32.84075512859679,True,3.70805025100708,0.9972075116152871,0.9901157629088955,31.684657967499295,31.684873803383354,33.527254321714,-0.03853651656299917,-0.03914567019099735,-0.03967618942260742,-1.3828263663251406e-05,20.60872068357994,20.610772810541434,20.613015115791875,20.61392443012432,0.121453125,-0.0020521269614945936,-0.0009093143324463426,specsub,gunshot/0032,gunshot,2300,5.47,1,False,0.010716000106185675,0.0026790000265464187
3.3044931888580322,0.9844741445010602,0.9840618251874215,29.81558623696052,29.81683291513388,32.45805727636603,True,3.3162176609039307,0.9844728162257828,0.9840611439832099,29.815673339509836,29.816888651381678,32.45788592104724,-5.5736247798421346e-05,-8.710254931543204e-05,-0.011724472045898438,1.3282752774346207e-06,27.391111107888143,27.390051224719446,27.39317717491585,27.392116203955226,0.35340625,0.0010598831686969845,0.0010609709606228535,specsub,gunshot/0033,gunshot,1995,1.91,3,False,0.012772100046277046,0.0031930250115692616
2.913911819458008,0.9721297794920374,0.9620302250317444,23.837136857393073,23.83893160000005,29.98479817964953,True,2.9979519844055176,0.9720718278462086,0.9627006425733492,23.868667955807364,23.867812350005938,31.359621355634456,-0.02888075000588941,-0.03153109841429114,-0.08404016494750977,5.7951645828779874e-05,18.967597270117494,18.971330170139957,18.968261847892933,18.968677142346763,0.43840625,-0.0037329000224630704,-0.0004152944538304837,specsub,gunshot/0034,gunshot,6930,-2.63,4,False,0.015737799927592278,0.003934449981898069
3.796727180480957,0.9809857817942554,0.9766285668436923,27.40752287230127,27.408098728494615,33.05585677127405,True,3.813833236694336,0.9809855905355719,0.9766605760630884,27.408547444285603,27.409013909207978,33.087946597416405,-0.0009151807133633838,-0.0010245719843311463,-0.017106056213378906,1.912586835572938e-07,24.12622182194926,24.125202824133815,24.127241840482792,24.12614387215389,0.24284375,0.001018997815446454,0.0010979683289029651,specsub,gunshot/0035,gunshot,7021,9.1,2,False,0.014620000030845404,0.003655000007711351
2.146312952041626,0.9537987149884225,0.8626267124654021,12.845875058110312,12.803766478645361,9.886475627713319,True,2.151745319366455,0.9536359020016125,0.8597532151377031,12.663889184934305,12.57529148808677,9.616123192212923,0.22847499055859188,0.18198587317600712,-0.0054323673248291016,0.00016281298680997924,12.714428385027041,12.63503028519757,12.56767977548071,12.449754896796545,0.121421875,0.07939809982947033,0.11792487868416579,specsub,gunshot/0036,gunshot,7176,0.77,1,True,0.011964199831709266,0.0029910499579273164
1.7872750759124756,0.9517336740828545,0.917505029464996,13.937589066227506,13.938558038049463,12.921906014409947,True,1.7918202877044678,0.9546680656083038,0.9223325549770376,13.886980617118347,13.877623938834684,12.95586824738309,0.060934099214778215,0.05060844910915918,-0.0045452117919921875,-0.002934391525449276,10.641559715441096,10.594730004105159,10.68734766537207,10.63354032692235,0.2425625,0.04682971133593661,0.053807338449718856,specsub,gunshot/0037,gunshot,1221,-0.94,2,True,0.0127834000159055,0.003195850003976375
1.5730805397033691,0.6429012578429238,0.5992842261066649,6.547746973607753,6.531417513866047,4.104417576696933,True,1.6046476364135742,0.6501305161483576,0.6116905841175294,6.483545377076975,6.4301264358287735,3.5187827993736396,0.10129107803727333,0.0642015965307774,-0.03156709671020508,-0.00722925830543375,3.22918058501064,3.1959894159779356,3.224497333359051,3.1739703192341966,0.2429375,0.03319116903270425,0.050527014124854386,specsub,gunshot/0038,gunshot,1188,-3.9,2,True,0.014680800028145313,0.0036702000070363283
2.5984814167022705,0.9960552297673577,0.9933299873623165,15.268972027734728,15.266297264664086,33.22104557942805,True,2.6224205493927,0.9960554949830396,0.9933303592291285,15.268964200950151,15.266292030906047,33.22104063622742,5.233758038514225e-06,7.82678457689201e-06,-0.023939132690429688,-2.6521568186055333e-07,6.661612985032969,6.661597667223379,6.642094250410251,6.642077417438338,0.125,1.5317809589632247e-05,1.6832971913238737e-05,specsub,gunshot/0039,gunshot,1995,-1.6,1,False,0.012607499957084656,0.003151874989271164
1.5184595584869385,0.9612622875903718,0.8596798264382106,11.412565072507048,11.427731737446305,10.585520849680485,True,1.4958078861236572,0.9611775446532674,0.8592126209173034,11.384130464874804,11.394962114250305,10.408361098431135,0.03276962319599974,0.028434607632243925,0.02265167236328125,8.474293710436509e-05,10.709041367178747,10.691658274749008,10.744852739107056,10.72537694253027,0.3135,0.017383092429739122,0.019475796576786664,specsub,artillery/0000,artillery,5142,-1.34,3,True,0.012633400037884712,0.003158350009471178
3.239513635635376,0.9526015081558588,0.9412786842128081,24.442023870494054,24.451464793383842,25.36142494751632,True,3.522458076477051,0.9546245609070334,0.9457731680978337,26.433743555467085,26.435414299350704,31.936787044800926,-1.9839495059668621,-1.991719684973031,-0.2829444408416748,-0.0020230527511746477,8.810675511798253,9.603020593022869,9.1080790032106,9.62409808472907,0.125,-0.7923450812246156,-0.5160190815184702,specsub,artillery/0001,artillery,61,14.31,1,False,0.012203000020235777,0.0030507500050589442
2.74446439743042,0.9861154951424703,0.9580754733023062,15.770108427162127,15.771065381788416,28.243641371084173,True,2.640202760696411,0.9861622260325548,0.9585078058750428,15.774632525101975,15.773335308387972,30.535479848986064,-0.002269926599556271,-0.004524097939848204,0.10426163673400879,-4.673089008444542e-05,5.54981251285985,5.548277149088562,5.5382272954376734,5.534595169127195,0.125,0.0015353637712882673,0.0036321263104781565,specsub,artillery/0002,artillery,8463,11.2,1,False,0.01362930005416274,0.003407325013540685
1.8515217304229736,0.9438422271900319,0.9112834030506897,16.15787561944401,16.106093740091787,13.432874175883192,True,1.8417468070983887,0.9438138792491091,0.9115808364358191,16.04117407345299,15.975038129140565,13.000182334370848,0.13105561095122198,0.11670154599102034,0.009774923324584961,2.8347940922768267e-05,12.878019463601229,12.867278751333998,12.589192623627639,12.562530702670411,0.125,0.010740712267230279,0.026661920957227636,specsub,artillery/0003,artillery,3570,10.35,1,True,0.01302510011009872,0.00325627502752468
1.9559030532836914,0.978013270300569,0.9624440619035125,13.865836216526503,13.859252632170167,27.507168620858838,True,1.9858102798461914,0.9780144844325018,0.9624688140305595,13.866019047049969,13.859238553394267,27.900968262567577,1.4078775899761808e-05,-0.0001828305234656824,-0.0299072265625,-1.2141319328806688e-06,7.4715242815904865,7.471350771499486,7.449627735835219,7.449215233695728,0.25,0.00017351009100075032,0.00041250213949073355,specsub,artillery/0004,artillery,3570,6.43,2,False,0.013978500152006745,0.0034946250380016863
1.554800271987915,0.9455200391951721,0.8503358800888005,9.623972903847118,9.618555890230251,7.879863389145839,True,1.5547269582748413,0.9455205544985449,0.8503357255433361,9.611813912458368,9.607414558494712,7.833085838336332,0.011141331735538884,0.012158991388750096,7.331371307373047e-05,-5.153033727500755e-07,5.418844160927262,5.4101181985094025,5.261832781026877,5.25511918393571,0.25,0.008725962417859279,0.006713597091167145,specsub,artillery/0005,artillery,7127,8.98,2,True,0.013572600204497576,0.003393150051124394
2.6835806369781494,0.9910718629213772,0.977819714821715,14.757744497043461,14.727188526915766,31.235414055100744,True,2.744131565093994,0.9910847931063335,0.9780041538001341,14.757554679570175,14.726509876976985,32.781950732732255,0.000678649938780751,0.00018981747328616905,-0.06055092811584473,-1.293018495629461e-05,8.101463936144139,8.099677264293627,7.874356569809851,7.872492059498332,0.125,0.0017866718505121781,0.0018645103115195738,specsub,artillery/0006,artillery,3575,2.99,1,False,0.014504400081932545,0.003626100020483136
2.3656821250915527,0.9784863259494455,0.924207209610645,14.354530309286632,14.357494667382502,11.17921448896028,True,2.348884105682373,0.9784549076103608,0.9242136331674867,14.29722550530933,14.29424721695722,11.202739702627024,0.06324745042528157,0.057304803977302754,0.016798019409179688,3.1418339084710034e-05,7.005915327911609,6.9947468851593015,6.962394296273423,6.9410256992927,0.125,0.011168442752307328,0.021368596980723353,specsub,artillery/0007,artillery,8463,0.05,1,True,0.014115500031039119,0.0035288750077597797
1.3362685441970825,0.935616328188869,0.804135530855297,7.254498269823807,7.285577264043972,5.99653205298787,True,1.3254265785217285,0.9351461212679377,0.8033786365067889,7.184281673433738,7.193796039177994,5.654519757238873,0.0917812248659784,0.07021659639006916,0.010841965675354004,0.0004702069209312487,4.993161707383603,4.944345587775159,4.92465614664064,4.847922370781725,0.125,0.048816119608443564,0.07673377585891483,specsub,artillery/0008,artillery,1995,14.31,1,True,0.010593200102448463,0.002648300025612116
1.7509005069732666,0.9437258139680904,0.8658142279225807,12.608515367460127,12.636548282854745,12.308372664071126,True,1.737135648727417,0.9436018488933542,0.8632820154851824,12.572762545610436,12.5927479771632,12.211486541578623,0.043800305691545915,0.035752821849690974,0.01376485824584961,0.00012396507473622087,7.559600777427102,7.540050907581328,7.609374262236342,7.5829177841906334,0.25,0.01954986984577367,0.026456478045708387,specsub,artillery/0009,artillery,8463,11.34,2,True,0.012986599933356047,0.0032466499833390117
1.3621100187301636,0.891794894528268,0.8103402780795524,5.676530552180167,5.715191938662507,7.32185007002248,True,1.4030582904815674,0.8918866626657266,0.8097903929472584,5.676839251410658,5.712409317840281,8.274776079443532,0.002782620822225468,-0.0003086992304908165,-0.04094827175140381,-9.176813745859214e-05,2.058877903604593,2.0567352816749533,2.014301591340276,2.011940077651862,0.13421875,0.0021426219296398763,0.0023615136884140853,specsub,artillery/0010,artillery,3729,0.2,2,True,0.010123300133273005,0.0025308250333182514
1.8102233409881592,0.9174893218245163,0.8441827190999309,6.693812383516978,6.741617437402047,13.557625715360164,True,1.938246488571167,0.9199024714989409,0.848384272956249,6.727625381836914,6.739790978664571,22.683108488164834,0.001826458737475889,-0.03381299831993623,-0.1280231475830078,-0.0024131496744246306,2.514647355040129,2.4914710307616197,2.5589222343869773,2.522515000961769,0.33328125,0.02317632427850924,0.03640723342520813,specsub,artillery/0011,artillery,61,6.51,3,False,0.014794900082051754,0.0036987250205129385
3.540766716003418,0.9475860046111594,0.923662740752836,17.54690206864657,17.550969839039,27.65691728211748,True,3.6788511276245117,0.9476684815153461,0.9239654302034105,17.544970910411116,17.54649439198439,30.57205535721678,0.00447544705460956,0.001931158235453978,-0.13808441162109375,-8.247690418672349e-05,1.5368693808061142,1.527420748844828,1.5910166070899898,1.5788868734530297,0.125,0.009448631961286313,0.012129733636960127,specsub,artillery/0012,artillery,1320,10.67,1,False,0.01181600010022521,0.0029540000250563025
2.4907326698303223,0.9715153553068465,0.9423238122765492,9.04268307010643,9.034225686320298,24.969253513577236,True,2.671621799468994,0.9715478002507233,0.942803301082294,9.04347413086578,9.03330672193524,27.75745451545966,0.0009189643850575635,-0.0007910607593508701,-0.18088912963867188,-3.244494387677488e-05,2.005333503763948,2.0042706505156067,1.9543341622555621,1.9525212835733583,0.190640625,0.0010628532483414332,0.0018128786822038112,specsub,artillery/0013,artillery,7176,9.2,2,False,0.011628000065684319,0.0029070000164210796
4.095343112945557,0.9979086876195017,0.9910940622958657,27.783130781405646,27.786536516933957,23.520651403298448,True,4.212928295135498,0.9999999999981743,0.9999999998646354,31.996702265758493,31.996988356274024,34.68149434307514,-4.210451839340067,-4.213571484352848,-0.1175851821899414,-0.0020913123786726606,-7.960490063088618,-6.9616092291682055,-6.324351817539801,-6.346302855526533,0.005921875,-0.9988808339204125,0.021951037986731592,specsub,artillery/0014,artillery,1221,7.03,1,False,0.013667599996551871,0.003416899999137968
1.0687614679336548,0.7074251638382496,0.5122193698791142,-6.037476862620035,-6.376933806354299,-4.8019998245105935,True,1.071121096611023,0.7096617583080232,0.5115238422143792,-6.042669880586184,-6.458306175109466,-4.860234720111669,0.08137236875516685,0.005193017966148794,-0.002359628677368164,-0.002236594469773645,-7.97992470930729,-7.967981450930991,-9.580225579547768,-9.61746024930456,0.307140625,-0.011943258376298616,0.037234669756792016,specsub,artillery/0015,artillery,3570,-1.42,3,True,0.014044699957594275,0.003511174989398569
1.3408957719802856,0.7773495075706027,0.617588223108246,4.125110390392677,4.189775525478793,2.7487496645978124,True,1.3433012962341309,0.777119526231093,0.6189616798757059,4.1283752712774255,4.18061755566384,2.876270360232661,0.009157969814952871,-0.0032648808847488553,-0.002405524253845215,0.00022998133950968835,-1.7960298058557194,-1.7929988553413934,-1.5923374614929657,-1.5968776389796757,0.125,-0.003030950514326003,0.004540177486709984,specsub,artillery/0016,artillery,672,-1.54,1,True,0.013172299833968282,0.0032930749584920704
1.3986501693725586,0.9335816797984552,0.8658443775229366,7.336373833381591,7.1163778629137,14.502954903294759,True,1.3871972560882568,0.9335875921186497,0.8658044453721391,7.3343586589140415,7.112216510431434,14.352034965321506,0.004161352482265457,0.0020151744675498406,0.011452913284301758,-5.9123201945343595e-06,-0.3508044041687952,-0.35176024158367125,-1.3179686998150766,-1.3204272786218274,0.205421875,0.0009558374148760374,0.002458578806750822,specsub,artillery/0017,artillery,1995,12.89,2,True,0.010412500007078052,0.002603125001769513
1.1115056276321411,0.7977031980195458,0.6519177083031419,2.580657947237567,2.6549809612140622,4.942643700154174,True,1.1226747035980225,0.7983485978229912,0.6536598828977005,2.5835746612264416,2.629552972343342,4.863092530267289,0.025427988870720064,-0.0029167139888746085,-0.011169075965881348,-0.0006453998034453567,-3.3206802030246503,-3.304334296399958,-3.457037687641863,-3.472504833432918,0.324453125,-0.016345906624692486,0.015467145791054904,specsub,artillery/0018,artillery,6930,8.83,3,True,0.013509099837392569,0.003377274959348142
3.872891664505005,0.9958875228768228,0.9920312972609976,25.0207870298051,25.017871515538225,32.92469130445604,True,3.8816487789154053,0.9958876624175725,0.9920318018746729,25.020966021134456,25.01814204829827,32.924818385387276,-0.0002705327600445173,-0.00017899132935639273,-0.00875711441040039,-1.3954074973288044e-07,12.970785766423877,12.970761921887632,12.924872316456115,12.924841453485907,0.125,2.384453624415528e-05,3.086297020793438e-05,specsub,artillery/0019,artillery,4970,7.64,1,False,0.0145388999953866,0.00363472499884665
3.2726657390594482,0.9752186813071683,0.9300602355826023,16.89455792189205,16.97935187924509,24.846995935040475,True,2.904052734375,0.9392513839277192,0.8979937823407009,7.619858012062335,7.6246279145337095,31.466082961330567,9.354723964711381,9.274699909829717,0.36861300468444824,0.03596729737944904,-3.7327196616951808,-11.047850691192263,0.5157940261560574,-10.715325332379388,0.121578125,7.315131029497082,11.231119358535445,gtcrn_dns3,gunshot/0000,gunshot,5142,9.22,1,False,0.7881143998820335,0.19702859997050837
2.1178152561187744,0.9664297891129912,0.864187135353062,9.67307368491507,9.098337076072614,7.137178422114568,True,1.5394258499145508,0.9448730121563927,0.795431619513726,3.8898251641682484,4.061065805240029,6.504926798527301,5.037271270832585,5.78324852074682,0.5783894062042236,0.02155677695659841,8.460771509353556,1.506967965252982,8.93631971101965,1.3520720211492032,0.25,6.953803544100574,7.5842476898704465,gtcrn_dns3,gunshot/0001,gunshot,4077,6.72,2,True,0.2032437000889331,0.05081092502223328
3.816777467727661,0.9921565916704824,0.977307645874221,23.31057454818435,22.808905946574566,21.699086210864376,True,3.8241806030273438,0.9991601878089545,0.9987642805724914,32.4280733093195,32.428150441176896,33.87255013161075,-9.61924449460233,-9.117498761135153,-0.007403135299682617,-0.0070035961384721235,21.84640567541284,22.064423371506898,21.394787842215877,22.065287286906162,0.1215,-0.21801769609405852,-0.6704994446902859,gtcrn_dns3,gunshot/0002,gunshot,1580,9.58,1,False,0.1913034999743104,0.0478258749935776
3.0291924476623535,0.9868307192721159,0.9737818750576422,17.239214349109407,17.034701519631035,19.31184365220099,True,3.2802019119262695,0.999155808874499,0.9993977756636857,21.23588325904676,21.223436513052864,34.29290191554085,-4.1887349934218285,-3.996668909937352,-0.251009464263916,-0.0123250896023831,6.343919221908622,5.413675050231117,6.507773247169013,4.803933663739049,0.021375,0.9302441716775052,1.7038395834299633,gtcrn_dns3,gunshot/0003,gunshot,1580,11.33,1,False,0.19973500003106892,0.04993375000776723
3.7498281002044678,0.9870130382793004,0.9606670817782996,21.025365486721206,19.848785922042982,17.612054342458052,True,2.1303906440734863,0.9656478159174423,0.9605218117374777,14.744720727573906,14.771672366428001,32.4709188398653,5.0771135556149805,6.2806447591473,1.6194374561309814,0.021365222361858116,8.753109178565788,0.9359026067753028,9.068874201930045,0.9366837992311376,0.081,7.817206571790486,8.132190402698907,gtcrn_dns3,gunshot/0004,gunshot,5105,2.83,1,False,0.19931659987196326,0.049829149967990816
3.1003429889678955,0.9801348333324676,0.9500996829615971,19.93509885762521,19.38868880985631,19.870143835349765,True,2.3308281898498535,0.967282204811773,0.9526583812540728,14.082138686995728,14.210158345576806,25.853959049399343,5.178530464279502,5.852960170629482,0.769514799118042,0.012852628520694687,15.050022969085195,8.813808857954285,14.933811136350636,8.874159276630158,0.214578125,6.236214111130909,6.0596518597204785,gtcrn_dns3,gunshot/0005,gunshot,1320,13.14,2,True,0.20779359992593527,0.05194839998148382
3.473660945892334,0.9645242459642633,0.9293563056512376,21.17110447180865,21.063719612810683,20.88525160374957,True,2.5386340618133545,0.9373646321149858,0.9141024175116549,12.289392605750873,12.292903805835188,28.604809240916882,8.770815806975495,8.881711866057778,0.9350268840789795,0.027159613849277564,16.43481059434378,6.871488857720398,16.458479124192333,6.883653945185979,0.25,9.563321736623383,9.574825179006353,gtcrn_dns3,gunshot/0006,gunshot,4970,5.21,2,False,0.19016929995268583,0.04754232498817146
3.7858123779296875,0.9966783856881319,0.9898015785402042,22.184280326794617,21.769590170200395,25.40320310495428,True,3.6611926555633545,0.9978782759580714,0.9906142697928068,18.32438379139716,18.32477192495645,31.10180239482355,3.444818245243944,3.859896535397457,0.12461972236633301,-0.0011998902699394964,17.828024873940528,12.789864124366485,17.682181264231765,12.783762098608953,0.125,5.038160749574043,4.898419165622812,gtcrn_dns3,gunshot/0007,gunshot,8455,1.13,1,False,0.20355620002374053,0.05088905000593513
3.5607995986938477,0.9955063591836251,0.9792637806302003,19.726531751169148,19.72844738494207,18.2740161737743,True,3.373321056365967,0.9966061567394492,0.9843872915505535,20.303751696669387,20.180851501176956,19.691713223459104,-0.45240411623488797,-0.5772199455002394,0.18747854232788086,-0.0010997975558241224,-14.438194203680204,-29.09191183584702,-25.935946869161764,-50.81308526392089,0.0090625,14.653717632166817,24.877138394759125,gtcrn_dns3,gunshot/0008,gunshot,7021,8.37,1,True,0.2109793999698013,0.05274484999245033
3.688005208969116,0.9827822164651981,0.9684448074241977,26.14066945415258,25.744489598018042,24.413206728334078,True,3.700113534927368,0.999980125202178,0.9999095705636887,21.835894844071024,21.83545999257789,34.283970890901536,3.9090296054401534,4.304774610081555,-0.012108325958251953,-0.017197908736979906,-2.8047875663434474,-10.962776406336559,1.0728538690663945,-11.943882158616715,0.01121875,8.157988839993111,13.016736027683109,gtcrn_dns3,gunshot/0009,gunshot,3570,13.71,1,False,0.20946600008755922,0.052366500021889806
4.093225002288818,0.9966957158116931,0.9903820035325546,24.98283689567806,24.725838136872916,27.85787748305383,True,3.348283052444458,0.9936651049605969,0.9863322791430371,22.617725253910134,22.627662076423952,33.51485092559595,2.0981760604489637,2.3651116417679248,0.7449419498443604,0.003030610851096238,21.234620114824093,11.422933793895702,21.01630805874742,11.551602770442248,0.18875,9.811686320928391,9.464705288305172,gtcrn_dns3,gunshot/0010,gunshot,7021,11.06,3,False,0.20083410013467073,0.050208525033667684
2.8363847732543945,0.9495974879176589,0.9249843342471424,19.59358312890068,19.47836196302839,20.224653027667905,True,1.4315348863601685,0.8722144162944097,0.8551212865623332,11.545662158087444,11.525186555715766,18.738865191601896,7.953175407312624,8.047920970813236,1.404849886894226,0.0773830716232492,15.098313604977871,5.93644934071124,15.066650665889805,5.97095331379064,0.256859375,9.161864264266631,9.095697352099165,gtcrn_dns3,gunshot/0011,gunshot,1995,-2.54,3,True,0.1790861999616027,0.04477154999040067
1.5119431018829346,0.8383160141048127,0.7512844334468959,7.126531847781296,6.610111284939931,7.760856080916,True,1.1247618198394775,0.7225321617577584,0.6249429373831378,7.061636062130839,7.780283916955631,6.308895438037296,-1.1701726320157002,0.06489578565045662,0.38718128204345703,0.11578385234705435,7.554553658575093,6.170890125750487,5.898701072470369,7.073073076998528,0.47059375,1.383663532824606,-1.1743720045281592,gtcrn_dns3,gunshot/0012,gunshot,2094,11.86,4,True,0.20001110015437007,0.05000277503859252
2.860222816467285,0.9887009523918824,0.951587152377982,18.44415459325985,18.503368744293624,14.676878129348834,True,1.8405494689941406,0.9869787791276866,0.9296502955165734,17.19845262972559,17.15396879130763,12.616785595955701,1.3493999529859941,1.245701963534259,1.0196733474731445,0.0017221732641957699,8.18288548577691,6.362013725066834,8.764163484178631,6.3270294164209195,0.106796875,1.8208717607100766,2.437134067757712,gtcrn_dns3,gunshot/0013,gunshot,4992,10.92,1,True,0.19167479989118874,0.047918699972797185
1.787563681602478,0.9059671404754913,0.7980672404970212,7.837631314486538,8.164088805884688,7.18521763008608,True,1.4429727792739868,0.8573056034202945,0.7696371039229729,5.962757826382743,5.909421271284958,5.763838574173529,2.2546675345997302,1.8748734881037947,0.3445909023284912,0.048661537055196824,6.347043911155326,2.0730344113716597,7.13010731985438,2.1439166277791086,0.121640625,4.274009499783666,4.986190692075271,gtcrn_dns3,gunshot/0014,gunshot,1284,1.59,1,True,0.20371740008704364,0.05092935002176091
2.4744808673858643,0.9413474648857365,0.8960080237290065,12.983223511497307,12.516726704441032,8.82589734339958,True,3.018339157104492,0.9792692034110322,0.9610517341775598,18.762176023456306,18.807330977160454,28.465060915983454,-6.290604272719422,-5.778952511958998,-0.5438582897186279,-0.03792173852529568,10.056496135380184,13.32487253903886,9.992609782292035,13.391767454961167,0.36928125,-3.268376403658676,-3.3991576726691317,gtcrn_dns3,gunshot/0015,gunshot,2830,-1.98,3,False,0.19410640001296997,0.04852660000324249
2.1096909046173096,0.9190011336330437,0.8870262047036602,13.727099613713795,13.75265307585754,20.72278050121364,True,1.4192157983779907,0.8332438127309634,0.7997469984685525,5.962764260675427,5.954921998941379,26.21903407503641,7.79773107691616,7.764335353038368,0.6904751062393188,0.08575732090208033,8.412447958545318,0.940883075864352,8.892453376810995,0.9152370627985711,0.30746875,7.4715648826809655,7.9772163140124235,gtcrn_dns3,gunshot/0016,gunshot,1320,3.01,4,False,0.18007120001129806,0.045017800002824515
3.6563193798065186,0.9837976764826842,0.9535321465951307,20.00878379485712,19.848407083210553,21.211519493494457,True,2.9453930854797363,0.976471083529024,0.9370140955662599,16.787782597755175,16.802485443432136,32.83681945471342,3.045921639778417,3.2210011971019448,0.7109262943267822,0.007326592953660227,16.96695006218408,11.240190410312483,17.0082057004524,11.292613059351233,0.122796875,5.726759651871596,5.715592641101168,gtcrn_dns3,gunshot/0017,gunshot,8230,5.26,1,False,0.19308719993568957,0.04827179998392239
2.173109292984009,0.9569746073735672,0.912870218742166,16.101056510290917,16.17505023423906,13.561097291576905,True,1.7746329307556152,0.9568031176304082,0.9077988674435065,15.140418899836616,15.119747572487901,11.69092485426706,1.055302661751158,0.9606376104543006,0.39847636222839355,0.00017148974315905896,14.958944762217442,14.102165844642645,14.977891213492905,13.97409325765208,0.125,0.8567789175747968,1.0037979558408239,gtcrn_dns3,gunshot/0018,gunshot,1995,-1.98,1,True,0.19724590005353093,0.04931147501338273
1.7845258712768555,0.8611960742641486,0.7726325413385045,11.582842648728596,11.772598932136027,8.669061256290147,True,1.580939769744873,0.8521507090943204,0.7531974096772146,10.080741931232742,9.970798267051235,7.192263601817268,1.8018006650847926,1.5021007174958534,0.20358610153198242,0.009045365169828123,0.008974707141554522,-2.986096458846259,2.9814462761792466,-1.7184536488912847,0.121484375,2.9950711659878135,4.699899925070532,gtcrn_dns3,gunshot/0019,gunshot,5105,4.13,1,True,0.19304999988526106,0.048262499971315265
2.9272546768188477,0.9578987862486246,0.9342367291860393,17.46797795454354,17.49112942321284,14.616028505512094,True,1.7958990335464478,0.9540305302628918,0.9097465439227654,14.678451983895762,14.71848547636367,13.494357798459268,2.77264394684917,2.7895259706477766,1.1313556432724,0.003868255985732816,8.11140835494154,2.6809740773372512,8.695669233344361,2.455812027608026,0.121625,5.430434277604289,6.239857205736335,gtcrn_dns3,gunshot/0020,gunshot,4992,3.94,1,True,0.18393460009247065,0.04598365002311766
1.9130706787109375,0.9174325914129245,0.7596557377254963,12.082442214087589,12.295768089784122,8.953961310221022,True,1.5523087978363037,0.8692749430753263,0.6926858655921979,8.486678550739192,8.47544300717844,6.697507474303119,3.8203250826056827,3.5957636633483965,0.3607618808746338,0.04815764833759828,10.403843669563127,4.691440758447507,10.819429761311959,4.8099449749356955,0.251234375,5.71240291111562,6.009484786376263,gtcrn_dns3,gunshot/0021,gunshot,4446,-2.77,3,True,0.18689750018529594,0.046724375046323985
2.2138078212738037,0.9465400125750324,0.8766032425126945,8.617331662727858,9.028923605862365,8.323765963301781,True,1.7121474742889404,0.9320473306696448,0.8357971987601467,7.596093047539379,7.749026986080817,6.205574102324926,1.2798966197815487,1.0212386151884791,0.5016603469848633,0.01449268190538755,6.198726743543293,3.518745104030319,7.087576528322547,3.319477427013944,0.1214375,2.6799816395129743,3.7680991013086027,gtcrn_dns3,gunshot/0022,gunshot,5639,-4.66,1,True,0.1973257998470217,0.049331449961755425
3.6275086402893066,0.9867838445689279,0.9738715628637103,17.535562515212625,17.34892415645477,19.670036935475483,True,3.8682658672332764,0.9961493786783836,0.9922030584941203,22.449354445289373,22.448401960896373,32.695880307825725,-5.099477804441602,-4.913791930076748,-0.24075722694396973,-0.009365534109455731,11.818548902999462,9.737010666434768,11.616910260071664,9.719060006932462,0.1215,2.0815382365646933,1.897850253139202,gtcrn_dns3,gunshot/0023,gunshot,7127,5.22,1,False,0.20898310001939535,0.05224577500484884
3.4271605014801025,0.9778377584392602,0.9655381433135238,22.3158928108614,22.172311641490623,24.228117670208785,True,3.096214771270752,0.9887856800522831,0.9703508532284336,25.493024469016508,25.49261926612555,28.93068670330149,-3.3203076246349283,-3.1771316581551083,0.3309457302093506,-0.010947921613022826,18.173227832843782,17.075619571120004,18.145291882061905,17.07284352861835,0.31296875,1.097608261723778,1.072448353443555,gtcrn_dns3,gunshot/0024,gunshot,3570,12.62,3,False,0.18658400001004338,0.046646000002510846
3.3985977172851562,0.9557179403445658,0.8997967075400005,16.55219030330362,16.644608818416824,13.369930063787283,True,2.964982748031616,0.9360440696029446,0.885875362576922,14.940689545658701,14.949427416314666,12.8524571646692,1.6951814021021576,1.6115007576449205,0.43361496925354004,0.01967387074162119,7.215502883275572,4.141205711513288,7.919865178284362,4.4840688574629235,0.121296875,3.074297171762284,3.4357963208214386,gtcrn_dns3,gunshot/0025,gunshot,3729,5.7,1,True,0.21277840016409755,0.05319460004102439
4.103080749511719,0.9945989311698012,0.9883435112806216,22.797996852562378,22.575173421208273,26.016069323045876,True,4.057178020477295,0.9942465704605404,0.9915412615807162,29.30817794650356,29.305183764418974,33.790191171898286,-6.730010343210701,-6.510181093941181,0.04590272903442383,0.00035236070926081275,19.07142830508545,17.555301547808277,19.12480380432428,17.51014744202511,0.122390625,1.5161267572771742,1.6146563622991685,gtcrn_dns3,gunshot/0026,gunshot,5142,11.88,1,False,0.19384650001302361,0.048461625003255904
3.49139142036438,0.9898529083550043,0.9644321775800762,24.770191441389635,24.536810238923504,22.05432568420861,True,2.210749387741089,0.9888699276059765,0.9694502840540438,22.839259535131603,22.8366492029217,32.28137258269652,1.7001610360018056,1.9309319062580315,1.280642032623291,0.0009829807490278064,16.43735984986271,12.777199510819425,16.498369493479277,12.739313671135102,0.121984375,3.6601603390432835,3.759055822344175,gtcrn_dns3,gunshot/0027,gunshot,3570,3.34,1,False,0.1777144002262503,0.04442860005656257
2.110290050506592,0.8946684473033966,0.7944153919863309,10.496453851506171,10.842103548352306,8.420400922492545,True,2.0998780727386475,0.8881053100852631,0.798077225265873,10.12985189398903,10.330191720884137,8.782391138333024,0.5119118274681682,0.3666019575171404,0.010411977767944336,0.006563137218133508,-19.419595045353233,-7.876454192619265,-1.7568330888377006,-6.933178845721643,0.124234375,-11.543140852733968,5.176345756883942,gtcrn_dns3,gunshot/0028,gunshot,7176,3.43,1,True,0.17839849996380508,0.04459962499095127
1.8537757396697998,0.9530073797087514,0.8695371366821607,10.69761217400508,10.955417917616575,7.688337450977353,True,1.6113640069961548,0.9440989231632242,0.8617190572670731,9.253002780708801,9.163843870777594,6.680474870124393,1.7915740468389814,1.444609393296279,0.24241173267364502,0.008908456545527188,10.164193835197551,7.334265449211218,10.509521084368158,7.440125081336706,0.121609375,2.8299283859863333,3.0693960030314518,gtcrn_dns3,gunshot/0029,gunshot,61,12.42,1,True,0.19187789992429316,0.04796947498107329
3.0466370582580566,0.9569215265056354,0.9309162507558463,14.326133598206027,14.143103391945376,14.415651348839003,True,3.784499168395996,0.9993069829815102,0.9973775250079822,24.973043613416003,25.00366576308543,34.2801090108866,-10.860562371140054,-10.646910015209976,-0.7378621101379395,-0.04238545647587477,22.01144617817795,17.559232385636612,20.959765038405198,17.588367835216015,0.136265625,4.452213792541336,3.371397203189183,gtcrn_dns3,gunshot/0030,gunshot,4077,-1.14,2,False,0.19469879986718297,0.04867469996679574
3.2466092109680176,0.9891956584051552,0.9736182580143415,23.377235325313563,21.111536378492495,15.54261213268906,True,2.801285982131958,0.9967419053509738,0.9882101385151594,24.89685331897228,24.937263438799384,32.37705211948643,-3.825727060306889,-1.5196179936587164,0.44532322883605957,-0.007546246945818624,16.53154176761044,15.226705597489147,16.3751301756348,15.27768857068346,0.121609375,1.3048361701212947,1.0974416049513405,gtcrn_dns3,gunshot/0031,gunshot,5105,5.14,1,False,0.21289860014803708,0.05322465003700927
4.148364067077637,0.9975554168562406,0.9925745229028723,30.921227181183568,30.089856663469465,28.681955032117145,True,3.70805025100708,0.9972075116152871,0.9901157629088955,31.684657967499295,31.684873803383354,33.527254321714,-1.5950171399138888,-0.7634307863157268,0.44031381607055664,0.0003479052409535166,26.383752636439645,20.610772810541434,26.12540490609353,20.61392443012432,0.121453125,5.7729798258982115,5.511480475969208,gtcrn_dns3,gunshot/0032,gunshot,2300,5.47,1,False,0.19972830009646714,0.049932075024116784
3.4071693420410156,0.9314673398873892,0.8827177891748761,22.988612882584224,22.869688849294526,20.736283867937278,True,3.3162176609039307,0.9844728162257828,0.9840611439832099,29.815673339509836,29.816888651381678,32.45788592104724,-6.947199802087152,-6.8270604569256115,0.09095168113708496,-0.05300547633839359,22.049688579079767,27.390051224719446,21.936370136599518,27.392116203955226,0.35340625,-5.340362645639679,-5.455746067355708,gtcrn_dns3,gunshot/0033,gunshot,1995,1.91,3,False,0.18836440006271005,0.04709110001567751
3.1354198455810547,0.9841903876481131,0.9620358946107541,23.952890058283486,23.54865398032642,24.423583492134348,True,2.9979519844055176,0.9720718278462086,0.9627006425733492,23.868667955807364,23.867812350005938,31.359621355634456,-0.31915836967951705,0.08422210247612227,0.1374678611755371,0.01211855980190446,20.838860517822248,18.971330170139957,20.579096764997693,18.968677142346763,0.43840625,1.8675303476822904,1.6104196226509302,gtcrn_dns3,gunshot/0034,gunshot,6930,-2.63,4,False,0.18627330008894205,0.04656832502223551
4.076585292816162,0.9881306723920987,0.9757088380259428,26.691721670409848,26.383242559825813,27.140287456275487,True,3.813833236694336,0.9809855905355719,0.9766605760630884,27.408547444285603,27.409013909207978,33.087946597416405,-1.0257713493821647,-0.7168257738757546,0.26275205612182617,0.007145081856526847,30.36510148672413,24.125202824133815,30.011386227044724,24.12614387215389,0.24284375,6.2398986625903134,5.885242354890835,gtcrn_dns3,gunshot/0035,gunshot,7021,9.1,2,False,0.1936879998538643,0.04842199996346608
2.831148147583008,0.9705617963287204,0.8996792780659822,13.565603098678134,13.72956534220396,11.02664157597185,True,2.151745319366455,0.9536359020016125,0.8597532151377031,12.663889184934305,12.57529148808677,9.616123192212923,1.154273854117191,0.9017139137438281,0.6794028282165527,0.016925894327107893,13.35426202442213,12.63503028519757,13.493274368295403,12.449754896796545,0.121421875,0.7192317392245595,1.0435194714988576,gtcrn_dns3,gunshot/0036,gunshot,7176,0.77,1,True,0.2003059999551624,0.0500764999887906
2.301860809326172,0.9600549420176014,0.9250886713858001,15.314368951278336,15.438505154986785,13.332518817917569,True,1.7918202877044678,0.9546680656083038,0.9223325549770376,13.886980617118347,13.877623938834684,12.95586824738309,1.5608812161521008,1.4273883341599891,0.5100405216217041,0.005386876409297692,12.91770976282169,10.594730004105159,13.130425436860904,10.63354032692235,0.2425625,2.3229797587165315,2.496885109938553,gtcrn_dns3,gunshot/0037,gunshot,1221,-0.94,2,True,0.19268219987861812,0.04817054996965453
2.44503116607666,0.70923455484897,0.6391281383810988,10.152042038778085,10.50178528369365,6.282428901658621,True,1.6046476364135742,0.6501305161483576,0.6116905841175294,6.483545377076975,6.4301264358287735,3.5187827993736396,4.071658847864876,3.668496661701109,0.8403835296630859,0.05910403870061243,8.781094781687068,3.1959894159779356,9.278871156258129,3.1739703192341966,0.2429375,5.585105365709133,6.104900837023932,gtcrn_dns3,gunshot/0038,gunshot,1188,-3.9,2,True,0.2093363997992128,0.0523340999498032
3.619527578353882,0.9959700260865008,0.9945619836782128,30.68269098361676,30.496735304397383,31.11023923342735,True,2.6224205493927,0.9960554949830396,0.9933303592291285,15.268964200950151,15.266292030906047,33.22104063622742,15.230443273491336,15.413726782666608,0.9971070289611816,-8.546889653882062e-05,23.13060292579663,6.661597667223379,23.08103963303596,6.642077417438338,0.125,16.46900525857325,16.438962215597623,gtcrn_dns3,gunshot/0039,gunshot,1995,-1.6,1,False,0.19672719994559884,0.04918179998639971
1.601227045059204,0.9534503788864901,0.8812027310775356,9.47169517914177,9.919311645807783,10.984705639980584,True,1.4958078861236572,0.9611775446532674,0.8592126209173034,11.384130464874804,11.394962114250305,10.408361098431135,-1.475650468442522,-1.912435285733034,0.10541915893554688,-0.007727165766777344,7.782490892491127,10.691658274749008,8.386526061301595,10.72537694253027,0.3135,-2.9091673822578805,-2.338850881228675,gtcrn_dns3,artillery/0000,artillery,5142,-1.34,3,True,0.19600720005109906,0.049001800012774765
2.683486223220825,0.9352304356383192,0.9229781258072928,18.639295830182874,18.113522210565673,16.93512050666036,True,3.522458076477051,0.9546245609070334,0.9457731680978337,26.433743555467085,26.435414299350704,31.936787044800926,-8.321892088785031,-7.794447725284211,-0.8389718532562256,-0.019394125268714202,9.03676676043024,9.603020593022869,9.474820374491673,9.62409808472907,0.125,-0.5662538325926292,-0.14927771023739744,gtcrn_dns3,artillery/0001,artillery,61,14.31,1,False,0.21089079999364913,0.05272269999841228
3.3926875591278076,0.9816378219061744,0.9623141392003458,15.706054331826643,15.729505228047767,21.889185035119333,True,2.640202760696411,0.9861622260325548,0.9585078058750428,15.774632525101975,15.773335308387972,30.535479848986064,-0.04383008034020541,-0.06857819327533221,0.7524847984313965,-0.0045244041263803325,12.312281667199048,5.548277149088562,12.433417081992781,5.534595169127195,0.125,6.764004518110487,6.898821912865586,gtcrn_dns3,artillery/0002,artillery,8463,11.2,1,False,0.20085599995218217,0.05021399998804554
3.0004494190216064,0.9778276768917809,0.9463593653708625,18.01549453070696,18.069322452541673,15.045888917151128,True,1.8417468070983887,0.9438138792491091,0.9115808364358191,16.04117407345299,15.975038129140565,13.000182334370848,2.0942843234011086,1.9743204572539703,1.1587026119232178,0.03401379764267176,17.00648876500351,12.867278751333998,17.086086970623718,12.562530702670411,0.125,4.139210013669512,4.523556267953307,gtcrn_dns3,artillery/0003,artillery,3570,10.35,1,True,0.22861230000853539,0.057153075002133846
2.659461259841919,0.9573820727584399,0.9442768214826726,16.783502215296892,16.805829773609922,22.605997563862992,True,1.9858102798461914,0.9780144844325018,0.9624688140305595,13.866019047049969,13.859238553394267,27.900968262567577,2.9465912202156552,2.917483168246923,0.6736509799957275,-0.020632411674061935,12.93250317432754,7.471350771499486,13.08081311174395,7.449215233695728,0.25,5.461152402828054,5.631597878048222,gtcrn_dns3,artillery/0004,artillery,3570,6.43,2,False,0.1992599000222981,0.049814975005574524
2.377788543701172,0.96003318177777,0.8858784623474799,12.512180495493087,12.73710060493189,11.00428947480542,True,1.5547269582748413,0.9455205544985449,0.8503357255433361,9.611813912458368,9.607414558494712,7.833085838336332,3.129686046437177,2.900366583034719,0.8230615854263306,0.014512627279225088,8.812674993007567,5.4101181985094025,9.273916370885326,5.25511918393571,0.25,3.4025567944981647,4.018797186949616,gtcrn_dns3,artillery/0005,artillery,7127,8.98,2,True,0.1916602998971939,0.04791507497429848
3.2818167209625244,0.9865559199670362,0.9700409044725091,20.630172038687803,20.504254180948486,23.60400249649276,True,2.744131565093994,0.9910847931063335,0.9780041538001341,14.757554679570175,14.726509876976985,32.781950732732255,5.777744303971501,5.872617359117628,0.5376851558685303,-0.004528873139297285,16.395092184585458,8.099677264293627,16.421194824433744,7.872492059498332,0.125,8.295414920291831,8.548702764935413,gtcrn_dns3,artillery/0006,artillery,3575,2.99,1,False,0.19790439982898533,0.04947609995724633
2.893425703048706,0.9794202260043158,0.934012007646292,15.851114830478972,15.960667297011401,11.965638143976342,True,2.348884105682373,0.9784549076103608,0.9242136331674867,14.29722550530933,14.29424721695722,11.202739702627024,1.6664200800541806,1.5538893251696422,0.544541597366333,0.0009653183939549725,10.041622918570008,6.9947468851593015,10.451287291708669,6.9410256992927,0.125,3.0468760334107063,3.5102615924159686,gtcrn_dns3,artillery/0007,artillery,8463,0.05,1,True,0.17616509995423257,0.04404127498855814
1.8387784957885742,0.9444220790348571,0.8729317494181607,9.552347473546043,9.887431665721177,9.031038361349546,True,1.3254265785217285,0.9351461212679377,0.8033786365067889,7.184281673433738,7.193796039177994,5.654519757238873,2.693635626543183,2.368065800112305,0.5133519172668457,0.009275957766919363,8.222435779176017,4.944345587775159,8.6322533523936,4.847922370781725,0.125,3.2780901914008576,3.784330981611874,gtcrn_dns3,artillery/0008,artillery,1995,14.31,1,True,0.1918248999863863,0.047956224996596575
2.769768476486206,0.958143298343302,0.8864944520025829,16.46202711627894,16.540442853591625,13.544848309504154,True,1.737135648727417,0.9436018488933542,0.8632820154851824,12.572762545610436,12.5927479771632,12.211486541578623,3.947694876428425,3.8892645706685034,1.032632827758789,0.01454144944994784,13.271037127870942,7.540050907581328,13.421462231732866,7.5829177841906334,0.25,5.730986220289614,5.838544447542232,gtcrn_dns3,artillery/0009,artillery,8463,11.34,2,True,0.1935045998543501,0.04837614996358752
2.069999933242798,0.9094587664607603,0.8169219691110331,8.83670179098865,9.32866718864648,8.256911988607959,True,1.4030582904815674,0.8918866626657266,0.8097903929472584,5.676839251410658,5.712409317840281,8.274776079443532,3.616257870806198,3.1598625395779925,0.6669416427612305,0.01757210379503371,5.719049318756011,2.0567352816749533,6.593395797269577,2.011940077651862,0.13421875,3.6623140370810576,4.581455719617715,gtcrn_dns3,artillery/0010,artillery,3729,0.2,2,True,0.20894759986549616,0.05223689996637404
1.8162113428115845,0.9044765013025061,0.819020817535655,9.073714990847746,9.560395825198025,10.478207516107124,True,1.938246488571167,0.9199024714989409,0.848384272956249,6.727625381836914,6.739790978664571,22.683108488164834,2.8206048465334543,2.346089609010832,-0.12203514575958252,-0.015425970196434768,4.68921132685587,2.4914710307616197,5.71501040989371,2.522515000961769,0.33328125,2.19774029609425,3.1924954089319404,gtcrn_dns3,artillery/0011,artillery,61,6.51,3,False,0.20846959995105863,0.05211739998776466
3.6115517616271973,0.9617569955234793,0.9225219909781655,20.986802907520076,20.99704280450299,24.59684417550982,True,3.6788511276245117,0.9476684815153461,0.9239654302034105,17.544970910411116,17.54649439198439,30.57205535721678,3.4505484125186,3.4418319971089595,-0.06729936599731445,0.014088514008133157,5.208215442218701,1.527420748844828,5.453729698183931,1.5788868734530297,0.125,3.6807946933738727,3.8748428247309015,gtcrn_dns3,artillery/0012,artillery,1320,10.67,1,False,0.19993039988912642,0.049982599972281605
2.7133991718292236,0.959818574736923,0.9213078136131285,13.079985515744871,13.259892717253692,19.18418659333606,True,2.671621799468994,0.9715478002507233,0.942803301082294,9.04347413086578,9.03330672193524,27.75745451545966,4.226585995318452,4.036511384879091,0.04177737236022949,-0.01172922551380029,5.568566794834653,2.0042706505156067,6.628700425168978,1.9525212835733583,0.190640625,3.564296144319046,4.676179141595619,gtcrn_dns3,artillery/0013,artillery,7176,9.2,2,False,0.20642669987864792,0.05160667496966198
3.040072441101074,0.9772318136795844,0.933225488450301,20.38128497576857,20.244428679563136,15.255308005765206,True,4.212928295135498,0.9999999999981743,0.9999999998646354,31.996702265758493,31.996988356274024,34.68149434307514,-11.752559676710888,-11.615417289989924,-1.1728558540344238,-0.0227681863185899,-5.627362852597181,-6.9616092291682055,0.2276641866440984,-6.346302855526533,0.005921875,1.3342463765710244,6.573967042170631,gtcrn_dns3,artillery/0014,artillery,1221,7.03,1,False,0.1968795999418944,0.0492198999854736
1.1853570938110352,0.7673095172364127,0.6036422149505808,-1.7178338536379945,-0.11535211779850907,0.1182795997745113,True,1.071121096611023,0.7096617583080232,0.5115238422143792,-6.042669880586184,-6.458306175109466,-4.860234720111669,6.342954057310957,4.324836026948189,0.11423599720001221,0.05764775892838947,-0.801486229976634,-7.967981450930991,1.3830604788500065,-9.61746024930456,0.307140625,7.166495220954357,11.000520728154568,gtcrn_dns3,artillery/0015,artillery,3570,-1.42,3,True,0.18782170000486076,0.04695542500121519
1.7144725322723389,0.7899044068671247,0.6653623399812842,6.287331482100438,7.165315578617506,5.853739794383918,True,1.3433012962341309,0.777119526231093,0.6189616798757059,4.1283752712774255,4.18061755566384,2.876270360232661,2.9846980229536655,2.1589562108230123,0.371171236038208,0.01278488063603167,-0.7082862479271448,-1.7929988553413934,2.5671416262630635,-1.5968776389796757,0.125,1.0847126074142486,4.1640192652427395,gtcrn_dns3,artillery/0016,artillery,672,-1.54,1,True,0.19457769999280572,0.04864442499820143
2.0921480655670166,0.9520028929924864,0.9161377218150032,13.657015001815466,13.81991542863866,16.467088362004844,True,1.3871972560882568,0.9335875921186497,0.8658044453721391,7.3343586589140415,7.112216510431434,14.352034965321506,6.707698918207226,6.322656342901425,0.7049508094787598,0.018415300873836693,4.474143648517346,-0.35176024158367125,5.759409563373,-1.3204272786218274,0.205421875,4.825903890101017,7.079836841994827,gtcrn_dns3,artillery/0017,artillery,1995,12.89,2,True,0.18392320000566542,0.045980800001416355
1.5238724946975708,0.8805787711347763,0.7412060585153591,7.7854527462521705,8.443988999892305,7.213919776420047,True,1.1226747035980225,0.7983485978229912,0.6536598828977005,2.5835746612264416,2.629552972343342,4.863092530267289,5.814436027548963,5.201878085025729,0.40119779109954834,0.08223017331178517,1.950523252600359,-3.304334296399958,4.088785381299071,-3.472504833432918,0.324453125,5.254857549000317,7.561290214731989,gtcrn_dns3,artillery/0018,artillery,6930,8.83,3,True,0.19018170004710555,0.04754542501177639
3.7882025241851807,0.9960849787772371,0.9851012405617783,27.77037404294586,27.536068904591858,24.01697084160336,True,3.8816487789154053,0.9958876624175725,0.9920318018746729,25.020966021134456,25.01814204829827,32.924818385387276,2.517926856293588,2.749408021811405,-0.09344625473022461,0.00019731635966457883,18.46497124747405,12.970761921887632,18.51569666139763,12.924841453485907,0.125,5.494209325586418,5.590855207911723,gtcrn_dns3,artillery/0019,artillery,4970,7.64,1,False,0.17812569998204708,0.04453142499551177
