pesq,pesq_nb,stoi,estoi,si_sdr,snr,segsnr,pesq_available,pesq_noisy,pesq_nb_noisy,stoi_noisy,estoi_noisy,si_sdr_noisy,snr_noisy,segsnr_noisy,snr_gain,si_sdr_gain,pesq_gain,pesq_nb_gain,stoi_gain,method,id,category,speaker,bg_snr_db,n_events,reverb,proc_s,rtf
1.7775779962539673,2.6069207191467285,0.9827263689815632,0.9339140473137176,13.766999778597471,13.7748113981617,10.079454024270047,True,1.7775779962539673,2.6069207191467285,0.9827263689815632,0.9339140473137176,13.766999778597471,13.7748113981617,10.079454024270047,0.0,0.0,0.0,0.0,0.0,unprocessed,combat_real/0000,combat_real,5142,14.22,0,False,3.700028173625469e-06,9.250070434063672e-07
1.0944379568099976,1.425382375717163,0.7461550723866142,0.5474554258796196,2.381685977219327,2.466183771996761,-0.3031655092486183,True,1.0944379568099976,1.425382375717163,0.7461550723866142,0.5474554258796196,2.381685977219327,2.466183771996761,-0.3031655092486183,0.0,0.0,0.0,0.0,0.0,unprocessed,combat_real/0001,combat_real,6829,6.3,0,True,5.099980626255274e-06,1.2749951565638185e-06
1.0687110424041748,1.6334933042526243,0.7326530122575895,0.4525497944112024,0.8583197349040397,1.9233402080150892,0.0187797072069824,True,1.0687110424041748,1.6334933042526243,0.7326530122575895,0.4525497944112024,0.8583197349040397,1.9233402080150892,0.0187797072069824,0.0,0.0,0.0,0.0,0.0,unprocessed,combat_real/0002,combat_real,3570,10.51,0,True,3.299966920167208e-06,8.249917300418019e-07
1.420651078224182,1.9763834476470947,0.9650607193618412,0.8522030864619468,14.01969752363414,14.022532253861469,11.69880830006586,True,1.420651078224182,1.9763834476470947,0.9650607193618412,0.8522030864619468,14.01969752363414,14.022532253861469,11.69880830006586,0.0,0.0,0.0,0.0,0.0,unprocessed,combat_real/0003,combat_real,5142,14.58,0,False,3.1999661587178707e-06,7.999915396794677e-07
1.1552923917770386,1.237722635269165,0.7502928452801717,0.7020562615800291,1.8822927023633176,1.885864982123108,9.884535315172132,True,1.1552923917770386,1.237722635269165,0.7502928452801717,0.7020562615800291,1.8822927023633176,1.885864982123108,9.884535315172132,0.0,0.0,0.0,0.0,0.0,unprocessed,combat_real/0004,combat_real,1320,2.06,0,False,3.00002284348011e-06,7.500057108700275e-07
1.0486552715301514,1.1659276485443115,0.5170065102908645,0.3363339537228446,-4.817059574089573,-4.693057372535804,-4.57706574379103,True,1.0486552715301514,1.1659276485443115,0.5170065102908645,0.3363339537228446,-4.817059574089573,-4.693057372535804,-4.57706574379103,0.0,0.0,0.0,0.0,0.0,unprocessed,combat_real/0005,combat_real,5639,4.88,0,True,3.400025889277458e-06,8.500064723193645e-07
1.127884864807129,1.5659807920455933,0.6578365827588228,0.4050911048685635,5.5242180413736754,5.544427774948773,0.4647193378251747,True,1.127884864807129,1.5659807920455933,0.6578365827588228,0.4050911048685637,5.5242180413736754,5.544427774948773,0.4647193378251747,0.0,0.0,0.0,0.0,0.0,unprocessed,combat_real/0006,combat_real,4446,14.41,0,True,3.500026650726795e-06,8.750066626816988e-07
1.060648798942566,1.3376762866973877,0.6766216383709958,0.4409130179489506,1.8642570910145588,1.7842860948088952,-2.5125788837428984,True,1.060648798942566,1.3376762866973877,0.6766216383709958,0.4409130179489505,1.8642570910145588,1.7842860948088952,-2.5125788837428984,0.0,0.0,0.0,0.0,0.0,unprocessed,combat_real/0007,combat_real,8455,1.78,0,False,3.299966920167208e-06,8.249917300418019e-07
1.069558024406433,1.3004937171936035,0.7355688166820138,0.4727262669717826,2.459190611955669,2.5160307882276123,-0.5001729992359374,True,1.069558024406433,1.3004937171936035,0.7355688166820138,0.4727262669717827,2.459190611955669,2.5160307882276123,-0.5001729992359374,0.0,0.0,0.0,0.0,0.0,unprocessed,combat_real/0008,combat_real,7176,9.15,0,True,4.200031980872154e-06,1.0500079952180386e-06
1.2395570278167725,1.5091373920440674,0.8510108809662421,0.799340347497167,8.025084925013315,8.035162699911352,8.190911430702304,True,1.2395570278167725,1.5091373920440674,0.8510108809662421,0.7993403474971668,8.025084925013315,8.035162699911352,8.190911430702304,0.0,0.0,0.0,0.0,0.0,unprocessed,combat_real/0009,combat_real,8555,8.37,0,False,3.300025127828121e-06,8.250062819570303e-07
1.252745509147644,1.6381080150604248,0.7730984079627224,0.6577264292288892,2.7550416505753854,2.683573856972838,11.15115151928464,True,1.252745509147644,1.6381080150604248,0.7730984079627224,0.6577264292288892,2.7550416505753854,2.683573856972838,11.15115151928464,0.0,0.0,0.0,0.0,0.0,unprocessed,combat_real/0010,combat_real,8463,2.82,0,False,3.4999684430658817e-06,8.749921107664704e-07
1.0636489391326904,1.246549367904663,0.804211178944469,0.616537367607713,7.368783796849429,7.425160351944291,4.516845755292589,True,1.0636489391326904,1.246549367904663,0.804211178944469,0.616537367607713,7.368783796849429,7.425160351944291,4.516845755292589,0.0,0.0,0.0,0.0,0.0,unprocessed,combat_real/0011,combat_real,7729,7.81,0,False,4.400033503770828e-06,1.100008375942707e-06
1.090965986251831,1.37719988822937,0.7758211105078577,0.6221902517316602,0.7723955204233592,0.6437440536678467,1.0419010914719071,True,1.090965986251831,1.37719988822937,0.7758211105078577,0.6221902517316602,0.7723955204233592,0.6437440536678467,1.0419010914719071,0.0,0.0,0.0,0.0,0.0,unprocessed,combat_real/0012,combat_real,4446,4.22,0,True,5.89998671784997e-06,1.4749966794624925e-06
1.956859350204468,2.230350971221924,0.938504788414625,0.8972071933845175,19.02546345433166,19.03635536893625,16.15894182509716,True,1.956859350204468,2.230350971221924,0.938504788414625,0.8972071933845176,19.02546345433166,19.03635536893625,16.15894182509716,0.0,0.0,0.0,0.0,0.0,unprocessed,combat_real/0013,combat_real,5683,19.82,0,False,3.999972250312567e-06,9.999930625781417e-07
1.1432641744613647,1.4824098348617554,0.8362229036712256,0.7286966199571422,11.472329390685587,11.484090983838476,9.812721832571098,True,1.1432641744613647,1.4824098348617554,0.8362229036712256,0.7286966199571423,11.472329390685587,11.484090983838476,9.812721832571098,0.0,0.0,0.0,0.0,0.0,unprocessed,combat_real/0014,combat_real,7021,12.18,0,False,3.89997148886323e-06,9.749928722158074e-07
1.0472464561462402,1.2349746227264404,0.8131827375362395,0.6443776544198779,3.44590761483841,3.399495617731892,3.0108047784522154,True,1.0472464561462402,1.2349746227264404,0.8131827375362395,0.6443776544198779,3.44590761483841,3.399495617731892,3.0108047784522154,0.0,0.0,0.0,0.0,0.0,unprocessed,combat_real/0015,combat_real,4992,3.83,0,False,4.500034265220165e-06,1.125008566305041e-06
1.458653211593628,2.882866859436035,0.8957656942232725,0.7295451814382354,10.237371769498711,10.256285599897115,5.884950427911374,True,1.458653211593628,2.882866859436035,0.8957656942232725,0.7295451814382354,10.237371769498711,10.256285599897115,5.884950427911374,0.0,0.0,0.0,0.0,0.0,unprocessed,combat_real/0016,combat_real,1580,19.43,0,True,5.100038833916187e-06,1.2750097084790468e-06
1.184518575668335,1.6505582332611084,0.8286576536748367,0.6085482842381795,7.638942747080749,7.804421106362601,5.413826551987459,True,1.184518575668335,1.6505582332611084,0.8286576536748367,0.6085482842381795,7.638942747080749,7.804421106362601,5.413826551987459,0.0,0.0,0.0,0.0,0.0,unprocessed,combat_real/0017,combat_real,2300,16.9,0,True,5.099980626255274e-06,1.2749951565638185e-06
1.0744996070861816,1.2588250637054443,0.6768403682221378,0.4809653364259389,0.3320755581183509,0.3585188747093958,-1.5433370368493204,True,1.0744996070861816,1.2588250637054443,0.6768403682221378,0.4809653364259389,0.3320755581183509,0.3585188747093958,-1.5433370368493204,0.0,0.0,0.0,0.0,0.0,unprocessed,combat_real/0018,combat_real,5142,3.65,0,True,3.5999692045152187e-06,8.999923011288047e-07
1.0944746732711792,1.525357007980347,0.8180843396267543,0.6376461447474762,9.069593118704658,9.118295313686144,4.900558066946879,True,1.0944746732711792,1.525357007980347,0.8180843396267543,0.6376461447474762,9.069593118704658,9.118295313686144,4.900558066946879,0.0,0.0,0.0,0.0,0.0,unprocessed,combat_real/0019,combat_real,5683,9.47,0,False,3.100023604929447e-06,7.750059012323618e-07
1.3713209629058838,2.720642328262329,0.9680097235638097,0.8883359307652422,0.7187968494580422,0.7805334182894823,1.5601537368877096,True,1.3713209629058838,2.720642328262329,0.9680097235638097,0.8883359307652422,0.7187968494580422,0.7805334182894823,1.5601537368877096,0.0,0.0,0.0,0.0,0.0,unprocessed,combat_real/0020,combat_real,61,12.23,0,True,5.099980626255274e-06,1.2749951565638185e-06
1.300754427909851,1.9379844665527344,0.8122431816930552,0.7267085525684659,9.713350342831662,9.645824647144645,8.118465279623255,True,1.300754427909851,1.9379844665527344,0.8122431816930552,0.7267085525684659,9.713350342831662,9.645824647144645,8.118465279623255,0.0,0.0,0.0,0.0,0.0,unprocessed,combat_real/0021,combat_real,1580,9.91,0,False,4.300032742321491e-06,1.0750081855803728e-06
1.1078089475631714,1.4000968933105469,0.8332710286391859,0.7265454970667785,6.144461847796912,6.10304475221711,3.226643862663238,True,1.1078089475631714,1.4000968933105469,0.8332710286391859,0.7265454970667785,6.144461847796912,6.10304475221711,3.226643862663238,0.0,0.0,0.0,0.0,0.0,unprocessed,combat_real/0022,combat_real,237,6.73,0,False,2.800021320581436e-06,7.00005330145359e-07
1.4419926404953003,1.8641815185546875,0.9218527757581768,0.9080623276385288,18.86771540348931,18.87366682935111,24.03064616543759,True,1.4419926404953003,1.8641815185546875,0.9218527757581768,0.9080623276385288,18.86771540348931,18.87366682935111,24.03064616543759,0.0,0.0,0.0,0.0,0.0,unprocessed,combat_real/0023,combat_real,3570,18.87,0,False,2.5999615900218487e-06,6.499903975054622e-07
1.2037253379821775,1.6049737930297852,0.7132506579653035,0.4499164740326596,0.8722461642794574,0.8184564084152129,2.258854041230789,True,1.2037253379821775,1.6049737930297852,0.7132506579653035,0.4499164740326596,0.8722461642794574,0.8184564084152129,2.258854041230789,0.0,0.0,0.0,0.0,0.0,unprocessed,combat_real/0024,combat_real,1089,0.82,0,False,2.89996387436986e-06,7.249909685924649e-07
1.1748284101486206,1.6732864379882812,0.6432499557168598,0.4313903410357895,2.955244361199858,3.0318924833247034,-1.0187060084122264,True,1.1748284101486206,1.6732864379882812,0.6432499557168598,0.4313903410357892,2.955244361199858,3.0318924833247034,-1.0187060084122264,0.0,0.0,0.0,0.0,0.0,unprocessed,combat_real/0025,combat_real,1188,12.91,0,True,3.00002284348011e-06,7.500057108700275e-07
1.2956174612045288,2.137697696685791,0.8380200309366269,0.637934821114081,6.397999917605064,6.378682949698675,6.409154033167652,True,1.2956174612045288,2.137697696685791,0.8380200309366269,0.637934821114081,6.397999917605064,6.378682949698675,6.409154033167652,0.0,0.0,0.0,0.0,0.0,unprocessed,combat_real/0026,combat_real,2961,7.27,0,False,3.999972250312567e-06,9.999930625781417e-07
1.485770344734192,1.823035717010498,0.9432957830483196,0.8897575300413513,1.8996047723979583,1.9052122167475176,1.2025662125798218,True,1.485770344734192,1.823035717010498,0.9432957830483196,0.8897575300413513,1.8996047723979583,1.9052122167475176,1.2025662125798218,0.0,0.0,0.0,0.0,0.0,unprocessed,combat_real/0027,combat_real,8555,2.0,0,False,2.499960828572512e-06,6.249902071431279e-07
1.5638551712036133,2.6547188758850098,0.910125352518822,0.8075855270335842,10.682103266893536,10.705173857315948,13.540147924213333,True,1.5638551712036133,2.6547188758850098,0.910125352518822,0.8075855270335842,10.682103266893536,10.705173857315948,13.540147924213333,0.0,0.0,0.0,0.0,0.0,unprocessed,combat_real/0028,combat_real,1089,11.19,0,False,3.4999684430658817e-06,8.749921107664704e-07
1.1895004510879517,1.5453267097473145,0.8192229039649388,0.6633490392791725,8.229732906694476,8.277820341983764,4.805999043532241,True,1.1895004510879517,1.5453267097473145,0.8192229039649388,0.6633490392791725,8.229732906694476,8.277820341983764,4.805999043532241,0.0,0.0,0.0,0.0,0.0,unprocessed,combat_real/0029,combat_real,4992,12.09,0,True,2.700020559132099e-06,6.750051397830248e-07
1.5226300954818726,2.2087347507476807,0.9493043196572344,0.8283747410322309,14.353588492614987,14.350849281155504,9.915883816663822,True,1.5226300954818726,2.2087347507476807,0.9493043196572344,0.8283747410322309,14.353588492614987,14.350849281155504,9.915883816663822,0.0,0.0,0.0,0.0,0.0,unprocessed,combat_real/0030,combat_real,5683,14.71,0,False,3.700028173625469e-06,9.250070434063672e-07
1.4942364692687988,2.0989556312561035,0.9592586660873476,0.9051393246149002,13.03022351673878,13.014234445339357,14.831534400136892,True,1.4942364692687988,2.0989556312561035,0.9592586660873476,0.9051393246149002,13.03022351673878,13.014234445339357,14.831534400136892,0.0,0.0,0.0,0.0,0.0,unprocessed,combat_real/0031,combat_real,5683,13.53,0,False,3.00002284348011e-06,7.500057108700275e-07
2.1857738494873047,3.077775239944458,0.987143157045934,0.9389561636526248,9.917576920423771,9.928976567732564,8.688792093822071,True,2.1857738494873047,3.077775239944458,0.987143157045934,0.9389561636526248,9.917576920423771,9.928976567732564,8.688792093822071,0.0,0.0,0.0,0.0,0.0,unprocessed,combat_real/0032,combat_real,4992,10.26,0,False,2.499960828572512e-06,6.249902071431279e-07
1.045108437538147,1.1825909614562988,0.6512117649151719,0.4674677554449927,2.352893613093181,2.642558288480432,-1.8647043196785231,True,1.045108437538147,1.1825909614562988,0.6512117649151719,0.4674677554449927,2.352893613093181,2.642558288480432,-1.8647043196785231,0.0,0.0,0.0,0.0,0.0,unprocessed,combat_real/0033,combat_real,5683,7.17,0,True,3.3999676816165447e-06,8.499919204041362e-07
1.3968921899795532,2.4010822772979736,0.8651445952147453,0.7507273072674693,9.0235311756644,9.04360624996199,9.608455022084684,True,1.3968921899795532,2.4010822772979736,0.8651445952147453,0.7507273072674693,9.0235311756644,9.04360624996199,9.608455022084684,0.0,0.0,0.0,0.0,0.0,unprocessed,combat_real/0034,combat_real,237,9.62,0,False,3.699969965964556e-06,9.249924914911388e-07
1.0371134281158447,1.131813406944275,0.4649116316170597,0.3056251584772251,-2.799274704326181,-2.659006925524057,-3.593386356741369,True,1.0371134281158447,1.131813406944275,0.4649116316170597,0.3056251584772251,-2.799274704326181,-2.659006925524057,-3.593386356741369,0.0,0.0,0.0,0.0,0.0,unprocessed,combat_real/0035,combat_real,7729,6.69,0,True,2.89996387436986e-06,7.249909685924649e-07
1.1598703861236572,1.4543719291687012,0.798089010627821,0.6713472133916654,-1.697380884731344,-0.9773284194523124,1.907153092526876,True,1.1598703861236572,1.4543719291687012,0.798089010627821,0.6713472133916654,-1.697380884731344,-0.9773284194523124,1.907153092526876,0.0,0.0,0.0,0.0,0.0,unprocessed,combat_real/0036,combat_real,2300,4.73,0,True,2.500019036233425e-06,6.250047590583563e-07
1.089838981628418,1.3193607330322266,0.7880027373557026,0.5801644472037502,0.2199127706858112,0.0918188350030742,-1.0220893686150392,True,1.089838981628418,1.3193607330322266,0.7880027373557026,0.5801644472037503,0.2199127706858112,0.0918188350030742,-1.0220893686150392,0.0,0.0,0.0,0.0,0.0,unprocessed,combat_real/0037,combat_real,5142,1.13,0,False,3.600027412176132e-06,9.00006853044033e-07
1.1898469924926758,1.5705957412719729,0.8288405190822427,0.47125418193806,4.667955771866429,4.686352602562048,1.1969839372325572,True,1.1898469924926758,1.5705957412719729,0.8288405190822427,0.47125418193806,4.667955771866429,4.686352602562048,1.1969839372325572,0.0,0.0,0.0,0.0,0.0,unprocessed,combat_real/0038,combat_real,4446,4.72,0,False,2.600019797682762e-06,6.500049494206905e-07
1.895787000656128,2.4687929153442383,0.9090327470249152,0.8025626266467463,15.18137054157904,15.167325755190218,8.813999747749426,True,1.895787000656128,2.4687929153442383,0.9090327470249152,0.8025626266467463,15.18137054157904,15.167325755190218,8.813999747749426,0.0,0.0,0.0,0.0,0.0,unprocessed,combat_real/0039,combat_real,1089,15.3,0,False,2.700020559132099e-06,6.750051397830248e-07
1.0612568855285645,1.3025418519973757,0.7147137659028104,0.5904369913783576,6.822141056429537,6.827335160793446,4.97335047784706,True,1.0612568855285645,1.3025418519973757,0.7147137659028104,0.5904369913783576,6.822141056429537,6.827335160793446,4.97335047784706,0.0,0.0,0.0,0.0,0.0,unprocessed,combat_real/0040,combat_real,1995,9.14,0,True,3.700028173625469e-06,9.250070434063672e-07
1.2558363676071167,1.5820679664611816,0.6581215821011622,0.5777765360869883,6.654853821516612,6.760671022930762,5.963067629153136,True,1.2558363676071167,1.5820679664611816,0.6581215821011622,0.5777765360869883,6.654853821516612,6.760671022930762,5.963067629153136,0.0,0.0,0.0,0.0,0.0,unprocessed,combat_real/0041,combat_real,4507,16.1,0,True,4.00003045797348e-06,1.00000761449337e-06
1.0452594757080078,1.4253185987472534,0.7294288542981159,0.5470398073289873,3.0736758711310253,2.7730901455374184,0.8931114233738551,True,1.0452594757080078,1.4253185987472534,0.7294288542981159,0.5470398073289873,3.0736758711310253,2.7730901455374184,0.8931114233738551,0.0,0.0,0.0,0.0,0.0,unprocessed,combat_real/0042,combat_real,8455,11.0,0,True,3.00002284348011e-06,7.500057108700275e-07
1.1092791557312012,1.4786534309387207,0.8113990576161817,0.6730822108467716,5.31684580087021,5.3917550318378895,6.549297751532112,True,1.1092791557312012,1.4786534309387207,0.8113990576161817,0.6730822108467716,5.31684580087021,5.3917550318378895,6.549297751532112,0.0,0.0,0.0,0.0,0.0,unprocessed,combat_real/0043,combat_real,1284,5.48,0,False,2.89996387436986e-06,7.249909685924649e-07
1.4302209615707395,1.8526240587234497,0.9766569811010986,0.9277035728284506,17.305792848190123,17.29299957333917,14.151579544794725,True,1.4302209615707395,1.8526240587234497,0.9766569811010986,0.9277035728284506,17.305792848190123,17.29299957333917,14.151579544794725,0.0,0.0,0.0,0.0,0.0,unprocessed,combat_real/0044,combat_real,5142,17.62,0,False,3.7999707274138927e-06,9.499926818534732e-07
1.3988008499145508,1.7383066415786743,0.7918296568129806,0.6566657314212291,10.041578152927862,10.046223489364715,9.092730246387246,True,1.3988008499145508,1.7383066415786743,0.7918296568129806,0.6566657314212292,10.041578152927862,10.046223489364715,9.092730246387246,0.0,0.0,0.0,0.0,0.0,unprocessed,combat_real/0045,combat_real,6930,10.2,0,False,3.7999707274138927e-06,9.499926818534732e-07
1.0518743991851809,1.2722259759902954,0.6535469337161594,0.3941313901099562,1.3027905146865406,1.278830719911752,-1.7008723463661326,True,1.0518743991851809,1.2722259759902954,0.6535469337161594,0.3941313901099562,1.3027905146865406,1.278830719911752,-1.7008723463661326,0.0,0.0,0.0,0.0,0.0,unprocessed,combat_real/0046,combat_real,1188,1.28,0,False,4.299974534660578e-06,1.0749936336651444e-06
1.0492045879364014,1.3090676069259644,0.5555822212441128,0.3970261212022016,2.296125029574415,2.345100956821093,1.7467148885975567,True,1.0492045879364014,1.3090676069259644,0.5555822212441128,0.3970261212022016,2.296125029574415,2.345100956821093,1.7467148885975567,0.0,0.0,0.0,0.0,0.0,unprocessed,combat_real/0047,combat_real,7729,9.9,0,True,2.700020559132099e-06,6.750051397830248e-07
1.651315689086914,2.210221767425537,0.9461255298250588,0.8342208825122216,16.42572789080439,16.412520281118073,12.5840431472935,True,1.651315689086914,2.210221767425537,0.9461255298250588,0.8342208825122216,16.42572789080439,16.412520281118073,12.5840431472935,0.0,0.0,0.0,0.0,0.0,unprocessed,combat_real/0048,combat_real,5142,16.91,0,False,4.499976057559252e-06,1.124994014389813e-06
1.6454250812530518,2.0092601776123047,0.9062588323079288,0.7892837971118831,17.080238716077602,17.07601145189796,11.983422651908612,True,1.6454250812530518,2.0092601776123047,0.9062588323079288,0.7892837971118831,17.080238716077602,17.07601145189796,11.983422651908612,0.0,0.0,0.0,0.0,0.0,unprocessed,combat_real/0049,combat_real,672,17.14,0,False,3.4999684430658817e-06,8.749921107664704e-07
1.0596916675567627,1.5170974731445312,0.67400292502567,0.5230279651288959,1.274370350632426,1.2755145859205028,2.6260118144994795,True,1.0596916675567627,1.5170974731445312,0.67400292502567,0.5230279651288959,1.274370350632426,1.2755145859205028,2.6260118144994795,0.0,0.0,0.0,0.0,0.0,unprocessed,combat_real/0050,combat_real,3729,1.3,0,False,4.699977580457926e-06,1.1749943951144814e-06
1.075837016105652,1.332999587059021,0.8987522018702585,0.7586796671519562,7.790126367114483,7.790978186850893,3.97851798561608,True,1.075837016105652,1.332999587059021,0.8987522018702585,0.7586796671519563,7.790126367114483,7.790978186850893,3.97851798561608,0.0,0.0,0.0,0.0,0.0,unprocessed,combat_real/0051,combat_real,5142,7.97,0,False,3.00002284348011e-06,7.500057108700275e-07
1.514829397201538,1.978898525238037,0.9806706727715764,0.9341362531000938,18.30174569521743,18.30630205067541,18.08721433651506,True,1.514829397201538,1.978898525238037,0.9806706727715764,0.934136253100094,18.30174569521743,18.30630205067541,18.08721433651506,0.0,0.0,0.0,0.0,0.0,unprocessed,combat_real/0052,combat_real,5142,18.39,0,False,3.89997148886323e-06,9.749928722158074e-07
1.748313546180725,2.0068516731262207,0.9269495194165556,0.8719085069820397,14.669923168415703,14.680079883207664,20.95678525084794,True,1.748313546180725,2.0068516731262207,0.9269495194165556,0.8719085069820397,14.669923168415703,14.680079883207664,20.95678525084794,0.0,0.0,0.0,0.0,0.0,unprocessed,combat_real/0053,combat_real,1320,19.73,0,True,2.5999615900218487e-06,6.499903975054622e-07
1.178486466407776,1.4284751415252686,0.7384659082213865,0.5938947451574673,3.5979946832028533,3.417615209361144,2.396890412925002,True,1.178486466407776,1.4284751415252686,0.7384659082213865,0.5938947451574673,3.5979946832028533,3.417615209361144,2.396890412925002,0.0,0.0,0.0,0.0,0.0,unprocessed,combat_real/0054,combat_real,4077,3.86,0,False,3.400025889277458e-06,8.500064723193645e-07
1.704443097114563,2.3530113697052,0.9403030864336318,0.8291505528489413,15.615026680981025,15.622064061141623,14.994676213757128,True,1.704443097114563,2.3530113697052,0.9403030864336318,0.8291505528489413,15.615026680981025,15.622064061141623,14.994676213757128,0.0,0.0,0.0,0.0,0.0,unprocessed,combat_real/0055,combat_real,8455,16.99,0,False,2.500019036233425e-06,6.250047590583563e-07
2.194248914718628,3.0069069862365723,0.9660411008159354,0.8566755641443211,14.026380557186044,14.021771757552786,10.197352567467505,True,2.194248914718628,3.0069069862365723,0.9660411008159354,0.8566755641443212,14.026380557186044,14.021771757552786,10.197352567467505,0.0,0.0,0.0,0.0,0.0,unprocessed,combat_real/0056,combat_real,1188,14.02,0,False,3.4999684430658817e-06,8.749921107664704e-07
1.1080670356750488,1.6108932495117188,0.8277638036719227,0.6146831315776856,3.300923066627183,3.2475520210677344,5.660871274235772,True,1.1080670356750488,1.6108932495117188,0.8277638036719227,0.6146831315776856,3.300923066627183,3.2475520210677344,5.660871274235772,0.0,0.0,0.0,0.0,0.0,unprocessed,combat_real/0057,combat_real,121,9.42,0,True,2.89996387436986e-06,7.249909685924649e-07
1.1424471139907837,1.5312035083770752,0.7506661138567458,0.6103521825877835,5.050172838161053,4.723044863134696,7.636799131927157,True,1.1424471139907837,1.5312035083770752,0.7506661138567458,0.6103521825877832,5.050172838161053,4.723044863134696,7.636799131927157,0.0,0.0,0.0,0.0,0.0,unprocessed,combat_real/0058,combat_real,1995,13.53,0,True,2.900022082030773e-06,7.250055205076933e-07
1.4793707132339478,2.104558229446411,0.8498586957228627,0.7093269180214706,-0.015978962302827,-0.0140078011341024,-1.560848805374747,True,1.4793707132339478,2.104558229446411,0.8498586957228627,0.7093269180214706,-0.015978962302827,-0.0140078011341024,-1.560848805374747,0.0,0.0,0.0,0.0,0.0,unprocessed,combat_real/0059,combat_real,1995,17.71,0,True,4.299974534660578e-06,1.0749936336651444e-06
1.0726633071899414,1.287856101989746,0.67786105839765,0.4938995759828065,4.664173968593076,4.657106832893599,1.837105925640688,True,1.0726633071899414,1.287856101989746,0.67786105839765,0.4938995759828065,4.664173968593076,4.657106832893599,1.837105925640688,0.0,0.0,0.0,0.0,0.0,unprocessed,combat_real/0060,combat_real,4992,11.36,0,True,2.400018274784088e-06,6.00004568696022e-07
1.0339049100875854,1.1537703275680542,0.4849315333710156,0.271382055331044,-5.683244263956092,-5.478069045223606,-6.127329350333252,True,1.0339049100875854,1.1537703275680542,0.4849315333710156,0.271382055331044,-5.683244263956092,-5.478069045223606,-6.127329350333252,0.0,0.0,0.0,0.0,0.0,unprocessed,combat_real/0061,combat_real,3575,2.37,0,True,2.600019797682762e-06,6.500049494206905e-07
1.033148169517517,1.22710382938385,0.7330543781855295,0.4264824384101532,0.3891152634647076,0.3527624975681248,-3.3473506818100938,True,1.033148169517517,1.22710382938385,0.7330543781855295,0.4264824384101532,0.3891152634647076,0.3527624975681248,-3.3473506818100938,0.0,0.0,0.0,0.0,0.0,unprocessed,combat_real/0062,combat_real,4992,5.11,0,True,2.3999600671231747e-06,5.999900167807937e-07
1.0429619550704956,1.2236239910125732,0.6307539721235552,0.3343308815144177,-5.572665316278462,-5.650153213644698,-5.38932261491091,True,1.0429619550704956,1.2236239910125732,0.6307539721235552,0.3343308815144177,-5.572665316278462,-5.650153213644698,-5.38932261491091,0.0,0.0,0.0,0.0,0.0,unprocessed,combat_real/0063,combat_real,5683,3.97,0,True,2.900022082030773e-06,7.250055205076933e-07
1.0787633657455444,1.2263035774230957,0.7604119724938474,0.6124910935055036,9.510539199064876,9.5300513689997,9.208151257049684,True,1.0787633657455444,1.2263035774230957,0.7604119724938474,0.6124910935055033,9.510539199064876,9.5300513689997,9.208151257049684,0.0,0.0,0.0,0.0,0.0,unprocessed,combat_real/0064,combat_real,8555,9.92,0,False,4.799978341907263e-06,1.1999945854768157e-06
1.1102133989334106,1.6005713939666748,0.7539044274165455,0.4593431989797571,1.2509176017807313,0.6568590218788224,-2.587568045795052,True,1.1102133989334106,1.6005713939666748,0.7539044274165455,0.4593431989797571,1.2509176017807313,0.6568590218788224,-2.587568045795052,0.0,0.0,0.0,0.0,0.0,unprocessed,combat_real/0065,combat_real,5105,6.55,0,True,3.400025889277458e-06,8.500064723193645e-07
1.238497018814087,1.9400427341461184,0.8669377271755545,0.6971354952981591,-7.188276260606159,-7.254597575978316,-5.3636538756913765,True,1.238497018814087,1.9400427341461184,0.8669377271755545,0.6971354952981591,-7.188276260606159,-7.254597575978316,-5.3636538756913765,0.0,0.0,0.0,0.0,0.0,unprocessed,combat_real/0066,combat_real,3575,2.28,0,True,3.699969965964556e-06,9.249924914911388e-07
1.0332891941070557,1.3459534645080566,0.4723355401551301,0.2476635725317311,-4.629523609261758,-4.470319960862621,-5.588473062339025,True,1.0332891941070557,1.3459534645080566,0.4723355401551301,0.2476635725317311,-4.629523609261758,-4.470319960862621,-5.588473062339025,0.0,0.0,0.0,0.0,0.0,unprocessed,combat_real/0067,combat_real,5105,0.04,0,True,2.200016751885414e-06,5.500041879713535e-07
1.064476490020752,1.2429282665252686,0.5869530658595841,0.3646882763779796,-8.183166784624502,-8.609150199952184,-2.0840841801796763,True,1.064476490020752,1.2429282665252686,0.5869530658595841,0.3646882763779796,-8.183166784624502,-8.609150199952184,-2.0840841801796763,0.0,0.0,0.0,0.0,0.0,unprocessed,combat_real/0068,combat_real,2300,6.46,0,True,3.200024366378784e-06,8.00006091594696e-07
1.0275287628173828,1.221907615661621,0.5680178298165447,0.379081089535866,-1.6893522100232348,-1.6621685907306685,-3.1043808274344777,True,1.0275287628173828,1.221907615661621,0.5680178298165447,0.379081089535866,-1.6893522100232348,-1.6621685907306685,-3.1043808274344777,0.0,0.0,0.0,0.0,0.0,unprocessed,combat_real/0069,combat_real,1188,4.24,0,True,2.89996387436986e-06,7.249909685924649e-07
1.060559630393982,1.4226287603378296,0.5607320240309311,0.4479799234624317,-1.1041119194492444,-1.2158952258372384,-1.67965730791064,True,1.060559630393982,1.4226287603378296,0.5607320240309311,0.4479799234624317,-1.1041119194492444,-1.2158952258372384,-1.67965730791064,0.0,0.0,0.0,0.0,0.0,unprocessed,combat_real/0070,combat_real,1580,3.68,0,True,2.900022082030773e-06,7.250055205076933e-07
1.0933319330215454,1.4571583271026611,0.6878702035560806,0.4163543518470894,3.42819672684227,3.4011493872248715,0.0377578407441899,True,1.0933319330215454,1.4571583271026611,0.6878702035560806,0.4163543518470894,3.42819672684227,3.4011493872248715,0.0377578407441899,0.0,0.0,0.0,0.0,0.0,unprocessed,combat_real/0071,combat_real,61,3.4,0,False,3.200024366378784e-06,8.00006091594696e-07
1.3145012855529783,1.931824803352356,0.7191783942105822,0.5994078613085236,3.339603824213284,3.895416251476633,2.1570594244282657,True,1.3145012855529783,1.931824803352356,0.7191783942105822,0.5994078613085236,3.339603824213284,3.895416251476633,2.1570594244282657,0.0,0.0,0.0,0.0,0.0,unprocessed,combat_real/0072,combat_real,5105,11.75,0,True,4.800036549568176e-06,1.200009137392044e-06
1.1482268571853638,1.610485553741455,0.8544651866102106,0.7506518988220371,-0.1988037961812715,-0.1974806277204283,-0.4259916830506472,True,1.1482268571853638,1.610485553741455,0.8544651866102106,0.750651898822037,-0.1988037961812715,-0.1974806277204283,-0.4259916830506472,0.0,0.0,0.0,0.0,0.0,unprocessed,combat_real/0073,combat_real,5639,0.13,0,False,3.700028173625469e-06,9.250070434063672e-07
1.1369202136993408,1.3498375415802002,0.6607749751361099,0.5705294134189295,2.428622552217018,2.393768525074609,6.031750493100685,True,1.1369202136993408,1.3498375415802002,0.6607749751361099,0.5705294134189295,2.428622552217018,2.393768525074609,6.031750493100685,0.0,0.0,0.0,0.0,0.0,unprocessed,combat_real/0074,combat_real,672,2.43,0,False,2.7999631129205227e-06,6.999907782301307e-07
1.2185298204421997,1.547800064086914,0.9462041081701588,0.8020430909455101,10.516810375169916,10.50458512766516,6.564356938158289,True,1.2185298204421997,1.547800064086914,0.9462041081701588,0.8020430909455101,10.516810375169916,10.50458512766516,6.564356938158289,0.0,0.0,0.0,0.0,0.0,unprocessed,combat_real/0075,combat_real,6829,10.77,0,False,2.6999623514711857e-06,6.749905878677964e-07
1.1905477046966553,1.7546100616455078,0.7668530807033641,0.5961292348313166,3.8816673582720873,3.8590514799561215,5.249739699441676,True,1.1905477046966553,1.7546100616455078,0.7668530807033641,0.5961292348313165,3.8816673582720873,3.8590514799561215,5.249739699441676,0.0,0.0,0.0,0.0,0.0,unprocessed,combat_real/0076,combat_real,1089,4.09,0,False,3.0999653972685337e-06,7.749913493171334e-07
1.127328872680664,1.3904290199279783,0.6260676895237022,0.5019944901434349,2.946562788153881,1.730079860372005,-1.161477123828232,True,1.127328872680664,1.3904290199279783,0.6260676895237022,0.5019944901434349,2.946562788153881,1.730079860372005,-1.161477123828232,0.0,0.0,0.0,0.0,0.0,unprocessed,combat_real/0077,combat_real,1089,9.81,0,True,2.300017513334751e-06,5.750043783336878e-07
1.0795209407806396,1.308894157409668,0.6447935356070701,0.4788560741380486,-1.3272788030480505,-1.2977022456576286,-0.5061242484708907,True,1.0795209407806396,1.308894157409668,0.6447935356070701,0.4788560741380487,-1.3272788030480505,-1.2977022456576286,-0.5061242484708907,0.0,0.0,0.0,0.0,0.0,unprocessed,combat_real/0078,combat_real,6930,1.54,0,True,3.0999653972685337e-06,7.749913493171334e-07
1.051877737045288,1.2849332094192505,0.5894839833277746,0.4261954964077767,-9.00659153308158,-8.919738826388052,-4.782269240278859,True,1.051877737045288,1.2849332094192505,0.5894839833277746,0.4261954964077767,-9.00659153308158,-8.919738826388052,-4.782269240278859,0.0,0.0,0.0,0.0,0.0,unprocessed,combat_real/0079,combat_real,8463,4.13,0,True,2.600019797682762e-06,6.500049494206905e-07
1.2226780652999878,1.6671545505523682,0.7207638952709479,0.4995544679240179,6.150786787705819,6.271561113551153,2.3285767393158543,True,1.2226780652999878,1.6671545505523682,0.7207638952709479,0.4995544679240179,6.150786787705819,6.271561113551153,2.3285767393158543,0.0,0.0,0.0,0.0,0.0,unprocessed,combat_real/0080,combat_real,908,12.51,0,True,2.499960828572512e-06,6.249902071431279e-07
1.0586705207824707,1.2222782373428345,0.7292458999495385,0.4254750163942778,1.480616262193051,1.487914633901775,-0.5610906550725031,True,1.0586705207824707,1.2222782373428345,0.7292458999495385,0.4254750163942778,1.480616262193051,1.487914633901775,-0.5610906550725031,0.0,0.0,0.0,0.0,0.0,unprocessed,combat_real/0081,combat_real,7021,2.38,0,False,3.00002284348011e-06,7.500057108700275e-07
1.2650755643844604,1.6705951690673828,0.8213894243919682,0.5989474029316949,4.231547388910107,4.750591203545486,1.6726032671561428,True,1.2650755643844604,1.6705951690673828,0.8213894243919682,0.598947402931695,4.231547388910107,4.750591203545486,1.6726032671561428,0.0,0.0,0.0,0.0,0.0,unprocessed,combat_real/0082,combat_real,121,17.28,0,True,3.00002284348011e-06,7.500057108700275e-07
1.422762393951416,2.073073625564575,0.865047650494258,0.7203429842647547,9.947819855216334,9.921313419368843,6.068507305688985,True,1.422762393951416,2.073073625564575,0.865047650494258,0.7203429842647547,9.947819855216334,9.921313419368843,6.068507305688985,0.0,0.0,0.0,0.0,0.0,unprocessed,combat_real/0083,combat_real,908,17.95,0,True,2.400018274784088e-06,6.00004568696022e-07
1.3757411241531372,1.7874925136566162,0.875712920682804,0.8077194601315121,12.087456828205266,12.077203957348171,9.045711861717422,True,1.3757411241531372,1.7874925136566162,0.875712920682804,0.8077194601315121,12.087456828205266,12.077203957348171,9.045711861717422,0.0,0.0,0.0,0.0,0.0,unprocessed,combat_real/0084,combat_real,1284,15.77,0,True,3.1999661587178707e-06,7.999915396794677e-07
1.2795732021331787,1.8683850765228271,0.8173434359860401,0.6077940575146069,0.9079783863224586,0.6799737172187397,-1.60174943107105,True,1.2795732021331787,1.8683850765228271,0.8173434359860401,0.6077940575146069,0.9079783863224586,0.6799737172187397,-1.60174943107105,0.0,0.0,0.0,0.0,0.0,unprocessed,combat_real/0085,combat_real,4992,14.17,0,True,2.300017513334751e-06,5.750043783336878e-07
1.0304359197616575,1.2691398859024048,0.5688065447310696,0.2918154404847486,-4.054632923818287,-4.0157363260844985,-4.740996086731878,True,1.0304359197616575,1.2691398859024048,0.5688065447310696,0.2918154404847486,-4.054632923818287,-4.0157363260844985,-4.740996086731878,0.0,0.0,0.0,0.0,0.0,unprocessed,combat_real/0086,combat_real,237,4.6,0,True,2.900022082030773e-06,7.250055205076933e-07
1.09894859790802,1.224298357963562,0.8270511356894841,0.743408802617688,7.5245643417029076,7.542521846206045,10.225784784160876,True,1.09894859790802,1.224298357963562,0.8270511356894841,0.743408802617688,7.5245643417029076,7.542521846206045,10.225784784160876,0.0,0.0,0.0,0.0,0.0,unprocessed,combat_real/0087,combat_real,4992,7.83,0,False,3.600027412176132e-06,9.00006853044033e-07
1.3309762477874756,1.7157007455825806,0.8781760356242271,0.7947350938789847,11.58734097102718,11.59922545609986,9.380394531391882,True,1.3309762477874756,1.7157007455825806,0.8781760356242271,0.7947350938789847,11.58734097102718,11.59922545609986,9.380394531391882,0.0,0.0,0.0,0.0,0.0,unprocessed,combat_real/0088,combat_real,3575,12.01,0,False,2.900022082030773e-06,7.250055205076933e-07
2.742698431015014,2.899553775787353,0.9931655839190008,0.9766329038540336,17.74802991486122,17.75473648372452,27.401266816171805,True,2.742698431015014,2.899553775787353,0.9931655839190008,0.9766329038540336,17.74802991486122,17.75473648372452,27.401266816171805,0.0,0.0,0.0,0.0,0.0,unprocessed,combat_real/0089,combat_real,6930,17.75,0,False,3.00002284348011e-06,7.500057108700275e-07
1.0897040367126465,1.4859848022460938,0.7830843397891943,0.5872190008416854,6.062271362090988,6.029463862110046,0.5116424771673629,True,1.0897040367126465,1.4859848022460938,0.7830843397891943,0.5872190008416854,6.062271362090988,6.029463862110046,0.5116424771673629,0.0,0.0,0.0,0.0,0.0,unprocessed,combat_real/0090,combat_real,1089,6.55,0,False,2.800021320581436e-06,7.00005330145359e-07
1.056448459625244,1.2421520948410034,0.5493454719944801,0.2414125681211369,-3.227942075483906,-0.72418936165565,-1.053849594055152,True,1.056448459625244,1.2421520948410034,0.5493454719944801,0.2414125681211369,-3.227942075483906,-0.72418936165565,-1.053849594055152,0.0,0.0,0.0,0.0,0.0,unprocessed,combat_real/0091,combat_real,4077,11.3,0,True,2.900022082030773e-06,7.250055205076933e-07
1.811504364013672,2.7239840030670166,0.9052790188074156,0.838802197556466,18.19334255393903,18.19523552237205,15.14063065837683,True,1.811504364013672,2.7239840030670166,0.9052790188074156,0.838802197556466,18.19334255393903,18.19523552237205,15.14063065837683,0.0,0.0,0.0,0.0,0.0,unprocessed,combat_real/0092,combat_real,1188,18.2,0,False,2.6999623514711857e-06,6.749905878677964e-07
1.3409610986709597,2.342026948928833,0.8617616017699654,0.7064571479265342,9.658769960841283,9.619424142935497,7.513950541004767,True,1.3409610986709597,2.342026948928833,0.8617616017699654,0.7064571479265342,9.658769960841283,9.619424142935497,7.513950541004767,0.0,0.0,0.0,0.0,0.0,unprocessed,combat_real/0093,combat_real,3729,13.64,0,True,3.200024366378784e-06,8.00006091594696e-07
1.914103388786316,2.7180309295654297,0.8291791583165271,0.7483354286917073,15.60852049735482,15.619250252478745,13.13920281372407,True,1.914103388786316,2.7180309295654297,0.8291791583165271,0.7483354286917075,15.60852049735482,15.619250252478745,13.13920281372407,0.0,0.0,0.0,0.0,0.0,unprocessed,combat_real/0094,combat_real,7127,15.67,0,False,4.099973011761904e-06,1.024993252940476e-06
1.0363800525665283,1.2064744234085083,0.6337280467115906,0.3625956035246618,-2.936830958302467,-2.9853404083961004,-3.2249361221560444,True,1.0363800525665283,1.2064744234085083,0.6337280467115906,0.3625956035246617,-2.936830958302467,-2.9853404083961004,-3.2249361221560444,0.0,0.0,0.0,0.0,0.0,unprocessed,combat_real/0095,combat_real,121,4.75,0,True,2.2999593056738377e-06,5.749898264184594e-07
1.7534830570220947,2.688302755355835,0.9042946731293146,0.8034780775092265,10.571373002903927,10.61207925494567,11.061117515190164,True,1.7534830570220947,2.688302755355835,0.9042946731293146,0.8034780775092266,10.571373002903927,10.61207925494567,11.061117515190164,0.0,0.0,0.0,0.0,0.0,unprocessed,combat_real/0096,combat_real,1221,18.1,0,True,2.3999600671231747e-06,5.999900167807937e-07
1.663297176361084,2.2142653465271,0.9448437702086956,0.8139294600767232,11.831887887874847,11.863346395340916,8.874918919507625,True,1.663297176361084,2.2142653465271,0.9448437702086956,0.8139294600767232,11.831887887874847,11.863346395340916,8.874918919507625,0.0,0.0,0.0,0.0,0.0,unprocessed,combat_real/0097,combat_real,1320,12.03,0,False,3.100023604929447e-06,7.750059012323618e-07
1.2417858839035034,1.8035202026367188,0.6934317748080635,0.458729929893308,4.781557758915586,4.848703364561092,0.6130324644232746,True,1.2417858839035034,1.8035202026367188,0.6934317748080635,0.458729929893308,4.781557758915586,4.848703364561092,0.6130324644232746,0.0,0.0,0.0,0.0,0.0,unprocessed,combat_real/0098,combat_real,908,14.08,0,True,2.499960828572512e-06,6.249902071431279e-07
1.21191143989563,1.486333250999451,0.8178229877567225,0.6571797416323533,6.169069841172561,6.133727545452827,5.959926453726916,True,1.21191143989563,1.486333250999451,0.8178229877567225,0.6571797416323533,6.169069841172561,6.133727545452827,5.959926453726916,0.0,0.0,0.0,0.0,0.0,unprocessed,combat_real/0099,combat_real,4446,6.98,0,False,3.200024366378784e-06,8.00006091594696e-07
1.1353518962860107,1.5098915100097656,0.6607186515155515,0.4638132594416875,6.56227679482752,6.544134470374109,1.971062380153352,True,1.1353518962860107,1.5098915100097656,0.6607186515155515,0.4638132594416875,6.56227679482752,6.544134470374109,1.971062380153352,0.0,0.0,0.0,0.0,0.0,unprocessed,combat_real/0100,combat_real,4507,14.92,0,True,4.499976057559252e-06,1.124994014389813e-06
1.0775377750396729,1.4200539588928225,0.8015643605489885,0.5578883596492461,6.086607980794556,6.107682910917251,1.010843723688369,True,1.0775377750396729,1.4200539588928225,0.8015643605489885,0.557888359649246,6.086607980794556,6.107682910917251,1.010843723688369,0.0,0.0,0.0,0.0,0.0,unprocessed,combat_real/0101,combat_real,5142,10.11,0,True,2.3999600671231747e-06,5.999900167807937e-07
1.1953125,2.0170934200286865,0.7765266878503524,0.620786688681052,4.13656993720334,4.160920235137626,-0.3818396133321943,True,1.1953125,2.0170934200286865,0.7765266878503524,0.6207866886810521,4.13656993720334,4.160920235137626,-0.3818396133321943,0.0,0.0,0.0,0.0,0.0,unprocessed,combat_real/0102,combat_real,6930,17.89,0,True,2.500019036233425e-06,6.250047590583563e-07
1.315250277519226,1.8216547966003416,0.889689666651,0.6452882359365552,4.955384335916241,4.982404168225654,0.4994354481391114,True,1.315250277519226,1.8216547966003416,0.889689666651,0.6452882359365552,4.955384335916241,4.982404168225654,0.4994354481391114,0.0,0.0,0.0,0.0,0.0,unprocessed,combat_real/0103,combat_real,7127,4.98,0,False,2.5999615900218487e-06,6.499903975054622e-07
1.1386083364486694,1.2539381980895996,0.6318988630248903,0.5481952047534063,3.189585809638765,3.159812168569156,1.0807320434895336,True,1.1386083364486694,1.2539381980895996,0.6318988630248903,0.5481952047534063,3.189585809638765,3.159812168569156,1.0807320434895336,0.0,0.0,0.0,0.0,0.0,unprocessed,combat_real/0104,combat_real,908,10.97,0,True,2.89996387436986e-06,7.249909685924649e-07
1.1850090026855469,1.3859798908233645,0.7681307029856087,0.6075082751772845,2.6024117833195657,2.389288733590407,1.882558347720081,True,1.1850090026855469,1.3859798908233645,0.7681307029856087,0.6075082751772846,2.6024117833195657,2.389288733590407,1.882558347720081,0.0,0.0,0.0,0.0,0.0,unprocessed,combat_real/0105,combat_real,672,6.95,0,True,3.100023604929447e-06,7.750059012323618e-07
3.497519493103028,3.6053218841552734,0.9375335333490328,0.9035632319269744,15.924037707305123,15.93051621478826,15.358068115831776,True,3.497519493103028,3.6053218841552734,0.9375335333490328,0.9035632319269746,15.924037707305123,15.93051621478826,15.358068115831776,0.0,0.0,0.0,0.0,0.0,unprocessed,combat_real/0106,combat_real,7127,15.96,0,False,2.700020559132099e-06,6.750051397830248e-07
1.1015560626983645,1.3177237510681152,0.7983862221413143,0.5338411989306114,2.111736877470859,2.0959923358281527,2.0716640964880764,True,1.1015560626983645,1.3177237510681152,0.7983862221413143,0.5338411989306113,2.111736877470859,2.0959923358281527,2.0716640964880764,0.0,0.0,0.0,0.0,0.0,unprocessed,combat_real/0107,combat_real,4970,3.0,0,False,3.699969965964556e-06,9.249924914911388e-07
1.0672528743743896,1.4591224193572998,0.7009753027911445,0.479708092544457,3.953209064246528,3.7977737635125006,0.0474474919885187,True,1.0672528743743896,1.4591224193572998,0.7009753027911445,0.479708092544457,3.953209064246528,3.7977737635125006,0.0474474919885187,0.0,0.0,0.0,0.0,0.0,unprocessed,combat_real/0108,combat_real,8230,12.21,0,True,2.7999631129205227e-06,6.999907782301307e-07
1.2861316204071045,1.7027580738067627,0.8827998058771271,0.7590808399316761,9.009065020540469,9.0135207746096,7.479414527759568,True,1.2861316204071045,1.7027580738067627,0.8827998058771271,0.7590808399316761,9.009065020540469,9.0135207746096,7.479414527759568,0.0,0.0,0.0,0.0,0.0,unprocessed,combat_real/0109,combat_real,121,16.1,0,True,8.400005754083395e-06,2.1000014385208488e-06
1.0810362100601196,1.355077862739563,0.7288995852049202,0.5635424945169578,2.66152738788704,2.728804417179074,0.108503810292278,True,1.0810362100601196,1.355077862739563,0.7288995852049202,0.5635424945169578,2.66152738788704,2.728804417179074,0.108503810292278,0.0,0.0,0.0,0.0,0.0,unprocessed,combat_real/0110,combat_real,1221,2.73,0,False,2.700020559132099e-06,6.750051397830248e-07
1.0954227447509766,1.5447025299072266,0.7780516161969517,0.5126066221347713,4.908209065974655,4.893346044807466,-0.2874519423119833,True,1.0954227447509766,1.5447025299072266,0.7780516161969517,0.5126066221347712,4.908209065974655,4.893346044807466,-0.2874519423119833,0.0,0.0,0.0,0.0,0.0,unprocessed,combat_real/0111,combat_real,1580,5.36,0,False,2.400018274784088e-06,6.00004568696022e-07
1.293330430984497,1.8134381771087649,0.8560161093458764,0.6179385709706776,11.31404580220858,11.376068319967082,5.368747021659156,True,1.293330430984497,1.8134381771087649,0.8560161093458764,0.6179385709706776,11.31404580220858,11.376068319967082,5.368747021659156,0.0,0.0,0.0,0.0,0.0,unprocessed,combat_real/0112,combat_real,4077,11.38,0,False,2.900022082030773e-06,7.250055205076933e-07
2.1622860431671143,2.6120028495788574,0.9728560034176744,0.9084497476159342,19.0435123651636,18.951352545825195,15.980239755208965,True,2.1622860431671143,2.6120028495788574,0.9728560034176744,0.9084497476159342,19.0435123651636,18.951352545825195,15.980239755208965,0.0,0.0,0.0,0.0,0.0,unprocessed,combat_real/0113,combat_real,4446,19.22,0,False,1.8999562598764896e-06,4.749890649691224e-07
1.0442421436309814,1.2766339778900146,0.5571815630284968,0.3312151256226086,-2.1374128061770308,-2.006060419326396,-3.2412092479446897,True,1.0442421436309814,1.2766339778900146,0.5571815630284968,0.3312151256226086,-2.1374128061770308,-2.006060419326396,-3.2412092479446897,0.0,0.0,0.0,0.0,0.0,unprocessed,combat_real/0114,combat_real,4077,7.94,0,True,3.5999692045152187e-06,8.999923011288047e-07
1.0629419088363647,1.31349515914917,0.6778260233106206,0.4289511217503133,3.3760270383995303,3.2924751052417767,1.093140790597522,True,1.0629419088363647,1.31349515914917,0.6778260233106206,0.4289511217503133,3.3760270383995303,3.2924751052417767,1.093140790597522,0.0,0.0,0.0,0.0,0.0,unprocessed,combat_real/0115,combat_real,61,11.95,0,True,5.099980626255274e-06,1.2749951565638185e-06
1.5785306692123413,2.0137722492218018,0.8863683002852836,0.7458123387167505,11.426760786583907,11.291157270126948,8.000783776140254,True,1.5785306692123413,2.0137722492218018,0.8863683002852836,0.7458123387167505,11.426760786583907,11.291157270126948,8.000783776140254,0.0,0.0,0.0,0.0,0.0,unprocessed,combat_real/0116,combat_real,1284,13.75,0,True,2.1999585442245007e-06,5.499896360561252e-07
1.0798392295837402,1.3875830173492432,0.8019136036631908,0.5100952885486633,3.528595585609759,3.489730346801996,-0.1193517596251268,True,1.0798392295837402,1.3875830173492432,0.8019136036631908,0.5100952885486633,3.528595585609759,3.489730346801996,-0.1193517596251268,0.0,0.0,0.0,0.0,0.0,unprocessed,combat_real/0117,combat_real,7021,5.21,0,False,3.5999692045152187e-06,8.999923011288047e-07
1.3593955039978027,1.8328795433044436,0.9207189505057016,0.8366927018314544,16.76540599777026,16.77573924865381,12.637441185018831,True,1.3593955039978027,1.8328795433044436,0.9207189505057016,0.8366927018314544,16.76540599777026,16.77573924865381,12.637441185018831,0.0,0.0,0.0,0.0,0.0,unprocessed,combat_real/0118,combat_real,1320,16.87,0,False,3.200024366378784e-06,8.00006091594696e-07
1.0434635877609253,1.09376323223114,0.3613813424468946,0.3392577279719099,-7.4228751458359135,-10.916622863259974,-6.616842115633984,True,1.0434635877609253,1.09376323223114,0.3613813424468946,0.3392577279719098,-7.4228751458359135,-10.916622863259974,-6.616842115633984,0.0,0.0,0.0,0.0,0.0,unprocessed,combat_real/0119,combat_real,6930,7.62,0,True,3.700028173625469e-06,9.250070434063672e-07
1.173906326293945,1.8050144910812376,0.7612270662191832,0.5967023206254635,1.8435409919470145,1.815553947404346,8.245300280538192,True,1.173906326293945,1.8050144910812376,0.7612270662191832,0.5967023206254634,1.8435409919470145,1.815553947404346,8.245300280538192,0.0,0.0,0.0,0.0,0.0,unprocessed,combat_real/0120,combat_real,1580,2.5,0,False,3.00002284348011e-06,7.500057108700275e-07
1.4449371099472046,2.1749367713928223,0.8806459397687386,0.7181483806159418,8.713703516839473,8.715321947503465,3.937761601172504,True,1.4449371099472046,2.1749367713928223,0.8806459397687386,0.7181483806159418,8.713703516839473,8.715321947503465,3.937761601172504,0.0,0.0,0.0,0.0,0.0,unprocessed,combat_real/0121,combat_real,237,8.85,0,False,2.500019036233425e-06,6.250047590583563e-07
2.031339406967163,2.6560041904449463,0.98345464914001,0.9358090434778052,6.813991129249861,6.808654809995787,4.893750321479581,True,2.031339406967163,2.6560041904449463,0.98345464914001,0.9358090434778052,6.813991129249861,6.808654809995787,4.893750321479581,0.0,0.0,0.0,0.0,0.0,unprocessed,combat_real/0122,combat_real,6829,14.9,0,True,2.89996387436986e-06,7.249909685924649e-07
1.089841604232788,1.407778024673462,0.5787632440482052,0.4020997445931709,4.194065627377343,3.599788920807694,0.8440092086036584,True,1.089841604232788,1.407778024673462,0.5787632440482052,0.4020997445931709,4.194065627377343,3.599788920807694,0.8440092086036584,0.0,0.0,0.0,0.0,0.0,unprocessed,combat_real/0123,combat_real,1320,9.9,0,True,2.800021320581436e-06,7.00005330145359e-07
1.116299748420715,1.5306475162506104,0.720662005982492,0.4216303311712014,3.590497807273884,3.667797463553808,-0.2466560006728357,True,1.116299748420715,1.5306475162506104,0.720662005982492,0.4216303311712015,3.590497807273884,3.667797463553808,-0.2466560006728357,0.0,0.0,0.0,0.0,0.0,unprocessed,combat_real/0124,combat_real,4077,3.97,0,False,4.600035026669502e-06,1.1500087566673756e-06
1.4083102941513062,2.0409867763519287,0.9349323819300208,0.7940823854310524,7.478778703031522,7.530628205818422,4.0299996269510086,True,1.4083102941513062,2.0409867763519287,0.9349323819300208,0.7940823854310524,7.478778703031522,7.530628205818422,4.0299996269510086,0.0,0.0,0.0,0.0,0.0,unprocessed,combat_real/0125,combat_real,6829,16.43,0,True,3.8000289350748062e-06,9.500072337687016e-07
1.0610792636871338,1.3060176372528076,0.6876504054587295,0.3928200495790335,0.8425766797174064,0.6560182437926982,-1.2686653446953846,True,1.0610792636871338,1.3060176372528076,0.6876504054587295,0.3928200495790335,0.8425766797174064,0.6560182437926982,-1.2686653446953846,0.0,0.0,0.0,0.0,0.0,unprocessed,combat_real/0126,combat_real,7176,4.8,0,True,2.500019036233425e-06,6.250047590583563e-07
1.1447060108184814,1.5491241216659546,0.7233630790688185,0.5760051470267751,7.059891228257602,7.045252073880283,4.455847131744718,True,1.1447060108184814,1.5491241216659546,0.7233630790688185,0.5760051470267752,7.059891228257602,7.045252073880283,4.455847131744718,0.0,0.0,0.0,0.0,0.0,unprocessed,combat_real/0127,combat_real,672,11.86,0,True,2.800021320581436e-06,7.00005330145359e-07
1.079218864440918,1.4183924198150637,0.7730426196163714,0.5840418469449811,1.8106079439610336,1.751918799689246,0.5997576370575619,True,1.079218864440918,1.4183924198150637,0.7730426196163714,0.5840418469449811,1.8106079439610336,1.751918799689246,0.5997576370575619,0.0,0.0,0.0,0.0,0.0,unprocessed,combat_real/0128,combat_real,4992,10.8,0,True,2.700020559132099e-06,6.750051397830248e-07
1.0691313743591309,1.3686277866363523,0.7451721137322734,0.5025685236424463,-4.755135355009188,-4.59395497560132,-2.5283740968144004,True,1.0691313743591309,1.3686277866363523,0.7451721137322734,0.5025685236424463,-4.755135355009188,-4.59395497560132,-2.5283740968144004,0.0,0.0,0.0,0.0,0.0,unprocessed,combat_real/0129,combat_real,4446,2.75,0,True,5.200039595365524e-06,1.300009898841381e-06
1.1180267333984375,1.3805474042892456,0.4772172889383944,0.3047622990393258,-2.537442424977275,0.0412591572794022,-1.2907381604523709,True,1.1180267333984375,1.3805474042892456,0.4772172889383944,0.3047622990393258,-2.537442424977275,0.0412591572794022,-1.2907381604523709,0.0,0.0,0.0,0.0,0.0,unprocessed,combat_real/0130,combat_real,8555,5.08,0,True,4.600035026669502e-06,1.1500087566673756e-06
2.971550941467285,3.885187387466431,0.980110539393347,0.9189506306833188,14.834946955237138,14.864786491305535,11.198704011318483,True,2.971550941467285,3.885187387466431,0.980110539393347,0.9189506306833188,14.834946955237138,14.864786491305535,11.198704011318483,0.0,0.0,0.0,0.0,0.0,unprocessed,combat_real/0131,combat_real,2094,14.86,0,False,3.200024366378784e-06,8.00006091594696e-07
1.7629024982452393,2.244780778884888,0.9446797744758154,0.804987964177496,18.772137001872043,18.765286748889164,13.325315982634088,True,1.7629024982452393,2.244780778884888,0.9446797744758154,0.804987964177496,18.772137001872043,18.765286748889164,13.325315982634088,0.0,0.0,0.0,0.0,0.0,unprocessed,combat_real/0132,combat_real,61,18.77,0,False,3.5999692045152187e-06,8.999923011288047e-07
1.0957506895065308,1.374868392944336,0.7624933520597875,0.5588704365494676,-0.5874543607964106,-0.3996926113599975,-0.72342443305242,True,1.0957506895065308,1.374868392944336,0.7624933520597875,0.5588704365494674,-0.5874543607964106,-0.3996926113599975,-0.72342443305242,0.0,0.0,0.0,0.0,0.0,unprocessed,combat_real/0133,combat_real,61,4.14,0,True,3.500026650726795e-06,8.750066626816988e-07
1.1461191177368164,1.491686463356018,0.7943017265960495,0.6574139258434482,6.627290490799849,6.5038212698776565,4.433304797985121,True,1.1461191177368164,1.491686463356018,0.7943017265960495,0.6574139258434482,6.627290490799849,6.5038212698776565,4.433304797985121,0.0,0.0,0.0,0.0,0.0,unprocessed,combat_real/0134,combat_real,3570,12.39,0,True,3.300025127828121e-06,8.250062819570303e-07
1.824081301689148,2.269979476928711,0.913937720113531,0.8520986602066453,19.539440026026384,19.5427361088148,21.30192683467365,True,1.824081301689148,2.269979476928711,0.913937720113531,0.8520986602066453,19.539440026026384,19.5427361088148,21.30192683467365,0.0,0.0,0.0,0.0,0.0,unprocessed,combat_real/0135,combat_real,6930,19.62,0,False,2.800021320581436e-06,7.00005330145359e-07
1.049924373626709,1.243085265159607,0.69657193736957,0.4934806216624545,3.04471511813017,3.0363923208301498,0.1746415124910519,True,1.049924373626709,1.243085265159607,0.69657193736957,0.4934806216624544,3.04471511813017,3.0363923208301498,0.1746415124910519,0.0,0.0,0.0,0.0,0.0,unprocessed,combat_real/0136,combat_real,3575,7.26,0,True,3.0999653972685337e-06,7.749913493171334e-07
1.232153296470642,1.7656991481781006,0.7622103914310245,0.5975383905361721,6.965723987236512,6.941119343535479,4.139157621359117,True,1.232153296470642,1.7656991481781006,0.7622103914310245,0.5975383905361721,6.965723987236512,6.941119343535479,4.139157621359117,0.0,0.0,0.0,0.0,0.0,unprocessed,combat_real/0137,combat_real,8455,13.03,0,True,3.100023604929447e-06,7.750059012323618e-07
1.189983367919922,1.8692690134048464,0.915021259673532,0.7942705516467212,7.853778152330159,7.864152235867802,12.242096349020557,True,1.189983367919922,1.8692690134048464,0.915021259673532,0.7942705516467212,7.853778152330159,7.864152235867802,12.242096349020557,0.0,0.0,0.0,0.0,0.0,unprocessed,combat_real/0138,combat_real,4992,8.52,0,False,3.7999707274138927e-06,9.499926818534732e-07
1.385157585144043,1.9421272277832031,0.8195569324432641,0.5857072690647357,10.65343066522145,10.678177423743726,5.10451614677908,True,1.385157585144043,1.9421272277832031,0.8195569324432641,0.5857072690647357,10.65343066522145,10.678177423743726,5.10451614677908,0.0,0.0,0.0,0.0,0.0,unprocessed,combat_real/0139,combat_real,1284,15.91,0,True,2.700020559132099e-06,6.750051397830248e-07
1.0450160503387451,1.1855995655059814,0.6642962808584826,0.5983216960171229,0.84795276342681,0.8565639618447967,3.816354213035797,True,1.0450160503387451,1.1855995655059814,0.6642962808584826,0.5983216960171229,0.84795276342681,0.8565639618447967,3.816354213035797,0.0,0.0,0.0,0.0,0.0,unprocessed,combat_real/0140,combat_real,5639,7.05,0,True,3.300025127828121e-06,8.250062819570303e-07
1.265663981437683,2.018136501312256,0.8270623615923683,0.6386498562420769,5.9276348077155685,6.109745563599599,3.157365962674313,True,1.265663981437683,2.018136501312256,0.8270623615923683,0.6386498562420769,5.9276348077155685,6.109745563599599,3.157365962674313,0.0,0.0,0.0,0.0,0.0,unprocessed,combat_real/0141,combat_real,8455,12.24,0,True,3.100023604929447e-06,7.750059012323618e-07
1.6630442142486572,2.0532257556915283,0.9453370200597496,0.8745502224577015,17.76614096620699,17.76450059790504,13.969794619449784,True,1.6630442142486572,2.0532257556915283,0.9453370200597496,0.8745502224577015,17.76614096620699,17.76450059790504,13.969794619449784,0.0,0.0,0.0,0.0,0.0,unprocessed,combat_real/0142,combat_real,237,18.23,0,False,3.400025889277458e-06,8.500064723193645e-07
1.1725866794586182,1.3003251552581787,0.7637256003144439,0.6478503395826597,0.5893734450518194,0.7508714749048035,7.450436080406347,True,1.1725866794586182,1.3003251552581787,0.7637256003144439,0.6478503395826596,0.5893734450518194,0.7508714749048035,7.450436080406347,0.0,0.0,0.0,0.0,0.0,unprocessed,combat_real/0143,combat_real,8230,0.69,0,False,3.5999692045152187e-06,8.999923011288047e-07
1.092307448387146,1.4235206842422483,0.7529626887408903,0.4604356479800963,0.904368889339578,0.9867132892041512,-0.0530449997087981,True,1.092307448387146,1.4235206842422483,0.7529626887408903,0.4604356479800964,0.904368889339578,0.9867132892041512,-0.0530449997087981,0.0,0.0,0.0,0.0,0.0,unprocessed,combat_real/0144,combat_real,8455,2.32,0,False,2.499960828572512e-06,6.249902071431279e-07
1.1007157564163208,1.4451241493225098,0.8426402312116256,0.6781080939989477,11.2204983374828,11.227967964504446,12.722943654070209,True,1.1007157564163208,1.4451241493225098,0.8426402312116256,0.6781080939989477,11.2204983374828,11.227967964504446,12.722943654070209,0.0,0.0,0.0,0.0,0.0,unprocessed,combat_real/0145,combat_real,4992,11.58,0,False,3.299966920167208e-06,8.249917300418019e-07
1.0618634223937988,1.323557734489441,0.5440681959955821,0.3275126855081666,-2.0219883741870053,-1.3987249274740066,-4.66180134754548,True,1.0618634223937988,1.323557734489441,0.5440681959955821,0.3275126855081666,-2.0219883741870053,-1.3987249274740066,-4.66180134754548,0.0,0.0,0.0,0.0,0.0,unprocessed,combat_real/0146,combat_real,3575,13.88,0,True,3.400025889277458e-06,8.500064723193645e-07
1.0832465887069702,1.35072922706604,0.7735787411725946,0.5810014842545956,4.783878297290144,5.197174883755187,2.794452030812132,True,1.0832465887069702,1.35072922706604,0.7735787411725946,0.5810014842545957,4.783878297290144,5.197174883755187,2.794452030812132,0.0,0.0,0.0,0.0,0.0,unprocessed,combat_real/0147,combat_real,6930,14.37,0,True,2.900022082030773e-06,7.250055205076933e-07
1.3148996829986572,2.120513677597046,0.925645887658138,0.7955937399310294,11.93879778498789,11.902443992848376,7.93594654973755,True,1.3148996829986572,2.120513677597046,0.925645887658138,0.7955937399310294,11.93879778498789,11.902443992848376,7.93594654973755,0.0,0.0,0.0,0.0,0.0,unprocessed,combat_real/0148,combat_real,1995,19.3,0,True,2.800021320581436e-06,7.00005330145359e-07
1.1763752698898315,1.5691595077514648,0.8251371492422978,0.7349004101668627,-2.9597519769755287,-2.838177696213384,7.717611123148426,True,1.1763752698898315,1.5691595077514648,0.8251371492422978,0.7349004101668627,-2.9597519769755287,-2.838177696213384,7.717611123148426,0.0,0.0,0.0,0.0,0.0,unprocessed,combat_real/0149,combat_real,121,9.37,0,True,2.6999623514711857e-06,6.749905878677964e-07
1.9357237815856931,2.779692411422729,0.9835877233668264,0.93789068345809,14.577491511862595,14.60375922524104,11.47439788882794,True,1.7775779962539673,2.6069207191467285,0.9827263689815632,0.9339140473137176,13.766999778597471,13.7748113981617,10.079454024270047,0.8289478270793413,0.810491733265124,0.158145785331726,0.1727716922760009,0.0008613543852634,wiener,combat_real/0000,combat_real,5142,14.22,0,False,0.0753367000143043,0.018834175003576
1.1406415700912476,1.496964454650879,0.7658390674255778,0.5812189402213719,4.28883548787922,4.6714626530838,1.6383357123435895,True,1.0944379568099976,1.425382375717163,0.7461550723866142,0.5474554258796196,2.381685977219327,2.466183771996761,-0.3031655092486183,2.2052788810870383,1.9071495106598932,0.04620361328125,0.0715820789337158,0.0196839950389636,wiener,combat_real/0001,combat_real,6829,6.3,0,True,0.1150539999944157,0.0287634999986039
1.0711003541946411,1.681699275970459,0.7316081159595679,0.4585131866300272,1.1382946303839894,2.465458974149029,0.6169587381462407,True,1.0687110424041748,1.6334933042526243,0.7326530122575895,0.4525497944112024,0.8583197349040397,1.9233402080150892,0.0187797072069824,0.5421187661339395,0.2799748954799497,0.0023893117904663,0.0482059717178344,-0.0010448962980216,wiener,combat_real/0002,combat_real,3570,10.51,0,True,0.0261168999713845,0.0065292249928461
1.6104931831359863,2.297816514968872,0.9644611748433746,0.8549044054928774,14.718444884092952,14.759340415435332,13.15942174816548,True,1.420651078224182,1.9763834476470947,0.9650607193618412,0.8522030864619468,14.01969752363414,14.022532253861469,11.69880830006586,0.7368081615738635,0.6987473604588121,0.1898421049118042,0.3214330673217773,-0.0005995445184665,wiener,combat_real/0003,combat_real,5142,14.58,0,False,0.1170806000009179,0.0292701500002294
1.1646586656570437,1.2549976110458374,0.7466343473902565,0.7025992740001341,1.8989717327379807,1.96485058332198,10.878486915136174,True,1.1552923917770386,1.237722635269165,0.7502928452801717,0.7020562615800291,1.8822927023633176,1.885864982123108,9.884535315172132,0.0789856011988721,0.0166790303746628,0.0093662738800048,0.0172749757766723,-0.0036584978899152,wiener,combat_real/0004,combat_real,1320,2.06,0,False,0.1164712000172585,0.0291178000043146
1.0430642366409302,1.1418797969818115,0.5070975125333741,0.342282754151382,-4.479486770759128,-3.770859683706431,-3.558854326727727,True,1.0486552715301514,1.1659276485443115,0.5170065102908645,0.3363339537228446,-4.817059574089573,-4.693057372535804,-4.57706574379103,0.9221976888293728,0.3375728033304446,-0.0055910348892211,-0.0240478515625,-0.0099089977574904,wiener,combat_real/0005,combat_real,5639,4.88,0,True,0.0313196999486535,0.0078299249871633
1.1366393566131592,1.5896508693695068,0.6472212593044864,0.3994862017959367,6.023598158740788,6.135214254391467,0.9823636821467556,True,1.127884864807129,1.5659807920455933,0.6578365827588228,0.4050911048685637,5.5242180413736754,5.544427774948773,0.4647193378251747,0.590786479442694,0.4993801173671128,0.0087544918060302,0.0236700773239135,-0.0106153234543364,wiener,combat_real/0006,combat_real,4446,14.41,0,True,0.0762615000130608,0.0190653750032652
1.073435664176941,1.4083184003829956,0.6971907119098891,0.4669038413766829,2.9053138565632737,3.194174215425318,-1.4028979366877636,True,1.060648798942566,1.3376762866973877,0.6766216383709958,0.4409130179489505,1.8642570910145588,1.7842860948088952,-2.5125788837428984,1.4098881206164229,1.0410567655487148,0.012786865234375,0.0706421136856079,0.0205690735388933,wiener,combat_real/0007,combat_real,8455,1.78,0,False,0.1069331999751739,0.0267332999937934
1.0836714506149292,1.3516966104507446,0.7452306916178607,0.4941164948959025,3.6091135652375184,4.084011609093673,0.8291873174407376,True,1.069558024406433,1.3004937171936035,0.7355688166820138,0.4727262669717827,2.459190611955669,2.5160307882276123,-0.5001729992359374,1.5679808208660604,1.1499229532818496,0.014113426208496,0.0512028932571411,0.0096618749358469,wiener,combat_real/0008,combat_real,7176,9.15,0,True,0.0320266999769955,0.0080066749942488
1.288119554519653,1.6148960590362549,0.8520957513028177,0.806958288143822,8.316621518477968,8.372838919731155,9.694398131646135,True,1.2395570278167725,1.5091373920440674,0.8510108809662421,0.7993403474971668,8.025084925013315,8.035162699911352,8.190911430702304,0.3376762198198033,0.2915365934646523,0.0485625267028808,0.1057586669921875,0.0010848703365755,wiener,combat_real/0009,combat_real,8555,8.37,0,False,0.0321479000267572,0.0080369750066893
1.2617731094360352,1.6141477823257446,0.7720797879235277,0.6525629364242336,2.754832497970772,2.708766832539883,10.371938177955805,True,1.252745509147644,1.6381080150604248,0.7730984079627224,0.6577264292288892,2.7550416505753854,2.683573856972838,11.15115151928464,0.025192975567045,-0.0002091526046137,0.0090276002883911,-0.0239602327346801,-0.0010186200391947,wiener,combat_real/0010,combat_real,8463,2.82,0,False,0.1450150999589823,0.0362537749897455
1.076231837272644,1.2858810424804688,0.80813142322884,0.6232744856633927,7.886230720445856,8.022626442750166,5.369941767954856,True,1.0636489391326904,1.246549367904663,0.804211178944469,0.616537367607713,7.368783796849429,7.425160351944291,4.516845755292589,0.5974660908058755,0.5174469235964274,0.0125828981399536,0.0393316745758056,0.0039202442843709,wiener,combat_real/0011,combat_real,7729,7.81,0,False,0.0270730999764055,0.0067682749941013
1.108373999595642,1.3789145946502686,0.780476577889331,0.6357472302795145,0.9097454379186816,0.9482301115063612,1.7908940217109703,True,1.090965986251831,1.37719988822937,0.7758211105078577,0.6221902517316602,0.7723955204233592,0.6437440536678467,1.0419010914719071,0.3044860578385145,0.1373499174953222,0.017408013343811,0.0017147064208984,0.0046554673814732,wiener,combat_real/0012,combat_real,4446,4.22,0,True,0.1275365999899804,0.0318841499974951
2.390937805175781,2.5983588695526123,0.9440926273626928,0.9125760632700236,20.7640043322902,20.794039175606432,17.556258004825445,True,1.956859350204468,2.230350971221924,0.938504788414625,0.8972071933845176,19.02546345433166,19.03635536893625,16.15894182509716,1.7576838066701832,1.7385408779585418,0.4340784549713135,0.3680078983306885,0.0055878389480678,wiener,combat_real/0013,combat_real,5683,19.82,0,False,0.1324246999574825,0.0331061749893706
1.1864746809005735,1.5617725849151611,0.8411174177493115,0.7371137631683572,12.352733498198404,12.4093763298236,10.824537282014742,True,1.1432641744613647,1.4824098348617554,0.8362229036712256,0.7286966199571423,11.472329390685587,11.484090983838476,9.812721832571098,0.9252853459851238,0.8804041075128168,0.0432105064392089,0.0793627500534057,0.0048945140780858,wiener,combat_real/0014,combat_real,7021,12.18,0,False,0.1404362999601289,0.0351090749900322
1.0490024089813232,1.2524549961090088,0.8140046876159056,0.6474659665519237,3.678513776094157,3.743836588880466,3.7852145192398328,True,1.0472464561462402,1.2349746227264404,0.8131827375362395,0.6443776544198779,3.44590761483841,3.399495617731892,3.0108047784522154,0.3443409711485738,0.232606161255747,0.001755952835083,0.0174803733825683,0.0008219500796661,wiener,combat_real/0015,combat_real,4992,3.83,0,False,0.0315868000034242,0.007896700000856
1.4803950786590576,2.907602548599243,0.9013388830049196,0.7390791271790884,11.366075833927123,11.409560925701438,7.518349720776713,True,1.458653211593628,2.882866859436035,0.8957656942232725,0.7295451814382354,10.237371769498711,10.256285599897115,5.884950427911374,1.1532753258043211,1.1287040644284136,0.0217418670654296,0.024735689163208,0.0055731887816471,wiener,combat_real/0016,combat_real,1580,19.43,0,True,0.101217399991583,0.0253043499978957
1.206343173980713,1.7032852172851562,0.8286084471704035,0.6195691443684479,8.255148978201262,8.502493720387633,5.988543022734101,True,1.184518575668335,1.6505582332611084,0.8286576536748367,0.6085482842381795,7.638942747080749,7.804421106362601,5.413826551987459,0.6980726140250324,0.616206231120513,0.0218245983123779,0.0527269840240478,-4.920650443318575e-05,wiener,combat_real/0017,combat_real,2300,16.9,0,True,0.0692187999957241,0.017304699998931
1.0711548328399658,1.232097625732422,0.6803548718635248,0.4892922492384028,0.5283655227462611,0.6488514888949901,-1.11696754129899,True,1.0744996070861816,1.2588250637054443,0.6768403682221378,0.4809653364259389,0.3320755581183509,0.3585188747093958,-1.5433370368493204,0.2903326141855943,0.1962899646279102,-0.0033447742462158,-0.0267274379730224,0.003514503641387,wiener,combat_real/0018,combat_real,5142,3.65,0,True,0.0425871999468654,0.0106467999867163
1.1018744707107544,1.5776610374450684,0.8229775637017381,0.6502168827675564,9.502243489222169,9.59450355435531,5.1498634730111394,True,1.0944746732711792,1.525357007980347,0.8180843396267543,0.6376461447474762,9.069593118704658,9.118295313686144,4.900558066946879,0.4762082406691661,0.4326503705175089,0.0073997974395751,0.0523040294647216,0.0048932240749838,wiener,combat_real/0019,combat_real,5683,9.47,0,False,0.0297425999888218,0.0074356499972054
1.4161192178726196,2.7978317737579346,0.964967940129256,0.8868333781580552,1.1851952702095896,1.4518909107142997,3.0980228366418867,True,1.3713209629058838,2.720642328262329,0.9680097235638097,0.8883359307652422,0.7187968494580422,0.7805334182894823,1.5601537368877096,0.6713574924248173,0.4663984207515473,0.0447982549667358,0.0771894454956054,-0.0030417834345536,wiener,combat_real/0020,combat_real,61,12.23,0,True,0.109902800002601,0.0274757000006502
1.3238394260406494,2.008122682571411,0.8163926465703308,0.7344203612949891,10.00844000821219,10.006811537167852,8.953969693049926,True,1.300754427909851,1.9379844665527344,0.8122431816930552,0.7267085525684659,9.713350342831662,9.645824647144645,8.118465279623255,0.3609868900232076,0.2950896653805284,0.0230849981307983,0.0701382160186767,0.0041494648772756,wiener,combat_real/0021,combat_real,1580,9.91,0,False,0.0490815000375732,0.0122703750093933
1.1313526630401611,1.4691945314407349,0.8365930058415524,0.7384403669184049,6.671817756990375,6.723038663185069,4.05407411891128,True,1.1078089475631714,1.4000968933105469,0.8332710286391859,0.7265454970667785,6.144461847796912,6.10304475221711,3.226643862663238,0.6199939109679597,0.5273559091934636,0.0235437154769897,0.0690976381301879,0.0033219772023664,wiener,combat_real/0022,combat_real,237,6.73,0,False,0.1239847999531775,0.0309961999882943
1.512562274932861,1.906933069229126,0.9206964068543516,0.9069233579610528,19.08238999439748,18.895348915143536,22.206106350854935,True,1.4419926404953003,1.8641815185546875,0.9218527757581768,0.9080623276385288,18.86771540348931,18.87366682935111,24.03064616543759,0.0216820857924275,0.2146745909081708,0.070569634437561,0.0427515506744384,-0.0011563689038252,wiener,combat_real/0023,combat_real,3570,18.87,0,False,0.1065107000176794,0.0266276750044198
1.2185180187225342,1.5121116638183594,0.713197003712545,0.4313006437639389,0.8471406879190106,0.8863685442776932,1.2590207036882857,True,1.2037253379821775,1.6049737930297852,0.7132506579653035,0.4499164740326596,0.8722461642794574,0.8184564084152129,2.258854041230789,0.0679121358624802,-0.0251054763604468,0.0147926807403564,-0.0928621292114257,-5.365425275849489e-05,wiener,combat_real/0024,combat_real,1089,0.82,0,False,0.0568136000074446,0.0142034000018611
1.157759666442871,1.625793695449829,0.6314005123223887,0.4394580364257809,3.4197971399436997,3.614383203975693,-0.4575058024250452,True,1.1748284101486206,1.6732864379882812,0.6432499557168598,0.4313903410357892,2.955244361199858,3.0318924833247034,-1.0187060084122264,0.5824907206509895,0.4645527787438412,-0.0170687437057495,-0.0474927425384521,-0.0118494433944711,wiener,combat_real/0025,combat_real,1188,12.91,0,True,0.1240976999979466,0.0310244249994866
1.313874125480652,2.130047082901001,0.8311915848958406,0.6337997948662952,6.521537459196517,6.54797087548502,6.324094726173681,True,1.2956174612045288,2.137697696685791,0.8380200309366269,0.637934821114081,6.397999917605064,6.378682949698675,6.409154033167652,0.1692879257863451,0.1235375415914523,0.018256664276123,-0.00765061378479,-0.0068284460407863,wiener,combat_real/0026,combat_real,2961,7.27,0,False,0.12669599999208,0.03167399999802
1.6628952026367188,2.062018156051636,0.94238565886933,0.895373253323,2.8788323850711213,2.920742990917384,3.7527705461660568,True,1.485770344734192,1.823035717010498,0.9432957830483196,0.8897575300413513,1.8996047723979583,1.9052122167475176,1.2025662125798218,1.015530774169866,0.9792276126731628,0.1771248579025268,0.2389824390411377,-0.0009101241789896,wiener,combat_real/0027,combat_real,8555,2.0,0,False,0.1274625000078231,0.0318656250019557
1.6536214351654053,2.7229461669921875,0.9098872747559428,0.8063018935010938,10.783659953070783,10.839962595016832,14.104104718064931,True,1.5638551712036133,2.6547188758850098,0.910125352518822,0.8075855270335842,10.682103266893536,10.705173857315948,13.540147924213333,0.1347887377008856,0.1015566861772505,0.0897662639617919,0.0682272911071777,-0.000238077762879,wiener,combat_real/0028,combat_real,1089,11.19,0,False,0.0971560000325553,0.0242890000081388
1.2418464422225952,1.643776774406433,0.820719934831398,0.6697845963280485,8.938383220062983,9.120841814595869,5.673100592342827,True,1.1895004510879517,1.5453267097473145,0.8192229039649388,0.6633490392791725,8.229732906694476,8.277820341983764,4.805999043532241,0.8430214726121026,0.7086503133685067,0.0523459911346435,0.0984500646591186,0.0014970308664592,wiener,combat_real/0029,combat_real,4992,12.09,0,True,0.1266315999673679,0.0316578999918419
1.5812969207763672,2.2970752716064453,0.9488320598178124,0.8288931195602615,14.660417641176506,14.672656543566454,10.425579458551375,True,1.5226300954818726,2.2087347507476807,0.9493043196572344,0.8283747410322309,14.353588492614987,14.350849281155504,9.915883816663822,0.3218072624109496,0.3068291485615173,0.0586668252944946,0.0883405208587646,-0.000472259839422,wiener,combat_real/0030,combat_real,5683,14.71,0,False,0.1185133000253699,0.0296283250063424
1.583653688430786,2.3205795288085938,0.9600120054302664,0.913213457443378,13.21054878076179,13.211755292313011,15.494306190448258,True,1.4942364692687988,2.0989556312561035,0.9592586660873476,0.9051393246149002,13.03022351673878,13.014234445339357,14.831534400136892,0.1975208469736546,0.1803252640230113,0.0894172191619873,0.2216238975524902,0.0007533393429188,wiener,combat_real/0031,combat_real,5683,13.53,0,False,0.1171890000114217,0.0292972500028554
2.485921621322632,3.478675365447998,0.9866153781931244,0.940684054409517,10.698723184271628,10.762471144958203,10.291258070199166,True,2.1857738494873047,3.077775239944458,0.987143157045934,0.9389561636526248,9.917576920423771,9.928976567732564,8.688792093822071,0.8334945772256379,0.781146263847857,0.3001477718353271,0.40090012550354,-0.0005277788528096,wiener,combat_real/0032,combat_real,4992,10.26,0,False,0.1162656000233255,0.0290664000058313
1.0509673357009888,1.2085016965866089,0.657407337013203,0.476545970423496,3.998836720541905,4.44339521881145,-0.1943770828726415,True,1.045108437538147,1.1825909614562988,0.6512117649151719,0.4674677554449927,2.352893613093181,2.642558288480432,-1.8647043196785231,1.800836930331018,1.645943107448724,0.0058588981628417,0.02591073513031,0.0061955720980311,wiener,combat_real/0033,combat_real,5683,7.17,0,True,0.0995202999911271,0.0248800749977817
1.4675939083099363,2.5323188304901123,0.8672670732458827,0.7615248921399355,9.180514254246996,9.225847850978877,11.381431923734803,True,1.3968921899795532,2.4010822772979736,0.8651445952147453,0.7507273072674693,9.0235311756644,9.04360624996199,9.608455022084684,0.1822416010168854,0.1569830785825967,0.0707017183303833,0.1312365531921386,0.0021224780311374,wiener,combat_real/0034,combat_real,237,9.62,0,False,0.1289206999936141,0.0322301749984035
1.041273832321167,1.1428391933441162,0.4784261821886059,0.3439893533341949,-2.409703289473795,-1.17292233590656,-1.7635562601433434,True,1.0371134281158447,1.131813406944275,0.4649116316170597,0.3056251584772251,-2.799274704326181,-2.659006925524057,-3.593386356741369,1.486084589617497,0.3895714148523859,0.0041604042053222,0.0110257863998413,0.0135145505715462,wiener,combat_real/0035,combat_real,7729,6.69,0,True,0.1094976000022143,0.0273744000005535
1.1700273752212524,1.4796380996704102,0.7979830867699329,0.6752631380355407,-1.7084858186092111,-0.8361972997133132,2.425864847304369,True,1.1598703861236572,1.4543719291687012,0.798089010627821,0.6713472133916654,-1.697380884731344,-0.9773284194523124,1.907153092526876,0.141131119738999,-0.011104933877867,0.0101569890975952,0.0252661705017089,-0.0001059238578881,wiener,combat_real/0036,combat_real,2300,4.73,0,True,0.1246518999687396,0.0311629749921849
1.0999215841293335,1.340457797050476,0.7833314006866207,0.5989603797128247,0.7362689889544021,0.8635784247304887,0.0853739362391601,True,1.089838981628418,1.3193607330322266,0.7880027373557026,0.5801644472037503,0.2199127706858112,0.0918188350030742,-1.0220893686150392,0.7717595897274145,0.5163562182685908,0.0100826025009155,0.0210970640182495,-0.0046713366690819,wiener,combat_real/0037,combat_real,5142,1.13,0,False,0.110664399981033,0.0276660999952582
1.2367756366729736,1.6636418104171753,0.831121011368294,0.4917546343286578,5.534354188613379,5.757122307398575,2.099822125066862,True,1.1898469924926758,1.5705957412719729,0.8288405190822427,0.47125418193806,4.667955771866429,4.686352602562048,1.1969839372325572,1.0707697048365272,0.8663984167469501,0.0469286441802978,0.0930460691452026,0.0022804922860513,wiener,combat_real/0038,combat_real,4446,4.72,0,False,0.113038100011181,0.0282595250027952
2.291515350341797,2.8143646717071533,0.916950614805196,0.8280204518573769,16.4331482349552,16.487179591642253,10.78044787152089,True,1.895787000656128,2.4687929153442383,0.9090327470249152,0.8025626266467463,15.18137054157904,15.167325755190218,8.813999747749426,1.319853836452035,1.2517776933761606,0.3957283496856689,0.345571756362915,0.007917867780281,wiener,combat_real/0039,combat_real,1089,15.3,0,False,0.1223124000243842,0.030578100006096
1.0621492862701416,1.292221188545227,0.7075287849711384,0.5874590290648205,7.073507309662858,7.1151350854285695,5.264212587327891,True,1.0612568855285645,1.3025418519973757,0.7147137659028104,0.5904369913783576,6.822141056429537,6.827335160793446,4.97335047784706,0.2877999246351237,0.2513662532333214,0.0008924007415771,-0.0103206634521484,-0.007184980931672,wiener,combat_real/0040,combat_real,1995,9.14,0,True,0.1281284000142477,0.0320321000035619
1.244584560394287,1.5600515604019165,0.6583693752218199,0.5783632614731377,6.710658023429863,6.82417592449405,5.926154565046267,True,1.2558363676071167,1.5820679664611816,0.6581215821011622,0.5777765360869883,6.654853821516612,6.760671022930762,5.963067629153136,0.063504901563288,0.0558042019132507,-0.0112518072128295,-0.0220164060592651,0.0002477931206577,wiener,combat_real/0041,combat_real,4507,16.1,0,True,0.1335691999993287,0.0333922999998321
1.0440412759780884,1.399993062019348,0.7236069257081846,0.5448962947593196,3.134329499145206,2.9093492453343126,1.1806835546312102,True,1.0452594757080078,1.4253185987472534,0.7294288542981159,0.5470398073289873,3.0736758711310253,2.7730901455374184,0.8931114233738551,0.1362590997968942,0.0606536280141809,-0.0012181997299194,-0.0253255367279052,-0.0058219285899312,wiener,combat_real/0042,combat_real,8455,11.0,0,True,0.1261727000237442,0.031543175005936
1.13701331615448,1.5359930992126465,0.8150929622097436,0.6829458593966952,5.454769641436537,5.615055845397519,7.175909515478166,True,1.1092791557312012,1.4786534309387207,0.8113990576161817,0.6730822108467716,5.31684580087021,5.3917550318378895,6.549297751532112,0.2233008135596295,0.1379238405663274,0.0277341604232788,0.0573396682739257,0.0036939045935618,wiener,combat_real/0043,combat_real,1284,5.48,0,False,0.1237609999952837,0.0309402499988209
1.6278479099273682,2.0849251747131348,0.97934378368265,0.93894142768554,18.33922074247321,18.362360777916315,15.04002922388812,True,1.4302209615707395,1.8526240587234497,0.9766569811010986,0.9277035728284506,17.305792848190123,17.29299957333917,14.151579544794725,1.0693612045771452,1.0334278942830828,0.1976269483566284,0.232301115989685,0.0026868025815514,wiener,combat_real/0044,combat_real,5142,17.62,0,False,0.1235921999905258,0.0308980499976314
1.398183822631836,1.7235894203186035,0.7889816418834351,0.6552201746348472,10.394427702893427,10.47277761111231,8.848362307913272,True,1.3988008499145508,1.7383066415786743,0.7918296568129806,0.6566657314212292,10.041578152927862,10.046223489364715,9.092730246387246,0.4265541217475928,0.3528495499655673,-0.0006170272827148,-0.0147172212600708,-0.0028480149295454,wiener,combat_real/0045,combat_real,6930,10.2,0,False,0.1115726000280119,0.0278931500070029
1.050532579421997,1.2600047588348389,0.6491341674409686,0.4078725877591727,2.908726554397591,3.236961138943933,-0.173486495291412,True,1.0518743991851809,1.2722259759902954,0.6535469337161594,0.3941313901099562,1.3027905146865406,1.278830719911752,-1.7008723463661326,1.9581304190321809,1.6059360397110505,-0.0013418197631835,-0.0122212171554565,-0.0044127662751907,wiener,combat_real/0046,combat_real,1188,1.28,0,False,0.1494671000400558,0.0373667750100139
1.0506340265274048,1.317921161651611,0.5461472061559541,0.3929210610689969,2.388554424668828,2.5785363608016407,1.8700963380913809,True,1.0492045879364014,1.3090676069259644,0.5555822212441128,0.3970261212022016,2.296125029574415,2.345100956821093,1.7467148885975567,0.2334354039805473,0.0924293950944132,0.0014294385910034,0.0088535547256469,-0.0094350150881586,wiener,combat_real/0047,combat_real,7729,9.9,0,True,0.126122799993027,0.0315306999982567
1.8572394847869875,2.4619874954223637,0.9477942486884764,0.8431968254438359,17.352990546421914,17.375554165352842,13.506951840918466,True,1.651315689086914,2.210221767425537,0.9461255298250588,0.8342208825122216,16.42572789080439,16.412520281118073,12.5840431472935,0.9630338842347684,0.9272626556175254,0.2059237957000732,0.2517657279968261,0.0016687188634177,wiener,combat_real/0048,combat_real,5142,16.91,0,False,0.1175528999883681,0.029388224997092
2.077752113342285,2.3225083351135254,0.9118020439281792,0.805215308186233,18.85860838483088,18.90633088351248,13.969766482672304,True,1.6454250812530518,2.0092601776123047,0.9062588323079288,0.7892837971118831,17.080238716077602,17.07601145189796,11.983422651908612,1.830319431614523,1.7783696687532782,0.4323270320892334,0.3132481575012207,0.0055432116202506,wiener,combat_real/0049,combat_real,672,17.14,0,False,0.1107729999930597,0.0276932499982649
1.0683585405349731,1.5396089553833008,0.6746542643729658,0.5407599790723845,1.3650283630251732,1.474843282871257,3.4940235648932965,True,1.0596916675567627,1.5170974731445312,0.67400292502567,0.5230279651288959,1.274370350632426,1.2755145859205028,2.6260118144994795,0.1993286969507541,0.0906580123927471,0.0086668729782104,0.0225114822387695,0.0006513393472957,wiener,combat_real/0050,combat_real,3729,1.3,0,False,0.1374522999976761,0.034363074999419
1.130043387413025,1.4607596397399902,0.9070080963088838,0.7833120040216631,9.427726664972862,9.615968983265711,5.843996452823356,True,1.075837016105652,1.332999587059021,0.8987522018702585,0.7586796671519563,7.790126367114483,7.790978186850893,3.97851798561608,1.82499079641482,1.6376002978583797,0.054206371307373,0.1277600526809692,0.0082558944386252,wiener,combat_real/0051,combat_real,5142,7.97,0,False,0.1247371999779716,0.0311842999944929
1.47263503074646,1.8090962171554563,0.981352105192881,0.9301849888234844,18.470700337701626,18.481707737222127,18.242226653632866,True,1.514829397201538,1.978898525238037,0.9806706727715764,0.934136253100094,18.30174569521743,18.30630205067541,18.08721433651506,0.1754056865467212,0.168954642484195,-0.0421943664550781,-0.1698023080825805,0.0006814324213044,wiener,combat_real/0052,combat_real,5142,18.39,0,False,0.1384061999851837,0.0346015499962959
1.8258007764816284,2.0341029167175293,0.9260520355945476,0.8724098796446663,14.653546942535334,14.69947793836534,20.069365966336026,True,1.748313546180725,2.0068516731262207,0.9269495194165556,0.8719085069820397,14.669923168415703,14.680079883207664,20.95678525084794,0.0193980551576764,-0.0163762258803696,0.0774872303009033,0.0272512435913085,-0.0008974838220077,wiener,combat_real/0053,combat_real,1320,19.73,0,True,0.0431382000097073,0.0107845500024268
1.1772212982177734,1.434107780456543,0.7326273193172101,0.58378195886572,3.894653714035876,3.884086705959215,3.656152026653255,True,1.178486466407776,1.4284751415252686,0.7384659082213865,0.5938947451574673,3.5979946832028533,3.417615209361144,2.396890412925002,0.4664714965980709,0.2966590308330223,-0.0012651681900024,0.0056326389312744,-0.0058385889041763,wiener,combat_real/0054,combat_real,4077,3.86,0,False,0.1324733999790623,0.0331183499947655
1.7610318660736084,2.4089674949646,0.9356056699787786,0.8300280841172553,16.316482984810584,16.35196454087158,14.657545516273476,True,1.704443097114563,2.3530113697052,0.9403030864336318,0.8291505528489413,15.615026680981025,15.622064061141623,14.994676213757128,0.729900479729956,0.7014563038295609,0.0565887689590454,0.0559561252593994,-0.0046974164548532,wiener,combat_real/0055,combat_real,8455,16.99,0,False,0.1341743999510072,0.0335435999877518
2.2148265838623047,3.049514055252075,0.966547079902687,0.8689738873462564,14.576028627818795,14.638053042374397,11.000223898865563,True,2.194248914718628,3.0069069862365723,0.9660411008159354,0.8566755641443212,14.026380557186044,14.021771757552786,10.197352567467505,0.6162812848216088,0.5496480706327507,0.0205776691436767,0.0426070690155029,0.0005059790867515,wiener,combat_real/0056,combat_real,1188,14.02,0,False,0.1272277999669313,0.0318069499917328
1.1166528463363647,1.667250156402588,0.825797174386771,0.6254394364623945,3.4839084311714146,3.492500767415962,6.455998121237227,True,1.1080670356750488,1.6108932495117188,0.8277638036719227,0.6146831315776856,3.300923066627183,3.2475520210677344,5.660871274235772,0.2449487463482276,0.1829853645442316,0.0085858106613159,0.0563569068908691,-0.0019666292851516,wiener,combat_real/0057,combat_real,121,9.42,0,True,0.1237955000251531,0.0309488750062882
1.144065022468567,1.540024757385254,0.7473703320574764,0.6089576150111867,5.057862765564974,4.778442006767564,7.725257655445162,True,1.1424471139907837,1.5312035083770752,0.7506661138567458,0.6103521825877832,5.050172838161053,4.723044863134696,7.636799131927157,0.0553971436328684,0.0076899274039208,0.0016179084777832,0.0088212490081787,-0.0032957817992693,wiener,combat_real/0058,combat_real,1995,13.53,0,True,0.1179280999931506,0.0294820249982876
1.7184219360351562,2.3365318775177,0.8626842109517118,0.724107411123919,1.050192323815699,1.094781086299343,0.5681766720536837,True,1.4793707132339478,2.104558229446411,0.8498586957228627,0.7093269180214706,-0.015978962302827,-0.0140078011341024,-1.560848805374747,1.1087888874334455,1.066171286118526,0.2390512228012085,0.231973648071289,0.0128255152288491,wiener,combat_real/0059,combat_real,1995,17.71,0,True,0.1262700000079348,0.0315675000019837
1.0783952474594116,1.2661340236663818,0.6793793071602494,0.5051558220410414,5.2911108170154,5.551162761993806,2.759877891869562,True,1.0726633071899414,1.287856101989746,0.67786105839765,0.4938995759828065,4.664173968593076,4.657106832893599,1.837105925640688,0.8940559291002073,0.6269368484223241,0.0057319402694702,-0.0217220783233642,0.0015182487625994,wiener,combat_real/0060,combat_real,4992,11.36,0,True,0.1255567000480368,0.0313891750120092
1.0365984439849854,1.1758068799972534,0.4862252808494761,0.2986758560603735,-4.866961723234314,-3.5135797693588664,-4.188312528717955,True,1.0339049100875854,1.1537703275680542,0.4849315333710156,0.271382055331044,-5.683244263956092,-5.478069045223606,-6.127329350333252,1.9644892758647396,0.8162825407217777,0.0026935338973999,0.0220365524291992,0.0012937474784604,wiener,combat_real/0061,combat_real,3575,2.37,0,True,0.1148907000315375,0.0287226750078843
1.0360945463180542,1.2701356410980225,0.7386541830916328,0.4399577592678437,1.5335150735444063,1.8946976197574956,-2.448491142101207,True,1.033148169517517,1.22710382938385,0.7330543781855295,0.4264824384101532,0.3891152634647076,0.3527624975681248,-3.3473506818100938,1.541935122189371,1.1443998100796988,0.0029463768005371,0.0430318117141723,0.0055998049061032,wiener,combat_real/0062,combat_real,4992,5.11,0,True,0.1409233000013046,0.0352308250003261
1.0375261306762695,1.230772614479065,0.6140830766348354,0.3344241147302759,-5.412427534360243,-5.144030831263829,-4.649468297316988,True,1.0429619550704956,1.2236239910125732,0.6307539721235552,0.3343308815144177,-5.572665316278462,-5.650153213644698,-5.38932261491091,0.5061223823808687,0.1602377819182185,-0.005435824394226,0.0071486234664916,-0.0166708954887198,wiener,combat_real/0063,combat_real,5683,3.97,0,True,0.1239335999707691,0.0309833999926922
1.0892823934555054,1.2513515949249268,0.7519791526480414,0.6158719857011681,9.834746079526829,9.90162354434366,9.477188093506324,True,1.0787633657455444,1.2263035774230957,0.7604119724938474,0.6124910935055033,9.510539199064876,9.5300513689997,9.208151257049684,0.3715721753439602,0.3242068804619507,0.0105190277099609,0.025048017501831,-0.008432819845806,wiener,combat_real/0064,combat_real,8555,9.92,0,False,0.118332999991253,0.0295832499978132
1.1297332048416138,1.7399356365203855,0.7549699038242201,0.4688018403331219,1.6743174000070429,1.311027724325782,-1.9879305756019028,True,1.1102133989334106,1.6005713939666748,0.7539044274165455,0.4593431989797571,1.2509176017807313,0.6568590218788224,-2.587568045795052,0.6541687024469596,0.4233997982263116,0.0195198059082031,0.1393642425537109,0.0010654764076746,wiener,combat_real/0065,combat_real,5105,6.55,0,True,0.131261300004553,0.0328153250011382
1.2855807542800903,2.058030366897583,0.8781707050164514,0.7269534057041698,-6.630398800343217,-6.592162258845136,-3.334244637887323,True,1.238497018814087,1.9400427341461184,0.8669377271755545,0.6971354952981591,-7.188276260606159,-7.254597575978316,-5.3636538756913765,0.6624353171331805,0.5578774602629419,0.0470837354660034,0.1179876327514648,0.0112329778408969,wiener,combat_real/0066,combat_real,3575,2.28,0,True,0.1237235000007785,0.0309308750001946
1.0297096967697144,1.2984726428985596,0.4594669134343211,0.2433971677378288,-4.5236541315386045,-3.985265166514565,-5.268844020986703,True,1.0332891941070557,1.3459534645080566,0.4723355401551301,0.2476635725317311,-4.629523609261758,-4.470319960862621,-5.588473062339025,0.4850547943480565,0.1058694777231537,-0.0035794973373413,-0.047480821609497,-0.0128686267208089,wiener,combat_real/0067,combat_real,5105,0.04,0,True,0.109677099972032,0.027419274993008
1.0656144618988037,1.2200336456298828,0.575592846056195,0.3693442236294951,-8.867503129901785,-8.463062614475916,-1.0500897047609692,True,1.064476490020752,1.2429282665252686,0.5869530658595841,0.3646882763779796,-8.183166784624502,-8.609150199952184,-2.0840841801796763,0.146087585476268,-0.6843363452772824,0.0011379718780517,-0.0228946208953857,-0.011360219803389,wiener,combat_real/0068,combat_real,2300,6.46,0,True,0.113320600008592,0.028330150002148
1.0313613414764404,1.2200589179992676,0.566229071414869,0.3896588135806403,-1.5116207470096978,-0.9423154069446522,-2.269326455927079,True,1.0275287628173828,1.221907615661621,0.5680178298165447,0.379081089535866,-1.6893522100232348,-1.6621685907306685,-3.1043808274344777,0.7198531837860163,0.1777314630135369,0.0038325786590576,-0.0018486976623535,-0.0017887584016756,wiener,combat_real/0069,combat_real,1188,4.24,0,True,0.1116267999750562,0.027906699993764
1.0583736896514893,1.4316246509552002,0.5528616854459193,0.4397665440532344,-0.9949620852141712,-0.9310284464117478,-1.4278907172644528,True,1.060559630393982,1.4226287603378296,0.5607320240309311,0.4479799234624317,-1.1041119194492444,-1.2158952258372384,-1.67965730791064,0.2848667794254906,0.1091498342350733,-0.0021859407424926,0.0089958906173706,-0.0078703385850118,wiener,combat_real/0070,combat_real,1580,3.68,0,True,0.1053875000216066,0.0263468750054016
1.0916448831558228,1.4726439714431765,0.6921788434737803,0.4249715597824043,4.23709435430335,4.770082530495619,1.349511808494541,True,1.0933319330215454,1.4571583271026611,0.6878702035560806,0.4163543518470894,3.42819672684227,3.4011493872248715,0.0377578407441899,1.368933143270748,0.80889762746108,-0.0016870498657226,0.0154856443405151,0.0043086399176996,wiener,combat_real/0071,combat_real,61,3.4,0,False,0.1355635999934747,0.0338908999983686
1.3044383525848389,1.917442798614502,0.7168836250559706,0.592469856290742,3.31166306239908,3.925561301502842,2.0082562964455546,True,1.3145012855529783,1.931824803352356,0.7191783942105822,0.5994078613085236,3.339603824213284,3.895416251476633,2.1570594244282657,0.030145050026209,-0.0279407618142042,-0.0100629329681396,-0.014382004737854,-0.0022947691546115,wiener,combat_real/0072,combat_real,5105,11.75,0,True,0.1117648999788798,0.0279412249947199
1.2080689668655396,1.7415683269500732,0.8517468596271969,0.763392985429127,0.2094924678502205,0.3086069087036249,1.277247891290471,True,1.1482268571853638,1.610485553741455,0.8544651866102106,0.750651898822037,-0.1988037961812715,-0.1974806277204283,-0.4259916830506472,0.5060875364240534,0.408296264031492,0.0598421096801757,0.1310827732086181,-0.0027183269830137,wiener,combat_real/0073,combat_real,5639,0.13,0,False,0.1240237999591045,0.0310059499897761
1.1448322534561155,1.3825925588607788,0.6564940492432476,0.56798919158416,2.4510788159032653,2.473063719570858,6.814906278129366,True,1.1369202136993408,1.3498375415802002,0.6607749751361099,0.5705294134189295,2.428622552217018,2.393768525074609,6.031750493100685,0.079295194496249,0.022456263686247,0.0079120397567749,0.0327550172805786,-0.0042809258928623,wiener,combat_real/0074,combat_real,672,2.43,0,False,0.1072526999632828,0.0268131749908207
1.3452913761138916,1.7133327722549438,0.9483405744285436,0.8244786748530339,12.246115671816671,12.3412350405716,8.357208799097114,True,1.2185298204421997,1.547800064086914,0.9462041081701588,0.8020430909455101,10.516810375169916,10.50458512766516,6.564356938158289,1.836649912906438,1.729305296646757,0.1267615556716919,0.1655327081680297,0.0021364662583847,wiener,combat_real/0075,combat_real,6829,10.77,0,False,0.1371584000298753,0.0342896000074688
1.198005437850952,1.7035270929336548,0.7664239719896011,0.6041274299300134,3.900918122919213,4.028620661820921,5.855943166497671,True,1.1905477046966553,1.7546100616455078,0.7668530807033641,0.5961292348313165,3.8816673582720873,3.8590514799561215,5.249739699441676,0.1695691818647993,0.0192507646471251,0.0074577331542968,-0.051082968711853,-0.000429108713763,wiener,combat_real/0076,combat_real,1089,4.09,0,False,0.1245224999729543,0.0311306249932385
1.134666085243225,1.4102708101272583,0.625088319240542,0.5089199368861301,3.317522930983513,3.521775400895017,1.831937648953244,True,1.127328872680664,1.3904290199279783,0.6260676895237022,0.5019944901434349,2.946562788153881,1.730079860372005,-1.161477123828232,1.7916955405230126,0.3709601428296318,0.007337212562561,0.0198417901992797,-0.0009793702831601,wiener,combat_real/0077,combat_real,1089,9.81,0,True,0.1351364000001922,0.033784100000048
1.0734732151031494,1.3007192611694336,0.6416137449679155,0.4829650231668436,-1.3378635124787677,-1.130639900402836,-0.0595642688476422,True,1.0795209407806396,1.308894157409668,0.6447935356070701,0.4788560741380487,-1.3272788030480505,-1.2977022456576286,-0.5061242484708907,0.1670623452547925,-0.0105847094307172,-0.0060477256774902,-0.0081748962402343,-0.0031797906391546,wiener,combat_real/0078,combat_real,6930,1.54,0,True,0.1282872000010684,0.0320718000002671
1.0554906129837036,1.2863833904266355,0.5810398141325758,0.4353473916416276,-9.218098071215213,-8.770707394470133,-3.927668798252244,True,1.051877737045288,1.2849332094192505,0.5894839833277746,0.4261954964077767,-9.00659153308158,-8.919738826388052,-4.782269240278859,0.1490314319179191,-0.2115065381336318,0.0036128759384155,0.0014501810073852,-0.0084441691951988,wiener,combat_real/0079,combat_real,8463,4.13,0,True,0.1390519000124186,0.0347629750031046
1.1857842206954956,1.6574528217315674,0.7179175370171247,0.4985691879336801,6.319005174040518,6.462468554890743,2.8162254750215987,True,1.2226780652999878,1.6671545505523682,0.7207638952709479,0.4995544679240179,6.150786787705819,6.271561113551153,2.3285767393158543,0.1909074413395899,0.1682183863346988,-0.0368938446044921,-0.0097017288208007,-0.0028463582538231,wiener,combat_real/0080,combat_real,908,12.51,0,True,0.115804900007788,0.028951225001947
1.0671896934509275,1.232873797416687,0.7310654333978928,0.4398823160682094,2.1923930941558782,2.4120013312784443,0.6726775403021931,True,1.0586705207824707,1.2222782373428345,0.7292458999495385,0.4254750163942778,1.480616262193051,1.487914633901775,-0.5610906550725031,0.9240866973766692,0.7117768319628273,0.008519172668457,0.0105955600738525,0.0018195334483542,wiener,combat_real/0081,combat_real,7021,2.38,0,False,0.1189583000377751,0.0297395750094437
1.3310503959655762,1.7832872867584229,0.8215632778681107,0.6055862059043399,4.546926071136788,5.146608474478506,2.287865966784378,True,1.2650755643844604,1.6705951690673828,0.8213894243919682,0.598947402931695,4.231547388910107,4.750591203545486,1.6726032671561428,0.3960172709330196,0.3153786822266813,0.0659748315811157,0.11269211769104,0.0001738534761425,wiener,combat_real/0082,combat_real,121,17.28,0,True,0.1169519000104628,0.0292379750026157
1.3771392107009888,2.065010070800781,0.8620036724322641,0.7215624968600396,10.1059503552262,10.108326199529188,6.513684633434903,True,1.422762393951416,2.073073625564575,0.865047650494258,0.7203429842647547,9.947819855216334,9.921313419368843,6.068507305688985,0.1870127801603427,0.1581305000098662,-0.0456231832504272,-0.0080635547637939,-0.0030439780619939,wiener,combat_real/0083,combat_real,908,17.95,0,True,0.1365013999748043,0.034125349993701
1.409335970878601,1.8269031047821045,0.8740882708175514,0.8081642667636603,12.38747907957286,12.417660837078442,9.445362062039118,True,1.3757411241531372,1.7874925136566162,0.875712920682804,0.8077194601315121,12.087456828205266,12.077203957348171,9.045711861717422,0.3404568797302687,0.3000222513675954,0.0335948467254638,0.0394105911254882,-0.0016246498652526,wiener,combat_real/0084,combat_real,1284,15.77,0,True,0.1328828000114299,0.0332207000028574
1.2877602577209473,1.8804839849472048,0.818205949660429,0.6093492463744913,0.9460940006136094,0.7888453877662994,-1.165012559239332,True,1.2795732021331787,1.8683850765228271,0.8173434359860401,0.6077940575146069,0.9079783863224586,0.6799737172187397,-1.60174943107105,0.1088716705475597,0.0381156142911507,0.0081870555877685,0.0120989084243774,0.0008625136743889,wiener,combat_real/0085,combat_real,4992,14.17,0,True,0.1225784000125713,0.0306446000031428
1.02972412109375,1.2850511074066162,0.5564297215621105,0.2841998913216771,-3.771987955618486,-3.435826226491592,-4.136201868370629,True,1.0304359197616575,1.2691398859024048,0.5688065447310696,0.2918154404847486,-4.054632923818287,-4.0157363260844985,-4.740996086731878,0.5799100995929067,0.2826449681998015,-0.0007117986679077,0.0159112215042114,-0.0123768231689591,wiener,combat_real/0086,combat_real,237,4.6,0,True,0.1380623999866657,0.0345155999966664
1.109400987625122,1.1928290128707886,0.8281195497114775,0.7458202970664903,7.651500680580769,7.683663181179938,11.01523886510962,True,1.09894859790802,1.224298357963562,0.8270511356894841,0.743408802617688,7.5245643417029076,7.542521846206045,10.225784784160876,0.1411413349738932,0.1269363388778615,0.010452389717102,-0.0314693450927734,0.0010684140219934,wiener,combat_real/0087,combat_real,4992,7.83,0,False,0.117792000004556,0.029448000001139
1.415845513343811,1.8267407417297363,0.8776283780134904,0.8000439217492595,12.44060339875488,12.529399786515649,10.331338611277326,True,1.3309762477874756,1.7157007455825806,0.8781760356242271,0.7947350938789847,11.58734097102718,11.59922545609986,9.380394531391882,0.930174330415788,0.8532624277277012,0.0848692655563354,0.1110399961471557,-0.0005476576107367,wiener,combat_real/0088,combat_real,3575,12.01,0,False,0.1248354999697767,0.0312088749924441
2.913875102996826,3.07058334350586,0.9931395845600058,0.9766602078836072,17.689079570825662,17.71330586517727,25.250098534983422,True,2.742698431015014,2.899553775787353,0.9931655839190008,0.9766329038540336,17.74802991486122,17.75473648372452,27.401266816171805,-0.0414306185472526,-0.0589503440355585,0.1711766719818115,0.1710295677185058,-2.5999358994832637e-05,wiener,combat_real/0089,combat_real,6930,17.75,0,False,0.1126074999920092,0.0281518749980023
1.1162903308868408,1.579108953475952,0.7833017826110944,0.5967184902111115,7.887586892640883,8.072553583817415,2.0332930267978195,True,1.0897040367126465,1.4859848022460938,0.7830843397891943,0.5872190008416854,6.062271362090988,6.029463862110046,0.5116424771673629,2.0430897217073687,1.8253155305498945,0.0265862941741943,0.0931241512298584,0.0002174428219,wiener,combat_real/0090,combat_real,1089,6.55,0,False,0.1331420000060461,0.0332855000015115
1.0508195161819458,1.204859495162964,0.5475524772310807,0.260796840544149,-3.663938946793823,0.1222494516527636,-0.0246119016026662,True,1.056448459625244,1.2421520948410034,0.5493454719944801,0.2414125681211369,-3.227942075483906,-0.72418936165565,-1.053849594055152,0.8464388133084135,-0.4359968713099169,-0.0056289434432983,-0.0372925996780395,-0.0017929947633994,wiener,combat_real/0091,combat_real,4077,11.3,0,True,0.1247315999935381,0.0311828999983845
1.687753200531006,2.518803596496582,0.8628505088125896,0.7643799545954106,18.07843662744871,18.10323470744613,13.51563605437185,True,1.811504364013672,2.7239840030670166,0.9052790188074156,0.838802197556466,18.19334255393903,18.19523552237205,15.14063065837683,-0.092000814925921,-0.1149059264903193,-0.123751163482666,-0.2051804065704345,-0.0424285099948258,wiener,combat_real/0092,combat_real,1188,18.2,0,False,0.1187693999963812,0.0296923499990953
1.3521974086761477,2.298560380935669,0.8610140228969932,0.707247460484306,9.740947662881034,9.712051621559407,7.799282163541526,True,1.3409610986709597,2.342026948928833,0.8617616017699654,0.7064571479265342,9.658769960841283,9.619424142935497,7.513950541004767,0.0926274786239123,0.0821777020397487,0.0112363100051879,-0.043466567993164,-0.0007475788729721,wiener,combat_real/0093,combat_real,3729,13.64,0,True,0.1048705000430345,0.0262176250107586
1.693457841873169,2.469815492630005,0.8264364752684801,0.7457602968258393,15.658275335018292,15.6355761982681,12.0725522086522,True,1.914103388786316,2.7180309295654297,0.8291791583165271,0.7483354286917075,15.60852049735482,15.619250252478745,13.13920281372407,0.0163259457893545,0.0497548376634728,-0.2206455469131469,-0.2482154369354248,-0.002742683048047,wiener,combat_real/0094,combat_real,7127,15.67,0,False,0.1148582999594509,0.0287145749898627
1.043393850326538,1.24737811088562,0.6550145488861964,0.3974280795232934,-1.1032916541794202,-0.6350949224849125,-1.245854161934219,True,1.0363800525665283,1.2064744234085083,0.6337280467115906,0.3625956035246617,-2.936830958302467,-2.9853404083961004,-3.2249361221560444,2.350245485911188,1.833539304123047,0.0070137977600097,0.0409036874771118,0.0212865021746058,wiener,combat_real/0095,combat_real,121,4.75,0,True,0.1197930999915115,0.0299482749978778
1.7344601154327393,2.6020798683166504,0.9014453067741962,0.8001897897809379,10.626138145247015,10.753783048447872,10.847232689691436,True,1.7534830570220947,2.688302755355835,0.9042946731293146,0.8034780775092266,10.571373002903927,10.61207925494567,11.061117515190164,0.1417037935022023,0.0547651423430863,-0.0190229415893554,-0.0862228870391845,-0.0028493663551183,wiener,combat_real/0096,combat_real,1221,18.1,0,True,0.1276145000010728,0.0319036250002682
1.7987099885940552,2.421172618865967,0.9435484408461592,0.8277532172233363,12.782651209772832,12.96799148321406,9.63948312253908,True,1.663297176361084,2.2142653465271,0.9448437702086956,0.8139294600767232,11.831887887874847,11.863346395340916,8.874918919507625,1.104645087873143,0.9507633218979858,0.1354128122329712,0.2069072723388672,-0.0012953293625362,wiener,combat_real/0097,combat_real,1320,12.03,0,False,0.1116531000006944,0.0279132750001736
1.22232186794281,1.7968440055847168,0.6886765981329556,0.4591316140890775,5.012195143096122,5.183282027653964,1.1217877199077335,True,1.2417858839035034,1.8035202026367188,0.6934317748080635,0.458729929893308,4.781557758915586,4.848703364561092,0.6130324644232746,0.3345786630928717,0.230637384180536,-0.0194640159606933,-0.0066761970520019,-0.0047551766751079,wiener,combat_real/0098,combat_real,908,14.08,0,True,0.114340899977833,0.0285852249944582
1.222858190536499,1.517595648765564,0.818274977385234,0.6607084239301847,6.299504586725516,6.298493524444808,5.89512207336344,True,1.21191143989563,1.486333250999451,0.8178229877567225,0.6571797416323533,6.169069841172561,6.133727545452827,5.959926453726916,0.1647659789919808,0.1304347455529546,0.0109467506408691,0.0312623977661132,0.0004519896285115,wiener,combat_real/0099,combat_real,4446,6.98,0,False,0.1255814000032842,0.031395350000821
1.1579166650772097,1.547004222869873,0.6628814821723371,0.4754872835016457,7.231120665121344,7.304679497860459,2.7714069425613697,True,1.1353518962860107,1.5098915100097656,0.6607186515155515,0.4638132594416875,6.56227679482752,6.544134470374109,1.971062380153352,0.7605450274863497,0.6688438702938244,0.0225647687911987,0.0371127128601074,0.0021628306567855,wiener,combat_real/0100,combat_real,4507,14.92,0,True,0.1348813000367954,0.0337203250091988
1.1208593845367432,1.4795222282409668,0.811685150164458,0.5862142174707254,7.2863715689095585,7.454388417283106,2.3929474392055483,True,1.0775377750396729,1.4200539588928225,0.8015643605489885,0.557888359649246,6.086607980794556,6.107682910917251,1.010843723688369,1.346705506365855,1.1997635881150028,0.0433216094970703,0.0594682693481445,0.0101207896154694,wiener,combat_real/0101,combat_real,5142,10.11,0,True,0.1291117999935522,0.032277949998388
1.1986712217330933,2.059868335723877,0.7840069483282249,0.6334767698345455,4.830382537573185,4.907553448035998,0.5314211040819069,True,1.1953125,2.0170934200286865,0.7765266878503524,0.6207866886810521,4.13656993720334,4.160920235137626,-0.3818396133321943,0.7466332128983719,0.6938126003698457,0.0033587217330932,0.0427749156951904,0.0074802604778725,wiener,combat_real/0102,combat_real,6930,17.89,0,True,0.1199928999994881,0.029998224999872
1.3893353939056396,1.8629624843597408,0.8959842474631776,0.6713153465175937,6.995963972723319,7.263453806245094,2.131308775960058,True,1.315250277519226,1.8216547966003416,0.889689666651,0.6452882359365552,4.955384335916241,4.982404168225654,0.4994354481391114,2.2810496380194403,2.0405796368070783,0.0740851163864135,0.0413076877593994,0.0062945808121775,wiener,combat_real/0103,combat_real,7127,4.98,0,False,0.1204960999893955,0.0301240249973488
1.1319769620895386,1.237684726715088,0.631564062233358,0.553195264981343,3.43912833524328,3.4746598103334456,1.7159913463499787,True,1.1386083364486694,1.2539381980895996,0.6318988630248903,0.5481952047534063,3.189585809638765,3.159812168569156,1.0807320434895336,0.3148476417642896,0.2495425256045149,-0.0066313743591308,-0.0162534713745117,-0.0003348007915322,wiener,combat_real/0104,combat_real,908,10.97,0,True,0.131522900017444,0.032880725004361
1.2169489860534668,1.3840885162353516,0.7707262840568019,0.6152364709229484,2.774011132888346,2.7456303128064725,2.814119657407858,True,1.1850090026855469,1.3859798908233645,0.7681307029856087,0.6075082751772846,2.6024117833195657,2.389288733590407,1.882558347720081,0.3563415792160653,0.1715993495687802,0.0319399833679199,-0.0018913745880126,0.0025955810711931,wiener,combat_real/0105,combat_real,672,6.95,0,True,0.1162727000191807,0.0290681750047951
3.470632553100586,3.515742063522339,0.937251373172126,0.9030252787211084,16.32060750011409,16.327455374765275,15.978390258220214,True,3.497519493103028,3.6053218841552734,0.9375335333490328,0.9035632319269746,15.924037707305123,15.93051621478826,15.358068115831776,0.3969391599770162,0.3965697928089664,-0.0268869400024414,-0.0895798206329345,-0.0002821601769068,wiener,combat_real/0106,combat_real,7127,15.96,0,False,0.1248353000264614,0.0312088250066153
1.1064637899398804,1.2394819259643557,0.7991200167115277,0.5370337642546616,2.301012222272212,2.351571922931351,2.81923650966088,True,1.1015560626983645,1.3177237510681152,0.7983862221413143,0.5338411989306113,2.111736877470859,2.0959923358281527,2.0716640964880764,0.2555795871031985,0.1892753448013531,0.0049077272415161,-0.0782418251037597,0.0007337945702133,wiener,combat_real/0107,combat_real,4970,3.0,0,False,0.1247081999899819,0.0311770499974954
1.0846205949783323,1.483931064605713,0.6953385110870632,0.5032279282415455,5.163318015865668,5.235702240720315,1.3241188919009097,True,1.0672528743743896,1.4591224193572998,0.7009753027911445,0.479708092544457,3.953209064246528,3.7977737635125006,0.0474474919885187,1.437928477207814,1.21010895161914,0.0173677206039428,0.024808645248413,-0.0056367917040812,wiener,combat_real/0108,combat_real,8230,12.21,0,True,0.0851319999783299,0.0212829999945824
1.3265718221664429,1.7774864435195925,0.8835703053227639,0.7590609146933842,9.363867600841406,9.380497873358305,8.181115126617126,True,1.2861316204071045,1.7027580738067627,0.8827998058771271,0.7590808399316761,9.009065020540469,9.0135207746096,7.479414527759568,0.3669770987487055,0.3548025803009373,0.0404402017593383,0.0747283697128295,0.0007704994456367,wiener,combat_real/0109,combat_real,121,16.1,0,True,0.1682394000235945,0.0420598500058986
1.114274978637695,1.4309324026107788,0.7395756990883597,0.5766844328719234,3.886924849115008,4.399719416174844,1.65481117660758,True,1.0810362100601196,1.355077862739563,0.7288995852049202,0.5635424945169578,2.66152738788704,2.728804417179074,0.108503810292278,1.67091499899577,1.225397461227968,0.0332387685775756,0.0758545398712158,0.0106761138834395,wiener,combat_real/0110,combat_real,1221,2.73,0,False,0.1284801000147126,0.0321200250036781
1.1663604974746704,1.6575467586517334,0.7868514770975216,0.545421855780096,6.842633308522418,7.105673465099473,1.4994894424368543,True,1.0954227447509766,1.5447025299072266,0.7780516161969517,0.5126066221347712,4.908209065974655,4.893346044807466,-0.2874519423119833,2.2123274202920067,1.9344242425477625,0.0709377527236938,0.1128442287445068,0.0087998609005698,wiener,combat_real/0111,combat_real,1580,5.36,0,False,0.1314951000385917,0.0328737750096479
1.4238777160644531,1.941054105758667,0.8581888691980962,0.6284244376995003,12.44088441508194,12.59234185650751,6.709329190080275,True,1.293330430984497,1.8134381771087649,0.8560161093458764,0.6179385709706776,11.31404580220858,11.376068319967082,5.368747021659156,1.2162735365404274,1.1268386128733603,0.130547285079956,0.1276159286499023,0.0021727598522198,wiener,combat_real/0112,combat_real,4077,11.38,0,False,0.136513500008732,0.034128375002183
2.3900270462036133,2.8636837005615234,0.9728953805890816,0.911346111485172,19.569191263610893,19.50971214587199,16.27006595032697,True,2.1622860431671143,2.6120028495788574,0.9728560034176744,0.9084497476159342,19.0435123651636,18.951352545825195,15.980239755208965,0.5583596000467956,0.5256788984472927,0.227741003036499,0.251680850982666,3.937717140722885e-05,wiener,combat_real/0113,combat_real,4446,19.22,0,False,0.1219112999970093,0.0304778249992523
1.051164627075195,1.2958682775497437,0.5590259245943369,0.3428789369612091,-1.7918834812505982,-0.9675065167928808,-2.0446595213210923,True,1.0442421436309814,1.2766339778900146,0.5571815630284968,0.3312151256226086,-2.1374128061770308,-2.006060419326396,-3.2412092479446897,1.038553902533515,0.3455293249264326,0.0069224834442138,0.019234299659729,0.0018443615658401,wiener,combat_real/0114,combat_real,4077,7.94,0,True,0.1286997999995947,0.0321749499998986
1.0686503648757937,1.343704342842102,0.6793146251711151,0.4361587559749696,3.7798465191485935,4.045984567766832,2.089820274398544,True,1.0629419088363647,1.31349515914917,0.6778260233106206,0.4289511217503133,3.3760270383995303,3.2924751052417767,1.093140790597522,0.7535094625250549,0.4038194807490631,0.0057084560394287,0.0302091836929321,0.0014886018604944,wiener,combat_real/0115,combat_real,61,11.95,0,True,0.1217722999863326,0.0304430749965831
1.59425950050354,2.0485990047454834,0.8830430020444577,0.743878589215585,11.558854230063853,11.53845837858029,8.151497047293995,True,1.5785306692123413,2.0137722492218018,0.8863683002852836,0.7458123387167505,11.426760786583907,11.291157270126948,8.000783776140254,0.2473011084533407,0.1320934434799436,0.0157288312911987,0.0348267555236816,-0.0033252982408258,wiener,combat_real/0116,combat_real,1284,13.75,0,True,0.1246496000094339,0.0311624000023584
1.095301628112793,1.4419716596603394,0.8064835550906003,0.5288437809061872,5.722457139523166,5.879033863281585,1.5755114110958277,True,1.0798392295837402,1.3875830173492432,0.8019136036631908,0.5100952885486633,3.528595585609759,3.489730346801996,-0.1193517596251268,2.3893035164795893,2.1938615539134068,0.0154623985290527,0.0543886423110961,0.0045699514274095,wiener,combat_real/0117,combat_real,7021,5.21,0,False,0.1163088000030256,0.0290772000007564
1.5807812213897705,2.112053871154785,0.9189923428042458,0.8372941999576239,18.166328164684668,18.2146316900355,14.180151095494308,True,1.3593955039978027,1.8328795433044436,0.9207189505057016,0.8366927018314544,16.76540599777026,16.77573924865381,12.637441185018831,1.4388924413816897,1.400922166914409,0.2213857173919677,0.2791743278503418,-0.0017266077014558,wiener,combat_real/0118,combat_real,1320,16.87,0,False,0.1046146999578923,0.026153674989473
1.0370500087738037,1.0879679918289185,0.3519777588700987,0.3364847643286525,-8.217937968809858,-10.58231049888425,-6.57390753891787,True,1.0434635877609253,1.09376323223114,0.3613813424468946,0.3392577279719098,-7.4228751458359135,-10.916622863259974,-6.616842115633984,0.3343123643757248,-0.7950628229739447,-0.0064135789871215,-0.0057952404022216,-0.0094035835767959,wiener,combat_real/0119,combat_real,6930,7.62,0,True,0.1219234999734908,0.0304808749933727
1.181396722793579,1.8499882221221924,0.7610025665219083,0.5984162286713814,1.8417736765668224,1.8297542187212488,8.085840974651129,True,1.173906326293945,1.8050144910812376,0.7612270662191832,0.5967023206254634,1.8435409919470145,1.815553947404346,8.245300280538192,0.0142002713169031,-0.0017673153801918,0.0074903964996337,0.0449737310409545,-0.0002244996972748,wiener,combat_real/0120,combat_real,1580,2.5,0,False,0.1174584999680519,0.0293646249920129
1.5772029161453247,2.389467716217041,0.8906119917645536,0.7524912242868017,9.94105846991808,10.057765496158968,5.72310545449333,True,1.4449371099472046,2.1749367713928223,0.8806459397687386,0.7181483806159418,8.713703516839473,8.715321947503465,3.937761601172504,1.3424435486555026,1.2273549530786063,0.1322658061981201,0.2145309448242187,0.009966051995815,wiener,combat_real/0121,combat_real,237,8.85,0,False,0.1235044000204652,0.0308761000051163
2.1294708251953125,2.833205461502075,0.9819769388196778,0.9378942803479162,8.054615046444479,8.143317751194756,6.930651642819123,True,2.031339406967163,2.6560041904449463,0.98345464914001,0.9358090434778052,6.813991129249861,6.808654809995787,4.893750321479581,1.3346629411989692,1.2406239171946174,0.0981314182281494,0.1772012710571289,-0.0014777103203322,wiener,combat_real/0122,combat_real,6829,14.9,0,True,0.1254728999920189,0.0313682249980047
1.101701736450195,1.4287607669830322,0.5723116986337252,0.4185050604963986,4.778924372214124,4.356166991832875,1.52911671565786,True,1.089841604232788,1.407778024673462,0.5787632440482052,0.4020997445931709,4.194065627377343,3.599788920807694,0.8440092086036584,0.7563780710251815,0.5848587448367812,0.0118601322174072,0.0209827423095703,-0.00645154541448,wiener,combat_real/0123,combat_real,1320,9.9,0,True,0.1390702999779023,0.0347675749944755
1.1424552202224731,1.5895586013793943,0.7363430651071826,0.4466114253854417,4.457094717283417,4.785047755375654,0.4653131672771196,True,1.116299748420715,1.5306475162506104,0.720662005982492,0.4216303311712015,3.590497807273884,3.667797463553808,-0.2466560006728357,1.117250291821846,0.8665969100095339,0.0261554718017578,0.0589110851287841,0.0156810591246906,wiener,combat_real/0124,combat_real,4077,3.97,0,False,0.1245923999813385,0.0311480999953346
1.4289040565490725,2.0834743976593018,0.9308097999909266,0.7877246517444536,7.676116953786103,7.772060339821128,4.486971431803212,True,1.4083102941513062,2.0409867763519287,0.9349323819300208,0.7940823854310524,7.478778703031522,7.530628205818422,4.0299996269510086,0.2414321340027063,0.1973382507545809,0.0205937623977661,0.042487621307373,-0.0041225819390942,wiener,combat_real/0125,combat_real,6829,16.43,0,True,0.1272111000143923,0.031802775003598
1.0540755987167358,1.3036304712295532,0.6784015234055819,0.4031896351654817,0.9941277133596172,1.0072891508305084,-0.8240949647300051,True,1.0610792636871338,1.3060176372528076,0.6876504054587295,0.3928200495790335,0.8425766797174064,0.6560182437926982,-1.2686653446953846,0.3512709070378101,0.1515510336422108,-0.0070036649703979,-0.0023871660232543,-0.0092488820531475,wiener,combat_real/0126,combat_real,7176,4.8,0,True,0.10490249999566,0.026225624998915
1.1586564779281616,1.552656650543213,0.7224235892283614,0.5715818805718889,7.376256496014467,7.447877173748179,5.012610605620465,True,1.1447060108184814,1.5491241216659546,0.7233630790688185,0.5760051470267752,7.059891228257602,7.045252073880283,4.455847131744718,0.4026250998678957,0.3163652677568658,0.0139504671096801,0.0035325288772583,-0.0009394898404571,wiener,combat_real/0127,combat_real,672,11.86,0,True,0.0829360000207088,0.0207340000051772
1.0797051191329956,1.4042599201202393,0.7665420592642339,0.5793835210503635,1.97931853642594,2.0394376055046437,1.1589332616971335,True,1.079218864440918,1.4183924198150637,0.7730426196163714,0.5840418469449811,1.8106079439610336,1.751918799689246,0.5997576370575619,0.2875188058153972,0.1687105924649059,0.0004862546920776,-0.0141324996948242,-0.0065005603521375,wiener,combat_real/0128,combat_real,4992,10.8,0,True,0.1079759999993257,0.0269939999998314
1.0589159727096558,1.3361985683441162,0.7416519698366123,0.5050706051634788,-4.696118262018604,-4.391832091518907,-1.5254865143071088,True,1.0691313743591309,1.3686277866363523,0.7451721137322734,0.5025685236424463,-4.755135355009188,-4.59395497560132,-2.5283740968144004,0.2021228840824127,0.0590170929905848,-0.010215401649475,-0.0324292182922363,-0.0035201438956611,wiener,combat_real/0129,combat_real,4446,2.75,0,True,0.1299306000000797,0.0324826500000199
1.031739354133606,1.1246516704559326,0.4656184047612501,0.3234797625500665,-2.094810582905612,0.7043320414694021,-0.452295792154434,True,1.1180267333984375,1.3805474042892456,0.4772172889383944,0.3047622990393258,-2.537442424977275,0.0412591572794022,-1.2907381604523709,0.6630728841899999,0.442631842071663,-0.0862873792648315,-0.255895733833313,-0.0115988841771442,wiener,combat_real/0130,combat_real,8555,5.08,0,True,0.1113666999735869,0.0278416749933967
3.139664649963379,3.9222724437713614,0.9830299608437284,0.928297983161549,16.42329700852104,16.513572191055804,13.353619716287994,True,2.971550941467285,3.885187387466431,0.980110539393347,0.9189506306833188,14.834946955237138,14.864786491305535,11.198704011318483,1.6487856997502686,1.588350053283902,0.1681137084960937,0.0370850563049316,0.0029194214503812,wiener,combat_real/0131,combat_real,2094,14.86,0,False,0.1392316999845206,0.0348079249961301
2.006479263305664,2.6071078777313232,0.9464827705794244,0.8107363697080181,19.06166346115597,19.10634794074641,13.370174194006902,True,1.7629024982452393,2.244780778884888,0.9446797744758154,0.804987964177496,18.772137001872043,18.765286748889164,13.325315982634088,0.3410611918572463,0.2895264592839233,0.2435767650604248,0.3623270988464355,0.0018029961036089,wiener,combat_real/0132,combat_real,61,18.77,0,False,0.123571100004483,0.0308927750011207
1.0916625261306765,1.350980281829834,0.7551596216387366,0.5655771002130677,-0.7099815249971809,0.4184988200333116,0.164527533628721,True,1.0957506895065308,1.374868392944336,0.7624933520597875,0.5588704365494674,-0.5874543607964106,-0.3996926113599975,-0.72342443305242,0.8181914313933092,-0.1225271642007703,-0.0040881633758544,-0.0238881111145019,-0.0073337304210508,wiener,combat_real/0133,combat_real,61,4.14,0,True,0.1414412999874912,0.0353603249968728
1.1565520763397217,1.506844997406006,0.7995234275439002,0.6601862961803364,6.942947595066441,6.91760026517618,5.131387006510435,True,1.1461191177368164,1.491686463356018,0.7943017265960495,0.6574139258434482,6.627290490799849,6.5038212698776565,4.433304797985121,0.4137789952985233,0.3156571042665916,0.0104329586029052,0.0151585340499877,0.0052217009478506,wiener,combat_real/0134,combat_real,3570,12.39,0,True,0.1055785999633371,0.0263946499908342
1.922563910484314,2.2181198596954346,0.9100918410168606,0.8472013888084335,19.61721940573088,19.645390228142773,19.989403282875355,True,1.824081301689148,2.269979476928711,0.913937720113531,0.8520986602066453,19.539440026026384,19.5427361088148,21.30192683467365,0.1026541193279761,0.077779379704495,0.098482608795166,-0.0518596172332763,-0.0038458790966704,wiener,combat_real/0135,combat_real,6930,19.62,0,False,0.1318894999567419,0.0329723749891854
1.059104323387146,1.2813535928726196,0.7131019296300539,0.5186307058906632,4.932236631085464,5.250557417167451,2.029381009468488,True,1.049924373626709,1.243085265159607,0.69657193736957,0.4934806216624544,3.04471511813017,3.0363923208301498,0.1746415124910519,2.2141650963373016,1.8875215129552945,0.009179949760437,0.0382683277130126,0.0165299922604839,wiener,combat_real/0136,combat_real,3575,7.26,0,True,0.1209438000223599,0.0302359500055899
1.271396279335022,1.863278150558472,0.7578739275101591,0.6050602193355819,7.603874783373939,7.73636215945099,4.624905240892425,True,1.232153296470642,1.7656991481781006,0.7622103914310245,0.5975383905361721,6.965723987236512,6.941119343535479,4.139157621359117,0.7952428159155112,0.6381507961374275,0.0392429828643798,0.0975790023803711,-0.0043364639208653,wiener,combat_real/0137,combat_real,8455,13.03,0,True,0.027860399975907,0.0069650999939767
1.1951159238815308,1.9247225522994995,0.9146833317668376,0.7932281009230292,7.861554368414296,7.874689962637824,11.989774462149429,True,1.189983367919922,1.8692690134048464,0.915021259673532,0.7942705516467212,7.853778152330159,7.864152235867802,12.242096349020557,0.0105377267700212,0.007776216084137,0.0051325559616088,0.0554535388946533,-0.0003379279066946,wiener,combat_real/0138,combat_real,4992,8.52,0,False,0.1320220999768935,0.0330055249942233
1.457128643989563,2.0538265705108643,0.8231892306824751,0.5960793794066845,11.599225201010288,11.757070502606346,6.278503562819388,True,1.385157585144043,1.9421272277832031,0.8195569324432641,0.5857072690647357,10.65343066522145,10.678177423743726,5.10451614677908,1.0788930788626203,0.9457945357888384,0.07197105884552,0.1116993427276611,0.0036322982392109,wiener,combat_real/0139,combat_real,1284,15.91,0,True,0.147331700020004,0.036832925005001
1.0428062677383425,1.1755530834197998,0.654403306949154,0.5934368711332932,0.976617346705134,1.0292839979299075,5.012136786271167,True,1.0450160503387451,1.1855995655059814,0.6642962808584826,0.5983216960171229,0.84795276342681,0.8565639618447967,3.816354213035797,0.1727200360851108,0.1286645832783239,-0.0022097826004028,-0.0100464820861816,-0.0098929739093285,wiener,combat_real/0140,combat_real,5639,7.05,0,True,0.1656675999984145,0.0414168999996036
1.291131854057312,2.038656949996948,0.8258632229740374,0.638110320038019,6.2451332921755975,6.526878798515915,3.679214867920343,True,1.265663981437683,2.018136501312256,0.8270623615923683,0.6386498562420769,5.9276348077155685,6.109745563599599,3.157365962674313,0.4171332349163155,0.317498484460029,0.0254678726196289,0.0205204486846923,-0.0011991386183309,wiener,combat_real/0141,combat_real,8455,12.24,0,True,0.0332992000039666,0.0083248000009916
1.7188172340393066,2.134350538253784,0.9443434687863748,0.8793399511280061,18.56754732268831,18.589584778916183,14.770415682058587,True,1.6630442142486572,2.0532257556915283,0.9453370200597496,0.8745502224577015,17.76614096620699,17.76450059790504,13.969794619449784,0.8250841810111424,0.8014063564813192,0.0557730197906494,0.0811247825622558,-0.000993551273375,wiener,combat_real/0142,combat_real,237,18.23,0,False,0.1550572999985888,0.0387643249996472
1.1506342887878418,1.2899956703186035,0.7606073701643814,0.6366737570065439,0.5787087166029053,0.8037959095760088,8.330650076350578,True,1.1725866794586182,1.3003251552581787,0.7637256003144439,0.6478503395826596,0.5893734450518194,0.7508714749048035,7.450436080406347,0.0529244346712052,-0.010664728448914,-0.0219523906707763,-0.0103294849395751,-0.0031182301500625,wiener,combat_real/0143,combat_real,8230,0.69,0,False,0.1333872000104747,0.0333468000026186
1.090031981468201,1.4569761753082275,0.756785582806544,0.4727512153385033,1.0464843773976524,1.2446744610358125,-0.1057953983455679,True,1.092307448387146,1.4235206842422483,0.7529626887408903,0.4604356479800964,0.904368889339578,0.9867132892041512,-0.0530449997087981,0.2579611718316612,0.1421154880580744,-0.0022754669189453,0.033455491065979,0.0038228940656536,wiener,combat_real/0144,combat_real,8455,2.32,0,False,0.1444947000127285,0.0361236750031821
1.1027969121932983,1.4701457023620603,0.8409971527288191,0.6762702518978129,11.284388218218997,11.303432648515974,12.675812169200114,True,1.1007157564163208,1.4451241493225098,0.8426402312116256,0.6781080939989477,11.2204983374828,11.227967964504446,12.722943654070209,0.0754646840115285,0.0638898807361965,0.0020811557769775,0.0250215530395507,-0.0016430784828064,wiener,combat_real/0145,combat_real,4992,11.58,0,False,0.1304267999948933,0.0326066999987233
1.065114140510559,1.3420875072479248,0.542798142286191,0.3459931614216713,-0.6869361397715752,0.3950245861853895,-3.3769814946171315,True,1.0618634223937988,1.323557734489441,0.5440681959955821,0.3275126855081666,-2.0219883741870053,-1.3987249274740066,-4.66180134754548,1.793749513659396,1.33505223441543,0.0032507181167602,0.0185297727584838,-0.001270053709391,wiener,combat_real/0146,combat_real,3575,13.88,0,True,0.1334318000008352,0.0333579500002088
1.0906784534454346,1.390903115272522,0.7719930747995373,0.5812219327858102,5.371420687551984,6.0220912864684895,3.764970502894495,True,1.0832465887069702,1.35072922706604,0.7735787411725946,0.5810014842545957,4.783878297290144,5.197174883755187,2.794452030812132,0.8249164027133027,0.5875423902618397,0.0074318647384643,0.0401738882064819,-0.0015856663730573,wiener,combat_real/0147,combat_real,6930,14.37,0,True,0.1402717999881133,0.0350679499970283
1.3983845710754397,2.2805535793304443,0.925810182165802,0.8039509596597255,12.731911392268564,12.810205248204646,8.945236768003213,True,1.3148996829986572,2.120513677597046,0.925645887658138,0.7955937399310294,11.93879778498789,11.902443992848376,7.93594654973755,0.9077612553562702,0.7931136072806737,0.0834848880767822,0.1600399017333984,0.000164294507664,wiener,combat_real/0148,combat_real,1995,19.3,0,True,0.1660533999674953,0.0415133499918738
1.1841800212860107,1.6229183673858645,0.8244327701541266,0.7388044124232458,-3.040321795370849,-2.8085240185010685,7.750489508769383,True,1.1763752698898315,1.5691595077514648,0.8251371492422978,0.7349004101668627,-2.9597519769755287,-2.838177696213384,7.717611123148426,0.0296536777123157,-0.08056981839532,0.0078047513961791,0.0537588596343994,-0.0007043790881711,wiener,combat_real/0149,combat_real,121,9.37,0,True,0.1430413000052794,0.0357603250013198
2.3819191455841064,3.3708107471466064,0.980997952725136,0.947150153706522,12.456210507105894,12.684977953347447,11.761458272881685,True,1.7775779962539673,2.6069207191467285,0.9827263689815632,0.9339140473137176,13.766999778597471,13.7748113981617,10.079454024270047,-1.08983344481425,-1.3107892714915792,0.6043411493301392,0.7638900279998779,-0.0017284162564269,onnx:artifacts/gtcrn_dns3_simple.onnx,combat_real/0000,combat_real,5142,14.22,0,False,7.896591599972453,1.9741478999931128
1.5352051258087158,2.246069431304932,0.8428983279567347,0.7202496101916928,8.291105944400014,8.840956392091758,6.621824536670145,True,1.0944379568099976,1.425382375717163,0.7461550723866142,0.5474554258796196,2.381685977219327,2.466183771996761,-0.3031655092486183,6.374772620094998,5.909419967180687,0.4407671689987182,0.8206870555877686,0.0967432555701205,onnx:artifacts/gtcrn_dns3_simple.onnx,combat_real/0001,combat_real,6829,6.3,0,True,3.011369400017429,0.7528423500043573
1.3332719802856443,1.847345471382141,0.7886794865190484,0.513529393518789,3.9298191218397225,5.39934958421321,3.2106026864519226,True,1.0687110424041748,1.6334933042526243,0.7326530122575895,0.4525497944112024,0.8583197349040397,1.9233402080150892,0.0187797072069824,3.476009376198121,3.071499386935683,0.2645609378814697,0.2138521671295166,0.0560264742614589,onnx:artifacts/gtcrn_dns3_simple.onnx,combat_real/0002,combat_real,3570,10.51,0,True,5.493544800032396,1.373386200008099
2.341573476791382,2.9581096172332764,0.974101431724692,0.8856609208191506,18.92470831973611,18.83312246584337,14.805868927326914,True,1.420651078224182,1.9763834476470947,0.9650607193618412,0.8522030864619468,14.01969752363414,14.022532253861469,11.69880830006586,4.810590211981905,4.905010796101969,0.9209223985671996,0.9817261695861816,0.0090407123628508,onnx:artifacts/gtcrn_dns3_simple.onnx,combat_real/0003,combat_real,5142,14.58,0,False,4.761018699966371,1.1902546749915928
1.979493260383606,2.465820074081421,0.8965088765767639,0.77694481850746,15.73597829623946,15.78041192262566,14.699043693680776,True,1.1552923917770386,1.237722635269165,0.7502928452801717,0.7020562615800291,1.8822927023633176,1.885864982123108,9.884535315172132,13.894546940502552,13.853685593876142,0.8242008686065674,1.228097438812256,0.1462160312965922,onnx:artifacts/gtcrn_dns3_simple.onnx,combat_real/0004,combat_real,1320,2.06,0,False,4.567242999968585,1.1418107499921462
1.0942937135696411,1.3634161949157717,0.6611353303959945,0.4895293146303931,1.4624773797521715,3.720647982690284,2.0226844750242923,True,1.0486552715301514,1.1659276485443115,0.5170065102908645,0.3363339537228446,-4.817059574089573,-4.693057372535804,-4.57706574379103,8.413705355226087,6.2795369538417445,0.0456384420394897,0.1974885463714599,0.1441288201051299,onnx:artifacts/gtcrn_dns3_simple.onnx,combat_real/0005,combat_real,5639,4.88,0,True,3.9260658000130206,0.9815164500032552
1.5640708208084106,2.0984017848968506,0.7475642671708789,0.5372623914377453,11.644788719477544,11.930676783622022,6.368522610047726,True,1.127884864807129,1.5659807920455933,0.6578365827588228,0.4050911048685637,5.5242180413736754,5.544427774948773,0.4647193378251747,6.386249008673249,6.120570678103867,0.4361859560012817,0.5324209928512573,0.089727684412056,onnx:artifacts/gtcrn_dns3_simple.onnx,combat_real/0006,combat_real,4446,14.41,0,True,3.012314299994614,0.7530785749986535
1.3287429809570312,1.9084633588790891,0.778140194348838,0.6114651617454959,6.89488281771121,7.605837011001796,3.852935134015005,True,1.060648798942566,1.3376762866973877,0.6766216383709958,0.4409130179489505,1.8642570910145588,1.7842860948088952,-2.5125788837428984,5.821550916192901,5.030625726696651,0.2680941820144653,0.5707870721817017,0.1015185559778422,onnx:artifacts/gtcrn_dns3_simple.onnx,combat_real/0007,combat_real,8455,1.78,0,False,3.19284539995715,0.7982113499892876
1.33400559425354,1.690502405166626,0.821753229535139,0.6394951521442581,6.357973841874082,7.096264797696986,5.331589741377908,True,1.069558024406433,1.3004937171936035,0.7355688166820138,0.4727262669717827,2.459190611955669,2.5160307882276123,-0.5001729992359374,4.580234009469374,3.898783229918413,0.2644475698471069,0.3900086879730224,0.0861844128531251,onnx:artifacts/gtcrn_dns3_simple.onnx,combat_real/0008,combat_real,7176,9.15,0,True,2.9388139999937266,0.7347034999984317
2.30089807510376,2.726850986480713,0.9106711644397596,0.8686186524918326,13.545935193299636,13.563524778380025,13.067171778312204,True,1.2395570278167725,1.5091373920440674,0.8510108809662421,0.7993403474971668,8.025084925013315,8.035162699911352,8.190911430702304,5.528362078468673,5.5208502682863205,1.0613410472869873,1.2177135944366455,0.0596602834735173,onnx:artifacts/gtcrn_dns3_simple.onnx,combat_real/0009,combat_real,8555,8.37,0,False,2.5811603000038303,0.6452900750009576
1.5864624977111816,2.2293550968170166,0.8862143629093651,0.7592747540424077,8.451354790890429,8.934803345941294,12.047462145774553,True,1.252745509147644,1.6381080150604248,0.7730984079627224,0.6577264292288892,2.7550416505753854,2.683573856972838,11.15115151928464,6.251229488968455,5.696313140315043,0.3337169885635376,0.5912470817565918,0.1131159549466426,onnx:artifacts/gtcrn_dns3_simple.onnx,combat_real/0010,combat_real,8463,2.82,0,False,5.638336199976038,1.4095840499940095
1.864837646484375,2.305284261703491,0.8653098447796351,0.7213127293332925,10.623011857045451,10.744197204541312,8.503019510272143,True,1.0636489391326904,1.246549367904663,0.804211178944469,0.616537367607713,7.368783796849429,7.425160351944291,4.516845755292589,3.319036852597021,3.2542280601960227,0.8011887073516846,1.058734893798828,0.0610986658351661,onnx:artifacts/gtcrn_dns3_simple.onnx,combat_real/0011,combat_real,7729,7.81,0,False,7.551139499992132,1.887784874998033
1.35004723072052,1.775041580200195,0.8655985814927745,0.7316576941665979,7.027810281265367,7.734419483921995,5.618329265332432,True,1.090965986251831,1.37719988822937,0.7758211105078577,0.6221902517316602,0.7723955204233592,0.6437440536678467,1.0419010914719071,7.090675430254148,6.255414760842008,0.2590812444686889,0.3978416919708252,0.0897774709849167,onnx:artifacts/gtcrn_dns3_simple.onnx,combat_real/0012,combat_real,4446,4.22,0,True,2.440691599971615,0.6101728999929037
2.692862033843994,3.1608681678771973,0.9473520660770572,0.9072132191382792,19.080252384882765,18.810201456447388,16.996066267462343,True,1.956859350204468,2.230350971221924,0.938504788414625,0.8972071933845176,19.02546345433166,19.03635536893625,16.15894182509716,-0.2261539124888614,0.0547889305511049,0.7360026836395264,0.9305171966552734,0.0088472776624322,onnx:artifacts/gtcrn_dns3_simple.onnx,combat_real/0013,combat_real,5683,19.82,0,False,3.618386799993459,0.9045966999983648
1.7496418952941897,2.2539217472076416,0.8910962683747269,0.823143496148814,16.29098782772656,16.302893093937172,14.303369265448476,True,1.1432641744613647,1.4824098348617554,0.8362229036712256,0.7286966199571423,11.472329390685587,11.484090983838476,9.812721832571098,4.818802110098694,4.818658437040973,0.6063777208328247,0.7715119123458862,0.0548733647035012,onnx:artifacts/gtcrn_dns3_simple.onnx,combat_real/0014,combat_real,7021,12.18,0,False,4.073024299985264,1.018256074996316
1.4766840934753418,2.019500255584717,0.8715150089223521,0.7853150198617589,9.531823214370728,9.923073634451615,8.279024337546044,True,1.0472464561462402,1.2349746227264404,0.8131827375362395,0.6443776544198779,3.44590761483841,3.399495617731892,3.0108047784522154,6.523578016719725,6.085915599532317,0.4294376373291015,0.7845256328582764,0.0583322713861126,onnx:artifacts/gtcrn_dns3_simple.onnx,combat_real/0015,combat_real,4992,3.83,0,False,1.7477749999961816,0.4369437499990454
2.622687101364136,3.52718186378479,0.9499384480879308,0.8855962148774732,15.233678356247866,15.355597876691595,11.664880868603293,True,1.458653211593628,2.882866859436035,0.8957656942232725,0.7295451814382354,10.237371769498711,10.256285599897115,5.884950427911374,5.099312276794478,4.996306586749155,1.1640338897705078,0.6443150043487549,0.0541727538646583,onnx:artifacts/gtcrn_dns3_simple.onnx,combat_real/0016,combat_real,1580,19.43,0,True,3.3248543000081554,0.8312135750020389
2.3487584590911865,2.916743755340576,0.9140502107304002,0.7518989793393013,10.070466413847097,10.47687190250443,8.376554509544453,True,1.184518575668335,1.6505582332611084,0.8286576536748367,0.6085482842381795,7.638942747080749,7.804421106362601,5.413826551987459,2.6724507961418285,2.431523666766348,1.1642398834228516,1.2661855220794678,0.0853925570555634,onnx:artifacts/gtcrn_dns3_simple.onnx,combat_real/0017,combat_real,2300,16.9,0,True,3.2036617000121623,0.8009154250030406
1.2430872917175293,1.558115005493164,0.7977095270292847,0.5969689289775666,6.8878587327277945,7.690277515273628,4.070563307464559,True,1.0744996070861816,1.2588250637054443,0.6768403682221378,0.4809653364259389,0.3320755581183509,0.3585188747093958,-1.5433370368493204,7.331758640564232,6.555783174609443,0.1685876846313476,0.2992899417877197,0.1208691588071468,onnx:artifacts/gtcrn_dns3_simple.onnx,combat_real/0018,combat_real,5142,3.65,0,True,4.372220300021581,1.0930550750053951
1.5943732261657717,2.128912687301636,0.8536034702120858,0.7365656498171516,14.229384428239158,14.32988994258668,9.773250247283007,True,1.0944746732711792,1.525357007980347,0.8180843396267543,0.6376461447474762,9.069593118704658,9.118295313686144,4.900558066946879,5.211594628900537,5.1597913095345,0.4998985528945923,0.6035556793212891,0.0355191305853315,onnx:artifacts/gtcrn_dns3_simple.onnx,combat_real/0019,combat_real,5683,9.47,0,False,4.690977699996438,1.1727444249991097
2.324554681777954,2.886738538742065,0.956126007858281,0.881435419175867,10.29024265530782,10.598698379952683,8.70974212481759,True,1.3713209629058838,2.720642328262329,0.9680097235638097,0.8883359307652422,0.7187968494580422,0.7805334182894823,1.5601537368877096,9.818164961663204,9.571445805849775,0.9532337188720704,0.1660962104797363,-0.0118837157055287,onnx:artifacts/gtcrn_dns3_simple.onnx,combat_real/0020,combat_real,61,12.23,0,True,2.6089613999938592,0.6522403499984648
1.62519633769989,2.272916793823242,0.876054368801783,0.7957380412290124,15.243420125338016,15.29019764272295,11.791250216322586,True,1.300754427909851,1.9379844665527344,0.8122431816930552,0.7267085525684659,9.713350342831662,9.645824647144645,8.118465279623255,5.644372995578305,5.530069782506354,0.324441909790039,0.3349323272705078,0.0638111871087278,onnx:artifacts/gtcrn_dns3_simple.onnx,combat_real/0021,combat_real,1580,9.91,0,False,2.9104922999977134,0.7276230749994284
1.4670268297195437,1.806482553482056,0.8501898267641744,0.7708484866804337,9.709016993874382,10.14748557367291,7.509314679580767,True,1.1078089475631714,1.4000968933105469,0.8332710286391859,0.7265454970667785,6.144461847796912,6.10304475221711,3.226643862663238,4.0444408214558,3.5645551460774705,0.359217882156372,0.4063856601715088,0.0169187981249885,onnx:artifacts/gtcrn_dns3_simple.onnx,combat_real/0022,combat_real,237,6.73,0,False,7.776966699981131,1.9442416749952829
3.05894136428833,3.31916880607605,0.979180084917672,0.9568113241309768,24.009793365532744,23.757445479381936,23.76519258494423,True,1.4419926404953003,1.8641815185546875,0.9218527757581768,0.9080623276385288,18.86771540348931,18.87366682935111,24.03064616543759,4.883778650030827,5.142077962043434,1.6169487237930298,1.4549872875213623,0.057327309159495,onnx:artifacts/gtcrn_dns3_simple.onnx,combat_real/0023,combat_real,3570,18.87,0,False,3.9492812999524176,0.9873203249881044
1.2955570220947266,1.8240830898284912,0.7732008997086361,0.4823482649172895,7.437277031339946,8.139262222164307,5.712254505964057,True,1.2037253379821775,1.6049737930297852,0.7132506579653035,0.4499164740326596,0.8722461642794574,0.8184564084152129,2.258854041230789,7.320805813749094,6.565030867060488,0.0918316841125488,0.219109296798706,0.0599502417433326,onnx:artifacts/gtcrn_dns3_simple.onnx,combat_real/0024,combat_real,1089,0.82,0,False,2.3275542000192218,0.5818885500048054
1.7350995540618896,2.2797205448150635,0.7627848370662123,0.5600184314531421,10.909939171132113,11.16731850746139,7.736067123050438,True,1.1748284101486206,1.6732864379882812,0.6432499557168598,0.4313903410357892,2.955244361199858,3.0318924833247034,-1.0187060084122264,8.135426024136686,7.9546948099322545,0.560271143913269,0.6064341068267822,0.1195348813493524,onnx:artifacts/gtcrn_dns3_simple.onnx,combat_real/0025,combat_real,1188,12.91,0,True,5.093527499993797,1.2733818749984491
1.8467521667480469,2.65097451210022,0.879130662428,0.7312196345791994,12.301165612125809,12.495312126154168,10.035523776643664,True,1.2956174612045288,2.137697696685791,0.8380200309366269,0.637934821114081,6.397999917605064,6.378682949698675,6.409154033167652,6.116629176455493,5.9031656945207445,0.5511347055435181,0.5132768154144287,0.041110631491373,onnx:artifacts/gtcrn_dns3_simple.onnx,combat_real/0026,combat_real,2961,7.27,0,False,3.6428997000330128,0.9107249250082532
2.3934733867645264,2.884958982467652,0.9375917103846534,0.9128454043643824,17.766297590977153,17.834212309380202,16.88173071167624,True,1.485770344734192,1.823035717010498,0.9432957830483196,0.8897575300413513,1.8996047723979583,1.9052122167475176,1.2025662125798218,15.929000092632684,15.866692818579194,0.9077030420303344,1.061923265457153,-0.0057040726636661,onnx:artifacts/gtcrn_dns3_simple.onnx,combat_real/0027,combat_real,8555,2.0,0,False,1.8909393000067207,0.4727348250016803
2.296237707138061,3.4196410179138184,0.9491006877119768,0.8726732353726804,15.094059572382504,15.188244278113752,15.601626553743554,True,1.5638551712036133,2.6547188758850098,0.910125352518822,0.8075855270335842,10.682103266893536,10.705173857315948,13.540147924213333,4.483070420797807,4.411956305488969,0.7323825359344482,0.7649221420288086,0.0389753351931549,onnx:artifacts/gtcrn_dns3_simple.onnx,combat_real/0028,combat_real,1089,11.19,0,False,3.080661499989219,0.7701653749973048
2.1034271717071533,2.6802990436553955,0.900578595646178,0.780329534695712,11.73081236619151,11.920418483848458,8.871834714720642,True,1.1895004510879517,1.5453267097473145,0.8192229039649388,0.6633490392791725,8.229732906694476,8.277820341983764,4.805999043532241,3.6425981418646938,3.501079459497033,0.9139267206192015,1.134972333908081,0.0813556916812392,onnx:artifacts/gtcrn_dns3_simple.onnx,combat_real/0029,combat_real,4992,12.09,0,True,4.8028859999612905,1.2007214999903226
2.372797727584839,2.8942437171936035,0.9585677230011612,0.8915563785821243,17.58249400556549,17.619523534441228,13.307000327612489,True,1.5226300954818726,2.2087347507476807,0.9493043196572344,0.8283747410322309,14.353588492614987,14.350849281155504,9.915883816663822,3.268674253285724,3.228905512950501,0.8501676321029663,0.6855089664459229,0.0092634033439269,onnx:artifacts/gtcrn_dns3_simple.onnx,combat_real/0030,combat_real,5683,14.71,0,False,3.1026531999814324,0.7756632999953581
2.017009973526001,2.9139106273651123,0.9710036448129452,0.936552577854198,16.807248054570266,16.86244502944217,16.006253098032914,True,1.4942364692687988,2.0989556312561035,0.9592586660873476,0.9051393246149002,13.03022351673878,13.014234445339357,14.831534400136892,3.848210584102814,3.777024537831487,0.5227735042572021,0.8149549961090088,0.0117449787255974,onnx:artifacts/gtcrn_dns3_simple.onnx,combat_real/0031,combat_real,5683,13.53,0,False,2.6688190000131726,0.6672047500032932
3.4302806854248047,3.904296636581421,0.9875835304276078,0.9572114499184126,16.047663532706352,16.15067779056157,12.66213728409215,True,2.1857738494873047,3.077775239944458,0.987143157045934,0.9389561636526248,9.917576920423771,9.928976567732564,8.688792093822071,6.2217012228290045,6.130086612282581,1.2445068359375,0.8265213966369629,0.0004403733816737,onnx:artifacts/gtcrn_dns3_simple.onnx,combat_real/0032,combat_real,4992,10.26,0,False,3.633485300000757,0.9083713250001892
1.3618344068527222,1.7354612350463867,0.7323435163023109,0.5817773457515731,10.292090510071208,10.59814099847164,6.562933972281682,True,1.045108437538147,1.1825909614562988,0.6512117649151719,0.4674677554449927,2.352893613093181,2.642558288480432,-1.8647043196785231,7.955582709991207,7.939196896978027,0.3167259693145752,0.5528702735900879,0.081131751387139,onnx:artifacts/gtcrn_dns3_simple.onnx,combat_real/0033,combat_real,5683,7.17,0,True,4.478886400000192,1.119721600000048
1.930420160293579,2.7429544925689697,0.9046116754937108,0.7669465174463429,15.743915475512926,15.79968563220912,12.561497291743002,True,1.3968921899795532,2.4010822772979736,0.8651445952147453,0.7507273072674693,9.0235311756644,9.04360624996199,9.608455022084684,6.75607938224713,6.720384299848526,0.5335279703140259,0.3418722152709961,0.0394670802789655,onnx:artifacts/gtcrn_dns3_simple.onnx,combat_real/0034,combat_real,237,9.62,0,False,6.167029100004584,1.541757275001146
1.2722842693328855,1.577876091003418,0.5848082885933964,0.4295014597048374,1.454598906285864,3.4496728693572,2.4425771164619965,True,1.0371134281158447,1.131813406944275,0.4649116316170597,0.3056251584772251,-2.799274704326181,-2.659006925524057,-3.593386356741369,6.108679794881257,4.253873610612045,0.235170841217041,0.446062684059143,0.1198966569763367,onnx:artifacts/gtcrn_dns3_simple.onnx,combat_real/0035,combat_real,7729,6.69,0,True,8.212371200032067,2.0530928000080166
1.3578118085861206,1.928242921829224,0.8432933973864013,0.7506329705801318,7.028150036144096,7.660891495037372,6.091654730000932,True,1.1598703861236572,1.4543719291687012,0.798089010627821,0.6713472133916654,-1.697380884731344,-0.9773284194523124,1.907153092526876,8.638219914489685,8.725530920875439,0.1979414224624633,0.4738709926605224,0.0452043867585802,onnx:artifacts/gtcrn_dns3_simple.onnx,combat_real/0036,combat_real,2300,4.73,0,True,4.007097400026396,1.001774350006599
1.3167035579681396,1.6469322443008425,0.8265850125454887,0.651892123495853,5.788850066350867,6.78771902289029,4.803056903350583,True,1.089838981628418,1.3193607330322266,0.7880027373557026,0.5801644472037503,0.2199127706858112,0.0918188350030742,-1.0220893686150392,6.695900187887215,5.568937295665056,0.2268645763397216,0.3275715112686157,0.038582275189786,onnx:artifacts/gtcrn_dns3_simple.onnx,combat_real/0037,combat_real,5142,1.13,0,False,6.505163500027265,1.6262908750068163
1.4084351062774658,1.9531264305114744,0.8810769090344077,0.6689484207731561,9.315931739947777,9.717343247021308,6.721715943255415,True,1.1898469924926758,1.5705957412719729,0.8288405190822427,0.47125418193806,4.667955771866429,4.686352602562048,1.1969839372325572,5.03099064445926,4.647975968081346,0.21858811378479,0.3825306892395019,0.052236389952165,onnx:artifacts/gtcrn_dns3_simple.onnx,combat_real/0038,combat_real,4446,4.72,0,False,2.8264479999779724,0.7066119999944931
2.680853366851806,3.1440861225128174,0.9262567399753406,0.8268069048043996,17.145284105611516,17.198989618291694,12.030834621962134,True,1.895787000656128,2.4687929153442383,0.9090327470249152,0.8025626266467463,15.18137054157904,15.167325755190218,8.813999747749426,2.0316638631014765,1.963913564032476,0.7850663661956787,0.6752932071685791,0.0172239929504255,onnx:artifacts/gtcrn_dns3_simple.onnx,combat_real/0039,combat_real,1089,15.3,0,False,3.376749499992002,0.8441873749980005
1.9390108585357664,2.483341217041016,0.8012491373298585,0.7169087091531723,15.064568968573976,15.169981183030131,12.32963432662566,True,1.0612568855285645,1.3025418519973757,0.7147137659028104,0.5904369913783576,6.822141056429537,6.827335160793446,4.97335047784706,8.342646022236686,8.24242791214444,0.8777539730072021,1.18079936504364,0.086535371427048,onnx:artifacts/gtcrn_dns3_simple.onnx,combat_real/0040,combat_real,1995,9.14,0,True,3.3163710000226274,0.8290927500056569
1.8162806034088133,2.4374732971191406,0.8146549215511739,0.6998188957087905,12.0911566351098,12.285867353005804,10.270971011113124,True,1.2558363676071167,1.5820679664611816,0.6581215821011622,0.5777765360869883,6.654853821516612,6.760671022930762,5.963067629153136,5.525196330075042,5.436302813593187,0.5604442358016968,0.855405330657959,0.1565333394500117,onnx:artifacts/gtcrn_dns3_simple.onnx,combat_real/0041,combat_real,4507,16.1,0,True,4.218852700025309,1.0547131750063272
1.3595516681671145,1.873709201812744,0.7936898615808967,0.6640770159077873,5.032911144341354,5.706290213337515,5.40591585102308,True,1.0452594757080078,1.4253185987472534,0.7294288542981159,0.5470398073289873,3.0736758711310253,2.7730901455374184,0.8931114233738551,2.9332000678000965,1.959235273210329,0.3142921924591064,0.4483906030654907,0.0642610072827808,onnx:artifacts/gtcrn_dns3_simple.onnx,combat_real/0042,combat_real,8455,11.0,0,True,3.981767999997828,0.995441999999457
1.5576995611190796,2.085160255432129,0.8528021150613581,0.7612371753314959,9.280078307242668,9.574037310397044,9.932967426770407,True,1.1092791557312012,1.4786534309387207,0.8113990576161817,0.6730822108467716,5.31684580087021,5.3917550318378895,6.549297751532112,4.182282278559154,3.9632325063724574,0.4484204053878784,0.6065068244934082,0.0414030574451763,onnx:artifacts/gtcrn_dns3_simple.onnx,combat_real/0043,combat_real,1284,5.48,0,False,2.973108500009402,0.7432771250023507
2.6928982734680176,3.0071072578430176,0.982529788001266,0.9610839489086652,19.150716845894483,19.121843131322382,16.127592365624274,True,1.4302209615707395,1.8526240587234497,0.9766569811010986,0.9277035728284506,17.305792848190123,17.29299957333917,14.151579544794725,1.828843557983216,1.84492399770436,1.2626773118972778,1.154483199119568,0.0058728069001673,onnx:artifacts/gtcrn_dns3_simple.onnx,combat_real/0044,combat_real,5142,17.62,0,False,2.711348899989389,0.6778372249973472
1.955414891242981,2.7141642570495605,0.8543502334189034,0.7481174413616192,8.784493765821049,9.1513295225247,10.452564756246126,True,1.3988008499145508,1.7383066415786743,0.7918296568129806,0.6566657314212292,10.041578152927862,10.046223489364715,9.092730246387246,-0.8948939668400175,-1.2570843871068131,0.5566140413284302,0.9758576154708862,0.0625205766059228,onnx:artifacts/gtcrn_dns3_simple.onnx,combat_real/0045,combat_real,6930,10.2,0,False,2.963266399980057,0.7408165999950143
1.4069432020187378,1.7490782737731934,0.7692278005822107,0.6200484605111096,8.335667493061928,8.827595994920674,7.299124408099068,True,1.0518743991851809,1.2722259759902954,0.6535469337161594,0.3941313901099562,1.3027905146865406,1.278830719911752,-1.7008723463661326,7.548765275008922,7.032876978375388,0.3550688028335571,0.4768522977828979,0.1156808668660513,onnx:artifacts/gtcrn_dns3_simple.onnx,combat_real/0046,combat_real,1188,1.28,0,False,4.031582300027367,1.0078955750068417
1.3860814571380615,1.940247893333435,0.6860364484869946,0.4879002265264483,7.200792740539873,7.895159536945551,6.351940864945386,True,1.0492045879364014,1.3090676069259644,0.5555822212441128,0.3970261212022016,2.296125029574415,2.345100956821093,1.7467148885975567,5.550058580124457,4.904667710965458,0.3368768692016601,0.6311802864074707,0.1304542272428818,onnx:artifacts/gtcrn_dns3_simple.onnx,combat_real/0047,combat_real,7729,9.9,0,True,5.144526999967638,1.2861317499919096
2.448122262954712,3.0655405521392822,0.9485187043368116,0.8720025469721255,17.934703622190902,17.909132481755215,14.40295877319559,True,1.651315689086914,2.210221767425537,0.9461255298250588,0.8342208825122216,16.42572789080439,16.412520281118073,12.5840431472935,1.4966122006371414,1.5089757313865135,0.7968065738677979,0.8553187847137451,0.0023931745117528,onnx:artifacts/gtcrn_dns3_simple.onnx,combat_real/0048,combat_real,5142,16.91,0,False,4.365569300018251,1.0913923250045627
2.2264773845672607,2.799084424972534,0.892645197317259,0.7919170495042623,18.281623020443472,18.204855918938065,14.397311076016845,True,1.6454250812530518,2.0092601776123047,0.9062588323079288,0.7892837971118831,17.080238716077602,17.07601145189796,11.983422651908612,1.1288444670401034,1.2013843043658703,0.581052303314209,0.7898242473602295,-0.0136136349906696,onnx:artifacts/gtcrn_dns3_simple.onnx,combat_real/0049,combat_real,672,17.14,0,False,7.173627200012561,1.7934068000031402
1.3823755979537964,2.078312635421753,0.8030356457407537,0.6493829394962314,8.416619185519536,8.639071075865486,7.9714545346749635,True,1.0596916675567627,1.5170974731445312,0.67400292502567,0.5230279651288959,1.274370350632426,1.2755145859205028,2.6260118144994795,7.363556489944983,7.142248834887111,0.3226839303970337,0.5612151622772217,0.1290327207150836,onnx:artifacts/gtcrn_dns3_simple.onnx,combat_real/0050,combat_real,3729,1.3,0,False,2.2901225000387058,0.5725306250096764
1.64302396774292,2.058981418609619,0.9273547828131768,0.8676801581301837,11.192827490183554,11.415185122668444,8.853550644710047,True,1.075837016105652,1.332999587059021,0.8987522018702585,0.7586796671519563,7.790126367114483,7.790978186850893,3.97851798561608,3.624206935817551,3.402701123069071,0.5671869516372681,0.7259818315505981,0.0286025809429182,onnx:artifacts/gtcrn_dns3_simple.onnx,combat_real/0051,combat_real,5142,7.97,0,False,1.7646791999577545,0.4411697999894386
2.517664670944214,3.3074092864990234,0.9858606979146662,0.9500494042627377,16.782936311406807,16.835183806263963,17.129508125077233,True,1.514829397201538,1.978898525238037,0.9806706727715764,0.934136253100094,18.30174569521743,18.30630205067541,18.08721433651506,-1.4711182444114428,-1.5188093838106234,1.0028352737426758,1.3285107612609863,0.0051900251430897,onnx:artifacts/gtcrn_dns3_simple.onnx,combat_real/0052,combat_real,5142,18.39,0,False,2.1659938999800943,0.5414984749950236
2.828648805618286,3.1737334728240967,0.9677454197055726,0.9337979354928118,16.223730595421685,16.32515140664164,21.16027954962817,True,1.748313546180725,2.0068516731262207,0.9269495194165556,0.8719085069820397,14.669923168415703,14.680079883207664,20.95678525084794,1.6450715234339768,1.5538074270059816,1.080335259437561,1.166881799697876,0.0407959002890171,onnx:artifacts/gtcrn_dns3_simple.onnx,combat_real/0053,combat_real,1320,19.73,0,True,1.7745552000124007,0.4436388000031002
1.633023738861084,2.2344555854797363,0.8733703733147878,0.7197663398516372,10.545101190801828,10.696361664405432,7.59179681437286,True,1.178486466407776,1.4284751415252686,0.7384659082213865,0.5938947451574673,3.5979946832028533,3.417615209361144,2.396890412925002,7.278746455044287,6.947106507598973,0.4545372724533081,0.8059804439544678,0.1349044650934013,onnx:artifacts/gtcrn_dns3_simple.onnx,combat_real/0054,combat_real,4077,3.86,0,False,7.523058300022967,1.8807645750057416
2.713679313659668,3.2643485069274902,0.9643238885810322,0.8943862359528508,18.981818725516813,18.946453468540938,15.8308451297342,True,1.704443097114563,2.3530113697052,0.9403030864336318,0.8291505528489413,15.615026680981025,15.622064061141623,14.994676213757128,3.3243894073993125,3.3667920445357904,1.009236216545105,0.91133713722229,0.0240208021474004,onnx:artifacts/gtcrn_dns3_simple.onnx,combat_real/0055,combat_real,8455,16.99,0,False,3.238943299977109,0.8097358249942772
2.484046936035156,3.3068301677703857,0.9675375213102948,0.87151880246806,14.919439461899817,15.023911394711124,10.91827579488362,True,2.194248914718628,3.0069069862365723,0.9660411008159354,0.8566755641443212,14.026380557186044,14.021771757552786,10.197352567467505,1.0021396371583382,0.8930589047137723,0.2897980213165283,0.2999231815338135,0.0014964204943592,onnx:artifacts/gtcrn_dns3_simple.onnx,combat_real/0056,combat_real,1188,14.02,0,False,5.535645600000862,1.3839114000002155
1.514641046524048,1.7147855758666992,0.851326399720457,0.7357404311259804,8.140951286715485,8.698157601927493,8.892075494412747,True,1.1080670356750488,1.6108932495117188,0.8277638036719227,0.6146831315776856,3.300923066627183,3.2475520210677344,5.660871274235772,5.450605580859758,4.840028220088302,0.406574010848999,0.1038923263549804,0.0235625960485342,onnx:artifacts/gtcrn_dns3_simple.onnx,combat_real/0057,combat_real,121,9.42,0,True,2.0875874999910597,0.5218968749977648
1.5016579627990725,2.190155029296875,0.8537880046115035,0.7290760296374865,10.960947552049948,11.24445767380676,10.624177537044275,True,1.1424471139907837,1.5312035083770752,0.7506661138567458,0.6103521825877832,5.050172838161053,4.723044863134696,7.636799131927157,6.521412810672063,5.910774713888895,0.3592108488082886,0.6589515209197998,0.1031218907547577,onnx:artifacts/gtcrn_dns3_simple.onnx,combat_real/0058,combat_real,1995,13.53,0,True,7.679919799964409,1.9199799499911023
2.130943298339844,2.8473711013793945,0.8818862609078288,0.7565500663044329,6.951551904050371,7.15544825100308,4.791915240760764,True,1.4793707132339478,2.104558229446411,0.8498586957228627,0.7093269180214706,-0.015978962302827,-0.0140078011341024,-1.560848805374747,7.169456052137183,6.967530866353198,0.651572585105896,0.7428128719329834,0.0320275651849661,onnx:artifacts/gtcrn_dns3_simple.onnx,combat_real/0059,combat_real,1995,17.71,0,True,1.7362554999999702,0.4340638749999925
1.6759047508239746,2.169731855392456,0.8057263088334534,0.6689632101011613,8.753545396792669,9.289907496531551,6.808218856845642,True,1.0726633071899414,1.287856101989746,0.67786105839765,0.4938995759828065,4.664173968593076,4.657106832893599,1.837105925640688,4.632800663637954,4.089371428199593,0.6032414436340332,0.88187575340271,0.1278652504358034,onnx:artifacts/gtcrn_dns3_simple.onnx,combat_real/0060,combat_real,4992,11.36,0,True,7.386727700009942,1.8466819250024853
1.093745470046997,1.3072251081466677,0.5182427393768565,0.3351393743085452,-0.513539861974959,2.75305810826387,1.600485152923003,True,1.0339049100875854,1.1537703275680542,0.4849315333710156,0.271382055331044,-5.683244263956092,-5.478069045223606,-6.127329350333252,8.231127153487476,5.169704401981133,0.0598405599594116,0.1534547805786132,0.0333112060058408,onnx:artifacts/gtcrn_dns3_simple.onnx,combat_real/0061,combat_real,3575,2.37,0,True,4.813362299988512,1.203340574997128
1.189669489860535,1.66038978099823,0.7783932147920853,0.5343779394654798,6.827468410391729,7.631084971983322,2.942753587163294,True,1.033148169517517,1.22710382938385,0.7330543781855295,0.4264824384101532,0.3891152634647076,0.3527624975681248,-3.3473506818100938,7.278322474415197,6.438353146927022,0.1565213203430175,0.4332859516143799,0.0453388366065558,onnx:artifacts/gtcrn_dns3_simple.onnx,combat_real/0062,combat_real,4992,5.11,0,True,7.247809599968605,1.8119523999921512
1.2339026927947998,1.738921284675598,0.7286219066233033,0.523923344068219,4.325510087478639,5.648681988618557,3.4054566619709186,True,1.0429619550704956,1.2236239910125732,0.6307539721235552,0.3343308815144177,-5.572665316278462,-5.650153213644698,-5.38932261491091,11.298835202263255,9.8981754037571,0.1909407377243042,0.5152972936630249,0.097867934499748,onnx:artifacts/gtcrn_dns3_simple.onnx,combat_real/0063,combat_real,5683,3.97,0,True,2.717528000008315,0.6793820000020787
1.5644327402114868,1.9304896593093872,0.8272141139814769,0.6972398734762739,14.727697151517797,14.745981142806206,13.118114555638735,True,1.0787633657455444,1.2263035774230957,0.7604119724938474,0.6124910935055033,9.510539199064876,9.5300513689997,9.208151257049684,5.215929773806508,5.217157952452919,0.4856693744659424,0.7041860818862915,0.0668021414876295,onnx:artifacts/gtcrn_dns3_simple.onnx,combat_real/0064,combat_real,8555,9.92,0,False,1.881366599991452,0.470341649997863
1.189758062362671,1.8491383790969849,0.8048712461464923,0.5277512254154815,6.626906823889277,6.54094550714418,3.218345556605233,True,1.1102133989334106,1.6005713939666748,0.7539044274165455,0.4593431989797571,1.2509176017807313,0.6568590218788224,-2.587568045795052,5.884086485265358,5.3759892221085455,0.0795446634292602,0.24856698513031,0.0509668187299467,onnx:artifacts/gtcrn_dns3_simple.onnx,combat_real/0065,combat_real,5105,6.55,0,True,6.650383999978658,1.6625959999946645
1.678050518035889,2.6797966957092285,0.9047035481096822,0.7752257774004927,-0.386944967856398,0.3885303323674735,2.992292127917789,True,1.238497018814087,1.9400427341461184,0.8669377271755545,0.6971354952981591,-7.188276260606159,-7.254597575978316,-5.3636538756913765,7.643127908345789,6.801331292749761,0.4395534992218017,0.7397539615631104,0.0377658209341277,onnx:artifacts/gtcrn_dns3_simple.onnx,combat_real/0066,combat_real,3575,2.28,0,True,2.5456683000084013,0.6364170750021003
1.3081369400024414,1.9889768362045288,0.681316764862917,0.3824976245241426,4.277184882065773,5.351544583206708,3.521937269779833,True,1.0332891941070557,1.3459534645080566,0.4723355401551301,0.2476635725317311,-4.629523609261758,-4.470319960862621,-5.588473062339025,9.82186454406933,8.906708491327532,0.2748477458953857,0.6430233716964722,0.2089812247077869,onnx:artifacts/gtcrn_dns3_simple.onnx,combat_real/0067,combat_real,5105,0.04,0,True,3.9984283999656327,0.9996070999914082
1.2489107847213743,1.8426055908203125,0.7653142434469251,0.5506705230364396,2.39498483644926,4.229090048188771,3.005185642404302,True,1.064476490020752,1.2429282665252686,0.5869530658595841,0.3646882763779796,-8.183166784624502,-8.609150199952184,-2.0840841801796763,12.838240248140956,10.57815162107376,0.1844342947006225,0.599677324295044,0.178361177587341,onnx:artifacts/gtcrn_dns3_simple.onnx,combat_real/0068,combat_real,2300,6.46,0,True,1.910329399979673,0.4775823499949183
1.2273391485214231,1.718000054359436,0.672204903002214,0.5001766169535956,7.515733142212293,8.160542609615396,6.361643758698488,True,1.0275287628173828,1.221907615661621,0.5680178298165447,0.379081089535866,-1.6893522100232348,-1.6621685907306685,-3.1043808274344777,9.822711200346063,9.205085352235528,0.1998103857040405,0.4960924386978149,0.1041870731856693,onnx:artifacts/gtcrn_dns3_simple.onnx,combat_real/0069,combat_real,1188,4.24,0,True,2.7404469999601133,0.6851117499900283
1.2019686698913574,1.556015968322754,0.7298871489257205,0.5731771076804888,4.678670044531384,5.824669711313806,3.544300764417851,True,1.060559630393982,1.4226287603378296,0.5607320240309311,0.4479799234624317,-1.1041119194492444,-1.2158952258372384,-1.67965730791064,7.040564937151045,5.782781963980629,0.1414090394973755,0.1333872079849243,0.1691551248947893,onnx:artifacts/gtcrn_dns3_simple.onnx,combat_real/0070,combat_real,1580,3.68,0,True,2.0887543000280857,0.5221885750070214
1.3411120176315308,1.96146559715271,0.7919697804920312,0.535735012978882,7.631186900694535,8.245619301256147,5.769799767591093,True,1.0933319330215454,1.4571583271026611,0.6878702035560806,0.4163543518470894,3.42819672684227,3.4011493872248715,0.0377578407441899,4.844469914031276,4.202990173852266,0.2477800846099853,0.5043072700500488,0.1040995769359505,onnx:artifacts/gtcrn_dns3_simple.onnx,combat_real/0071,combat_real,61,3.4,0,False,2.507242599967867,0.6268106499919668
1.5614681243896484,2.1658623218536377,0.8037631137639697,0.6577808043009071,4.427563037860901,5.401869748936607,4.222529917810909,True,1.3145012855529783,1.931824803352356,0.7191783942105822,0.5994078613085236,3.339603824213284,3.895416251476633,2.1570594244282657,1.5064534974599737,1.087959213647617,0.2469668388366699,0.2340375185012817,0.0845847195533875,onnx:artifacts/gtcrn_dns3_simple.onnx,combat_real/0072,combat_real,5105,11.75,0,True,3.7668148000375368,0.9417037000093842
2.0311317443847656,2.6284310817718506,0.9061131992625888,0.8325968808037413,13.6396307182481,13.801518727648077,11.571724364401833,True,1.1482268571853638,1.610485553741455,0.8544651866102106,0.750651898822037,-0.1988037961812715,-0.1974806277204283,-0.4259916830506472,13.998999355368506,13.838434514429371,0.8829048871994019,1.0179455280303955,0.0516480126523782,onnx:artifacts/gtcrn_dns3_simple.onnx,combat_real/0073,combat_real,5639,0.13,0,False,5.590822899946943,1.3977057249867355
1.669447660446167,2.0763049125671387,0.8235962569698982,0.6766273392311453,9.81846657955828,10.105560335621169,9.363875941033456,True,1.1369202136993408,1.3498375415802002,0.6607749751361099,0.5705294134189295,2.428622552217018,2.393768525074609,6.031750493100685,7.711791810546558,7.389844027341262,0.5325274467468262,0.7264673709869385,0.1628212818337883,onnx:artifacts/gtcrn_dns3_simple.onnx,combat_real/0074,combat_real,672,2.43,0,False,7.887249100022018,1.9718122750055045
1.7014000415802002,2.3973147869110107,0.9336808056793576,0.8669222101346723,10.684296101386018,10.980485457767893,10.824238072562286,True,1.2185298204421997,1.547800064086914,0.9462041081701588,0.8020430909455101,10.516810375169916,10.50458512766516,6.564356938158289,0.4759003301027302,0.1674857262161015,0.4828702211380005,0.8495147228240967,-0.012523302490801,onnx:artifacts/gtcrn_dns3_simple.onnx,combat_real/0075,combat_real,6829,10.77,0,False,2.616072200005874,0.6540180500014685
1.585808038711548,2.543322324752808,0.8624395999444934,0.6805065731641255,11.534384185962631,11.828412750769225,8.598756075108163,True,1.1905477046966553,1.7546100616455078,0.7668530807033641,0.5961292348313165,3.8816673582720873,3.8590514799561215,5.249739699441676,7.969361270813103,7.652716827690543,0.3952603340148926,0.7887122631072998,0.0955865192411292,onnx:artifacts/gtcrn_dns3_simple.onnx,combat_real/0076,combat_real,1089,4.09,0,False,2.018683800008148,0.504670950002037
1.553410291671753,2.0682764053344727,0.7428781562717753,0.5854177575734736,8.021629390127723,7.738865237578699,4.108093728255223,True,1.127328872680664,1.3904290199279783,0.6260676895237022,0.5019944901434349,2.946562788153881,1.730079860372005,-1.161477123828232,6.008785377206694,5.075066601973842,0.4260814189910888,0.6778473854064941,0.1168104667480731,onnx:artifacts/gtcrn_dns3_simple.onnx,combat_real/0077,combat_real,1089,9.81,0,True,3.6044621000182815,0.9011155250045704
1.1152056455612185,1.4287395477294922,0.7242665794419302,0.5193372692070221,2.574989471879841,4.403328831176942,3.691251875717218,True,1.0795209407806396,1.308894157409668,0.6447935356070701,0.4788560741380487,-1.3272788030480505,-1.2977022456576286,-0.5061242484708907,5.70103107683457,3.9022682749278914,0.0356847047805786,0.1198453903198242,0.07947304383486,onnx:artifacts/gtcrn_dns3_simple.onnx,combat_real/0078,combat_real,6930,1.54,0,True,5.555695899995044,1.388923974998761
1.1776198148727417,1.4478375911712646,0.6539732503626592,0.4963933719133914,-0.0686740509928712,2.910572049425371,2.235140160618013,True,1.051877737045288,1.2849332094192505,0.5894839833277746,0.4261954964077767,-9.00659153308158,-8.919738826388052,-4.782269240278859,11.830310875813424,8.937917482088707,0.1257420778274536,0.1629043817520141,0.0644892670348845,onnx:artifacts/gtcrn_dns3_simple.onnx,combat_real/0079,combat_real,8463,4.13,0,True,2.793522399966605,0.6983805999916513
1.7422525882720947,2.541865110397339,0.81969886591075,0.5983020177011935,12.517941542041193,12.700101743896829,7.814669764974658,True,1.2226780652999878,1.6671545505523682,0.7207638952709479,0.4995544679240179,6.150786787705819,6.271561113551153,2.3285767393158543,6.428540630345674,6.367154754335374,0.5195745229721069,0.8747105598449707,0.0989349706398021,onnx:artifacts/gtcrn_dns3_simple.onnx,combat_real/0080,combat_real,908,12.51,0,True,2.218504499993287,0.5546261249983218
1.2223726511001587,1.5771026611328125,0.786633103960867,0.5657665500252235,6.953068642992135,7.605107441138311,4.869720965221886,True,1.0586705207824707,1.2222782373428345,0.7292458999495385,0.4254750163942778,1.480616262193051,1.487914633901775,-0.5610906550725031,6.1171928072365365,5.472452380799084,0.163702130317688,0.354824423789978,0.0573872040113285,onnx:artifacts/gtcrn_dns3_simple.onnx,combat_real/0081,combat_real,7021,2.38,0,False,7.709721500054002,1.9274303750135005
1.6313047409057615,2.32827091217041,0.8829387210315608,0.7176863093602407,5.405072167656923,6.393985239935295,4.377517589168893,True,1.2650755643844604,1.6705951690673828,0.8213894243919682,0.598947402931695,4.231547388910107,4.750591203545486,1.6726032671561428,1.6433940363898083,1.173524778746816,0.3662291765213012,0.6576757431030273,0.0615492966395926,onnx:artifacts/gtcrn_dns3_simple.onnx,combat_real/0082,combat_real,121,17.28,0,True,7.593892200035043,1.8984730500087608
1.964809536933899,2.821020126342773,0.9172049293731726,0.8204237873784195,12.307983420608489,12.536000551953304,8.800798577465098,True,1.422762393951416,2.073073625564575,0.865047650494258,0.7203429842647547,9.947819855216334,9.921313419368843,6.068507305688985,2.614687132584459,2.3601635653921527,0.5420471429824829,0.7479465007781982,0.0521572788789145,onnx:artifacts/gtcrn_dns3_simple.onnx,combat_real/0083,combat_real,908,17.95,0,True,2.9125879999483004,0.7281469999870751
2.230966091156006,2.7988040447235107,0.9449533331739636,0.8668707636086649,15.667996286381262,15.744942922956778,12.384629850553305,True,1.3757411241531372,1.7874925136566162,0.875712920682804,0.8077194601315121,12.087456828205266,12.077203957348171,9.045711861717422,3.667738965608605,3.5805394581759966,0.8552249670028687,1.0113115310668943,0.0692404124911596,onnx:artifacts/gtcrn_dns3_simple.onnx,combat_real/0084,combat_real,1284,15.77,0,True,3.8820508000208074,0.9705127000052016
1.7206969261169434,2.399752378463745,0.8788404888460799,0.7245096547565812,4.277706586499968,5.2006958546346125,3.6570962334728656,True,1.2795732021331787,1.8683850765228271,0.8173434359860401,0.6077940575146069,0.9079783863224586,0.6799737172187397,-1.60174943107105,4.520722137415873,3.369728200177509,0.4411237239837646,0.531367301940918,0.0614970528600398,onnx:artifacts/gtcrn_dns3_simple.onnx,combat_real/0085,combat_real,4992,14.17,0,True,2.122471000009682,0.5306177500024205
1.180765151977539,1.4784440994262695,0.6698616074470077,0.3318451669694351,5.4982621989194245,6.493291131152566,2.102639547722428,True,1.0304359197616575,1.2691398859024048,0.5688065447310696,0.2918154404847486,-4.054632923818287,-4.0157363260844985,-4.740996086731878,10.509027457237064,9.552895122737713,0.1503292322158813,0.2093042135238647,0.1010550627159381,onnx:artifacts/gtcrn_dns3_simple.onnx,combat_real/0086,combat_real,237,4.6,0,True,3.2444231000263244,0.8111057750065811
2.241011619567871,2.745816230773926,0.9387213564707612,0.8782856526464929,17.251629466524935,17.273297889789006,14.834534540630097,True,1.09894859790802,1.224298357963562,0.8270511356894841,0.743408802617688,7.5245643417029076,7.542521846206045,10.225784784160876,9.730776043582962,9.727065124822028,1.142063021659851,1.5215178728103638,0.1116702207812772,onnx:artifacts/gtcrn_dns3_simple.onnx,combat_real/0087,combat_real,4992,7.83,0,False,4.624859099974856,1.156214774993714
1.8037694692611692,2.337557315826416,0.903800885954858,0.8284945169355379,14.61901410740976,14.686521111415765,12.798556879789343,True,1.3309762477874756,1.7157007455825806,0.8781760356242271,0.7947350938789847,11.58734097102718,11.59922545609986,9.380394531391882,3.087295655315904,3.0316731363825813,0.4727932214736938,0.6218565702438354,0.0256248503306307,onnx:artifacts/gtcrn_dns3_simple.onnx,combat_real/0088,combat_real,3575,12.01,0,False,2.4383559999987483,0.6095889999996871
2.118870973587036,3.042459487915039,0.9658217341414592,0.930887990372844,4.371355252453762,5.676495420284794,18.22134820883353,True,2.742698431015014,2.899553775787353,0.9931655839190008,0.9766329038540336,17.74802991486122,17.75473648372452,27.401266816171805,-12.078241063439728,-13.376674662407458,-0.6238274574279785,0.1429057121276855,-0.0273438497775415,onnx:artifacts/gtcrn_dns3_simple.onnx,combat_real/0089,combat_real,6930,17.75,0,False,3.525926199974492,0.881481549993623
1.5058131217956543,2.109367609024048,0.8281623303502251,0.6787225026825427,11.806870796619233,12.01129916300124,7.061339257793391,True,1.0897040367126465,1.4859848022460938,0.7830843397891943,0.5872190008416854,6.062271362090988,6.029463862110046,0.5116424771673629,5.981835300891194,5.7445994345282445,0.4161090850830078,0.6233828067779541,0.0450779905610307,onnx:artifacts/gtcrn_dns3_simple.onnx,combat_real/0090,combat_real,1089,6.55,0,False,7.651247799978591,1.912811949994648
1.096835017204285,1.315802812576294,0.6130064211441595,0.3157882725277894,2.500752995234996,6.0860101326572815,6.435095001485285,True,1.056448459625244,1.2421520948410034,0.5493454719944801,0.2414125681211369,-3.227942075483906,-0.72418936165565,-1.053849594055152,6.810199494312932,5.728695070718902,0.0403865575790405,0.0736507177352905,0.0636609491496793,onnx:artifacts/gtcrn_dns3_simple.onnx,combat_real/0091,combat_real,4077,11.3,0,True,2.7512415000237525,0.6878103750059381
2.432276964187622,2.924684762954712,0.8467359638746386,0.8278735450474279,18.68512447567512,18.5338266704576,12.952422570727377,True,1.811504364013672,2.7239840030670166,0.9052790188074156,0.838802197556466,18.19334255393903,18.19523552237205,15.14063065837683,0.3385911480855448,0.4917819217360879,0.6207726001739502,0.2007007598876953,-0.0585430549327768,onnx:artifacts/gtcrn_dns3_simple.onnx,combat_real/0092,combat_real,1188,18.2,0,False,2.661775399988983,0.6654438499972457
2.305922269821167,2.8644161224365234,0.9067634370916688,0.7990886048130696,13.502489327999822,13.470762388009629,9.992293699138534,True,1.3409610986709597,2.342026948928833,0.8617616017699654,0.7064571479265342,9.658769960841283,9.619424142935497,7.513950541004767,3.851338245074132,3.843719367158537,0.9649611711502076,0.5223891735076904,0.0450018353217033,onnx:artifacts/gtcrn_dns3_simple.onnx,combat_real/0093,combat_real,3729,13.64,0,True,2.937218400009442,0.7343046000023605
2.5276646614074707,3.1019420623779297,0.9007682786804184,0.7858544101692447,15.866024019918584,15.595546703951616,11.898783397450115,True,1.914103388786316,2.7180309295654297,0.8291791583165271,0.7483354286917075,15.60852049735482,15.619250252478745,13.13920281372407,-0.0237035485271288,0.2575035225637645,0.6135612726211548,0.3839111328125,0.0715891203638914,onnx:artifacts/gtcrn_dns3_simple.onnx,combat_real/0094,combat_real,7127,15.67,0,False,2.10160240001278,0.525400600003195
1.1728841066360474,1.5915635824203491,0.7572657782257456,0.5888526158918893,5.1219623266364325,6.198258755614347,4.68701926536992,True,1.0363800525665283,1.2064744234085083,0.6337280467115906,0.3625956035246617,-2.936830958302467,-2.9853404083961004,-3.2249361221560444,9.183599164010449,8.0587932849389,0.136504054069519,0.3850891590118408,0.123537731514155,onnx:artifacts/gtcrn_dns3_simple.onnx,combat_real/0095,combat_real,121,4.75,0,True,5.8676970999804325,1.466924274995108
2.3525993824005127,3.2414391040802,0.9309231939620014,0.8539732850386227,12.037572653925766,12.228993504417234,10.844184645717084,True,1.7534830570220947,2.688302755355835,0.9042946731293146,0.8034780775092266,10.571373002903927,10.61207925494567,11.061117515190164,1.6169142494715647,1.466199651021837,0.599116325378418,0.5531363487243652,0.0266285208326868,onnx:artifacts/gtcrn_dns3_simple.onnx,combat_real/0096,combat_real,1221,18.1,0,True,2.454678000009153,0.6136695000022883
2.2462847232818604,2.7920081615448,0.9610460385882572,0.8808666513868904,13.545222544853257,13.628265832518506,10.463720602235124,True,1.663297176361084,2.2142653465271,0.9448437702086956,0.8139294600767232,11.831887887874847,11.863346395340916,8.874918919507625,1.7649194371775891,1.7133346569784074,0.5829875469207764,0.5777428150177002,0.0162022683795617,onnx:artifacts/gtcrn_dns3_simple.onnx,combat_real/0097,combat_real,1320,12.03,0,False,2.4426340000354685,0.6106585000088671
1.5821747779846191,2.2417898178100586,0.8141530915198272,0.5615602295823167,8.533835610935762,9.064254255036182,4.80208902187107,True,1.2417858839035034,1.8035202026367188,0.6934317748080635,0.458729929893308,4.781557758915586,4.848703364561092,0.6130324644232746,4.2155508904750905,3.752277852020177,0.3403888940811157,0.4382696151733398,0.1207213167117636,onnx:artifacts/gtcrn_dns3_simple.onnx,combat_real/0098,combat_real,908,14.08,0,True,3.954044300015085,0.9885110750037712
1.6605384349822998,2.2566959857940674,0.912762702818982,0.7833050037606649,10.30023195378158,10.559823685900518,9.051172114236865,True,1.21191143989563,1.486333250999451,0.8178229877567225,0.6571797416323533,6.169069841172561,6.133727545452827,5.959926453726916,4.426096140447691,4.131162112609019,0.4486269950866699,0.7703627347946167,0.0949397150622595,onnx:artifacts/gtcrn_dns3_simple.onnx,combat_real/0099,combat_real,4446,6.98,0,False,5.07716139999684,1.26929034999921
1.564060926437378,2.2016780376434326,0.8053823266579625,0.6282830887451352,10.579182403104108,10.940672557618406,7.511127220219934,True,1.1353518962860107,1.5098915100097656,0.6607186515155515,0.4638132594416875,6.56227679482752,6.544134470374109,1.971062380153352,4.396538087244297,4.016905608276588,0.4287090301513672,0.691786527633667,0.1446636751424109,onnx:artifacts/gtcrn_dns3_simple.onnx,combat_real/0100,combat_real,4507,14.92,0,True,4.610468900005799,1.1526172250014497
1.335606813430786,1.7697525024414062,0.8267109459449057,0.6172855627169807,9.633903798362418,9.991726988123844,6.0808323682069405,True,1.0775377750396729,1.4200539588928225,0.8015643605489885,0.557888359649246,6.086607980794556,6.107682910917251,1.010843723688369,3.8840440772065934,3.5472958175678624,0.2580690383911133,0.349698543548584,0.0251465853959171,onnx:artifacts/gtcrn_dns3_simple.onnx,combat_real/0101,combat_real,5142,10.11,0,True,2.4411387000000104,0.6102846750000026
1.294082522392273,2.39959454536438,0.8088193160261009,0.6545450562280121,6.072511391420248,6.893799639521649,2.992117445084482,True,1.1953125,2.0170934200286865,0.7765266878503524,0.6207866886810521,4.13656993720334,4.160920235137626,-0.3818396133321943,2.732879404384024,1.935941454216908,0.0987700223922729,0.3825011253356933,0.0322926281757485,onnx:artifacts/gtcrn_dns3_simple.onnx,combat_real/0102,combat_real,6930,17.89,0,True,5.480391099990811,1.3700977749977028
1.839035987854004,2.4394540786743164,0.9282963795489988,0.8112783397444484,10.791692717297328,10.951715234349116,7.912752831177617,True,1.315250277519226,1.8216547966003416,0.889689666651,0.6452882359365552,4.955384335916241,4.982404168225654,0.4994354481391114,5.969311066123463,5.836308381381086,0.5237857103347778,0.6177992820739746,0.0386067128979986,onnx:artifacts/gtcrn_dns3_simple.onnx,combat_real/0103,combat_real,7127,4.98,0,False,6.008313900034409,1.5020784750086025
1.836345076560974,2.379023790359497,0.7983249412808012,0.6093105739264368,10.39664179491609,10.729220982962442,6.320054577990612,True,1.1386083364486694,1.2539381980895996,0.6318988630248903,0.5481952047534063,3.189585809638765,3.159812168569156,1.0807320434895336,7.569408814393286,7.207055985277324,0.6977367401123047,1.1250855922698977,0.1664260782559109,onnx:artifacts/gtcrn_dns3_simple.onnx,combat_real/0104,combat_real,908,10.97,0,True,4.065934799960814,1.0164836999902036
1.6454715728759766,2.200510025024414,0.8003594588294405,0.6670686185354375,7.0721959489603385,7.762510694219735,4.559421062088847,True,1.1850090026855469,1.3859798908233645,0.7681307029856087,0.6075082751772846,2.6024117833195657,2.389288733590407,1.882558347720081,5.373221960629328,4.469784165640773,0.4604625701904297,0.8145301342010498,0.0322287558438317,onnx:artifacts/gtcrn_dns3_simple.onnx,combat_real/0105,combat_real,672,6.95,0,True,5.091476499976125,1.2728691249940312
3.58940863609314,3.790082454681397,0.9515186834376104,0.9064399621360896,20.25448567737536,20.000838843856755,17.704645229326403,True,3.497519493103028,3.6053218841552734,0.9375335333490328,0.9035632319269746,15.924037707305123,15.93051621478826,15.358068115831776,4.070322629068496,4.330447970070237,0.0918891429901123,0.184760570526123,0.0139851500885774,onnx:artifacts/gtcrn_dns3_simple.onnx,combat_real/0106,combat_real,7127,15.96,0,False,1.8623970999615267,0.4655992749903817
1.4306097030639648,1.8493072986602783,0.8471308221093956,0.6144541934945077,9.936098240561703,10.300909234446308,7.35990761812042,True,1.1015560626983645,1.3177237510681152,0.7983862221413143,0.5338411989306113,2.111736877470859,2.0959923358281527,2.0716640964880764,8.204916898618155,7.824361363090844,0.3290536403656006,0.5315835475921631,0.0487445999680813,onnx:artifacts/gtcrn_dns3_simple.onnx,combat_real/0107,combat_real,4970,3.0,0,False,1.7730577999609525,0.443264449990238
1.3654108047485352,1.88824725151062,0.8166093502126774,0.6686488989600838,8.197351929719837,8.808602970703523,5.91507343959526,True,1.0672528743743896,1.4591224193572998,0.7009753027911445,0.479708092544457,3.953209064246528,3.7977737635125006,0.0474474919885187,5.010829207191023,4.244142865473308,0.2981579303741455,0.4291248321533203,0.1156340474215329,onnx:artifacts/gtcrn_dns3_simple.onnx,combat_real/0108,combat_real,8230,12.21,0,True,2.900161199970171,0.7250402999925427
2.007746458053589,2.663677930831909,0.9378468531563944,0.8714233649945163,15.969449941792403,16.06592476280251,13.003684005275291,True,1.2861316204071045,1.7027580738067627,0.8827998058771271,0.7590808399316761,9.009065020540469,9.0135207746096,7.479414527759568,7.052403988192911,6.960384921251936,0.7216148376464844,0.9609198570251464,0.0550470472792672,onnx:artifacts/gtcrn_dns3_simple.onnx,combat_real/0109,combat_real,121,16.1,0,True,2.6561173999798484,0.6640293499949621
1.2095332145690918,1.676763653755188,0.8081807318384623,0.659979891471308,6.716397160043273,7.4875975375195,5.898439768322232,True,1.0810362100601196,1.355077862739563,0.7288995852049202,0.5635424945169578,2.66152738788704,2.728804417179074,0.108503810292278,4.758793120340426,4.054869772156232,0.1284970045089721,0.321685791015625,0.0792811466335421,onnx:artifacts/gtcrn_dns3_simple.onnx,combat_real/0110,combat_real,1221,2.73,0,False,2.7882868999731727,0.6970717249932932
1.4108866453170776,1.9643583297729488,0.8171817905941073,0.6353826671098549,9.88724757689813,10.176207237189352,5.477222529109973,True,1.0954227447509766,1.5447025299072266,0.7780516161969517,0.5126066221347712,4.908209065974655,4.893346044807466,-0.2874519423119833,5.282861192381886,4.979038510923474,0.3154639005661011,0.4196557998657226,0.0391301743971556,onnx:artifacts/gtcrn_dns3_simple.onnx,combat_real/0111,combat_real,1580,5.36,0,False,2.026386799989268,0.506596699997317
1.5238070487976074,2.0664708614349365,0.8388804182554228,0.6831218887700755,11.740319730841724,11.632610245518888,7.499360714347697,True,1.293330430984497,1.8134381771087649,0.8560161093458764,0.6179385709706776,11.31404580220858,11.376068319967082,5.368747021659156,0.2565419255518044,0.4262739286331438,0.2304766178131103,0.2530326843261719,-0.0171356910904535,onnx:artifacts/gtcrn_dns3_simple.onnx,combat_real/0112,combat_real,4077,11.38,0,False,1.7715685999719426,0.4428921499929856
2.642708778381348,3.285370111465454,0.9754218367461992,0.9209315575119108,18.500095317541287,18.439409075136687,15.537845238957669,True,2.1622860431671143,2.6120028495788574,0.9728560034176744,0.9084497476159342,19.0435123651636,18.951352545825195,15.980239755208965,-0.5119434706885073,-0.543417047622313,0.4804227352142334,0.6733672618865967,0.0025658333285247,onnx:artifacts/gtcrn_dns3_simple.onnx,combat_real/0113,combat_real,4446,19.22,0,False,3.058285099978093,0.7645712749945233
1.1339935064315796,1.4123939275741575,0.6639879869976161,0.3873279544498578,2.15035146258427,4.209168665402933,2.742283920891011,True,1.0442421436309814,1.2766339778900146,0.5571815630284968,0.3312151256226086,-2.1374128061770308,-2.006060419326396,-3.2412092479446897,6.215229084729328,4.2877642687613005,0.0897513628005981,0.135759949684143,0.1068064239691193,onnx:artifacts/gtcrn_dns3_simple.onnx,combat_real/0114,combat_real,4077,7.94,0,True,2.238747700001113,0.5596869250002783
1.3841147422790527,1.806748390197754,0.7518789644443356,0.5687688624458057,5.436677591754321,6.409039493970052,5.134672433034177,True,1.0629419088363647,1.31349515914917,0.6778260233106206,0.4289511217503133,3.3760270383995303,3.2924751052417767,1.093140790597522,3.116564388728276,2.0606505533547903,0.321172833442688,0.493253231048584,0.0740529411337149,onnx:artifacts/gtcrn_dns3_simple.onnx,combat_real/0115,combat_real,61,11.95,0,True,2.438261699979193,0.6095654249947984
2.313797235488892,2.9291746616363525,0.9332205071639456,0.8027558618803978,13.492851429691097,13.677686859307506,10.531813311728124,True,1.5785306692123413,2.0137722492218018,0.8863683002852836,0.7458123387167505,11.426760786583907,11.291157270126948,8.000783776140254,2.386529589180558,2.066090643107188,0.7352665662765503,0.9154024124145508,0.0468522068786619,onnx:artifacts/gtcrn_dns3_simple.onnx,combat_real/0116,combat_real,1284,13.75,0,True,2.182829099998344,0.5457072749995859
1.654984474182129,2.148876428604126,0.8376685585090166,0.6645628937520418,11.66130225855757,11.895353826193611,8.416246902495324,True,1.0798392295837402,1.3875830173492432,0.8019136036631908,0.5100952885486633,3.528595585609759,3.489730346801996,-0.1193517596251268,8.405623479391618,8.13270667294781,0.5751452445983887,0.7612934112548828,0.0357549548458258,onnx:artifacts/gtcrn_dns3_simple.onnx,combat_real/0117,combat_real,7021,5.21,0,False,2.032639399985783,0.5081598499964457
2.181256055831909,2.7677271366119385,0.9339444153218632,0.869191488598409,19.172750137213185,19.04634521225718,15.389072538498205,True,1.3593955039978027,1.8328795433044436,0.9207189505057016,0.8366927018314544,16.76540599777026,16.77573924865381,12.637441185018831,2.2706059636033693,2.4073441394429267,0.8218605518341064,0.9348475933074952,0.0132254648161616,onnx:artifacts/gtcrn_dns3_simple.onnx,combat_real/0118,combat_real,1320,16.87,0,False,1.862562700000126,0.4656406750000315
1.0511977672576904,1.1439499855041504,0.5044725252373249,0.3269387780850041,-6.258097814186057,-5.938981836051523,-4.937156147798847,True,1.0434635877609253,1.09376323223114,0.3613813424468946,0.3392577279719098,-7.4228751458359135,-10.916622863259974,-6.616842115633984,4.977641027208451,1.1647773316498569,0.0077341794967651,0.0501867532730102,0.1430911827904302,onnx:artifacts/gtcrn_dns3_simple.onnx,combat_real/0119,combat_real,6930,7.62,0,True,1.8468529999954624,0.4617132499988656
1.685572624206543,2.2124154567718506,0.7946454212996079,0.63450184401954,11.147678627966153,11.46857475901716,11.819280269922224,True,1.173906326293945,1.8050144910812376,0.7612270662191832,0.5967023206254634,1.8435409919470145,1.815553947404346,8.245300280538192,9.653020811612812,9.30413763601914,0.5116662979125977,0.4074009656906128,0.0334183550804246,onnx:artifacts/gtcrn_dns3_simple.onnx,combat_real/0120,combat_real,1580,2.5,0,False,2.8042605000082403,0.7010651250020601
2.1523396968841557,3.126779794692993,0.9264898687733736,0.8157633369349857,13.939091692897396,14.006402028841622,8.886056996054121,True,1.4449371099472046,2.1749367713928223,0.8806459397687386,0.7181483806159418,8.713703516839473,8.715321947503465,3.937761601172504,5.291080081338157,5.225388176057923,0.7074025869369507,0.9518430233001708,0.045843929004635,onnx:artifacts/gtcrn_dns3_simple.onnx,combat_real/0121,combat_real,237,8.85,0,False,1.723357499984559,0.4308393749961396
2.305482625961304,3.130590915679932,0.961116001806262,0.9302863645792236,10.183716760502756,10.570122893883283,8.892327928933735,True,2.031339406967163,2.6560041904449463,0.98345464914001,0.9358090434778052,6.813991129249861,6.808654809995787,4.893750321479581,3.7614680838874985,3.369725631252895,0.2741432189941406,0.4745867252349853,-0.0223386473337482,onnx:artifacts/gtcrn_dns3_simple.onnx,combat_real/0122,combat_real,6829,14.9,0,True,2.7772182000335306,0.6943045500083826
1.221550464630127,1.8267388343811035,0.7353185804678252,0.506772991824673,8.866610073545377,6.792711444407344,3.3560161943778444,True,1.089841604232788,1.407778024673462,0.5787632440482052,0.4020997445931709,4.194065627377343,3.599788920807694,0.8440092086036584,3.1929225235996506,4.672544446168034,0.1317088603973388,0.4189608097076416,0.1565553364196199,onnx:artifacts/gtcrn_dns3_simple.onnx,combat_real/0123,combat_real,1320,9.9,0,True,3.071246000006795,0.7678115000016987
1.4996448755264282,2.1770522594451904,0.7807162420714618,0.5651592771415661,8.410380859181284,8.948489268102946,5.140377913215192,True,1.116299748420715,1.5306475162506104,0.720662005982492,0.4216303311712015,3.590497807273884,3.667797463553808,-0.2466560006728357,5.280691804549138,4.819883051907401,0.3833451271057129,0.6464047431945801,0.0600542360889698,onnx:artifacts/gtcrn_dns3_simple.onnx,combat_real/0124,combat_real,4077,3.97,0,False,2.6296246999991126,0.6574061749997782
1.69222891330719,2.369392156600952,0.9159069511860406,0.8198635148230894,5.25760929600008,6.360517367110364,6.645583295982814,True,1.4083102941513062,2.0409867763519287,0.9349323819300208,0.7940823854310524,7.478778703031522,7.530628205818422,4.0299996269510086,-1.170110838708058,-2.221169407031442,0.2839186191558838,0.3284053802490234,-0.0190254307439802,onnx:artifacts/gtcrn_dns3_simple.onnx,combat_real/0125,combat_real,6829,16.43,0,True,3.1678122999728657,0.7919530749932164
1.181440353393555,1.503726840019226,0.7167345949453686,0.4499766526122855,4.887801362668457,6.083196971786795,3.629383008631905,True,1.0610792636871338,1.3060176372528076,0.6876504054587295,0.3928200495790335,0.8425766797174064,0.6560182437926982,-1.2686653446953846,5.427178727994097,4.0452246829510505,0.1203610897064209,0.1977092027664184,0.0290841894866391,onnx:artifacts/gtcrn_dns3_simple.onnx,combat_real/0126,combat_real,7176,4.8,0,True,1.9189973999746144,0.4797493499936536
1.5099201202392578,1.9091167449951167,0.7930870184267275,0.6801073114272589,10.755546381856096,11.105529337127614,8.534788877450216,True,1.1447060108184814,1.5491241216659546,0.7233630790688185,0.5760051470267752,7.059891228257602,7.045252073880283,4.455847131744718,4.060277263247331,3.6956551535984943,0.3652141094207763,0.3599926233291626,0.0697239393579089,onnx:artifacts/gtcrn_dns3_simple.onnx,combat_real/0127,combat_real,672,11.86,0,True,2.261358099989593,0.5653395249973983
1.3655157089233398,1.9880969524383545,0.8459619620330623,0.7259958016576374,7.66224479258433,8.303356734986616,6.865678671918268,True,1.079218864440918,1.4183924198150637,0.7730426196163714,0.5840418469449811,1.8106079439610336,1.751918799689246,0.5997576370575619,6.55143793529737,5.851636848623296,0.2862968444824219,0.569704532623291,0.0729193424166908,onnx:artifacts/gtcrn_dns3_simple.onnx,combat_real/0128,combat_real,4992,10.8,0,True,2.425261299998965,0.6063153249997413
1.382512450218201,1.9378973245620728,0.805438776854041,0.6090956579918707,5.717978324279436,6.609661590709917,6.1590471162679234,True,1.0691313743591309,1.3686277866363523,0.7451721137322734,0.5025685236424463,-4.755135355009188,-4.59395497560132,-2.5283740968144004,11.203616566311236,10.473113679288623,0.3133810758590698,0.5692695379257202,0.0602666631217675,onnx:artifacts/gtcrn_dns3_simple.onnx,combat_real/0129,combat_real,4446,2.75,0,True,2.404512999986764,0.601128249996691
1.0818406343460083,1.2401970624923706,0.623397246715425,0.4038559572048998,2.487127977507964,3.764674049917436,3.37550212869142,True,1.1180267333984375,1.3805474042892456,0.4772172889383944,0.3047622990393258,-2.537442424977275,0.0412591572794022,-1.2907381604523709,3.7234148926380337,5.024570402485239,-0.0361860990524292,-0.140350341796875,0.1461799577770305,onnx:artifacts/gtcrn_dns3_simple.onnx,combat_real/0130,combat_real,8555,5.08,0,True,2.0751504999934696,0.5187876249983674
3.2813079357147217,3.9566049575805664,0.9817129252965242,0.932990443622067,14.94679452490248,15.059246571369243,12.54305003424461,True,2.971550941467285,3.885187387466431,0.980110539393347,0.9189506306833188,14.834946955237138,14.864786491305535,11.198704011318483,0.1944600800637079,0.1118475696653416,0.3097569942474365,0.0714175701141357,0.0016023859031771,onnx:artifacts/gtcrn_dns3_simple.onnx,combat_real/0131,combat_real,2094,14.86,0,False,2.4661684000166133,0.6165421000041533
2.5458531379699707,3.2376749515533447,0.955221589822656,0.8721455571505515,20.15755657530418,20.05426275568923,15.121084695236918,True,1.7629024982452393,2.244780778884888,0.9446797744758154,0.804987964177496,18.772137001872043,18.765286748889164,13.325315982634088,1.2889760068000662,1.385419573432138,0.7829506397247314,0.992894172668457,0.0105418153468405,onnx:artifacts/gtcrn_dns3_simple.onnx,combat_real/0132,combat_real,61,18.77,0,False,2.413446600025054,0.6033616500062635
1.27925705909729,1.9025766849517824,0.8725971062097709,0.7018638538884318,2.7140751487962707,4.57305886597538,3.945129482148531,True,1.0957506895065308,1.374868392944336,0.7624933520597875,0.5588704365494674,-0.5874543607964106,-0.3996926113599975,-0.72342443305242,4.972751477335377,3.3015295095926813,0.1835063695907592,0.5277082920074463,0.1101037541499834,onnx:artifacts/gtcrn_dns3_simple.onnx,combat_real/0133,combat_real,61,4.14,0,True,2.3331512000295334,0.5832878000073833
1.7641412019729614,2.147388458251953,0.8503661336896655,0.7264940696187484,11.75086123578524,11.871218516478606,10.027093941506076,True,1.1461191177368164,1.491686463356018,0.7943017265960495,0.6574139258434482,6.627290490799849,6.5038212698776565,4.433304797985121,5.36739724660095,5.12357074498539,0.618022084236145,0.6557019948959351,0.056064407093616,onnx:artifacts/gtcrn_dns3_simple.onnx,combat_real/0134,combat_real,3570,12.39,0,True,2.469494399963878,0.6173735999909695
1.5869807004928589,1.8798964023590088,0.903765086155998,0.8000187727004453,6.452553854743849,7.0542315655257495,9.10166409127871,True,1.824081301689148,2.269979476928711,0.913937720113531,0.8520986602066453,19.539440026026384,19.5427361088148,21.30192683467365,-12.488504543289046,-13.086886171282536,-0.237100601196289,-0.3900830745697021,-0.010172633957533,onnx:artifacts/gtcrn_dns3_simple.onnx,combat_real/0135,combat_real,6930,19.62,0,False,2.855633799976204,0.7139084499940509
1.5217630863189695,1.938342571258545,0.7842497288606627,0.6749032465485237,9.237155136828877,9.63109979019412,7.711800228533743,True,1.049924373626709,1.243085265159607,0.69657193736957,0.4934806216624544,3.04471511813017,3.0363923208301498,0.1746415124910519,6.594707469363971,6.192440018698704,0.4718387126922607,0.695257306098938,0.0876777914910926,onnx:artifacts/gtcrn_dns3_simple.onnx,combat_real/0136,combat_real,3575,7.26,0,True,2.4741032000165437,0.6185258000041358
1.641420841217041,2.492067813873291,0.8109261174894031,0.6697212639962977,11.693323410546324,11.923429780269585,8.085458957178199,True,1.232153296470642,1.7656991481781006,0.7622103914310245,0.5975383905361721,6.965723987236512,6.941119343535479,4.139157621359117,4.982310436734104,4.7275994233098135,0.4092675447463989,0.7263686656951904,0.0487157260583785,onnx:artifacts/gtcrn_dns3_simple.onnx,combat_real/0137,combat_real,8455,13.03,0,True,2.2859686000156216,0.5714921500039054
2.383142471313477,2.90824556350708,0.9323031083397332,0.8776507828244651,14.205606990755374,14.334495018642738,14.908924741930356,True,1.189983367919922,1.8692690134048464,0.915021259673532,0.7942705516467212,7.853778152330159,7.864152235867802,12.242096349020557,6.470342782774935,6.351828838425215,1.193159103393555,1.038976550102234,0.0172818486662009,onnx:artifacts/gtcrn_dns3_simple.onnx,combat_real/0138,combat_real,4992,8.52,0,False,2.2569004999822937,0.5642251249955734
2.1810078620910645,2.8402082920074463,0.8857323030348163,0.7331472521026386,12.71812328717235,12.90283902075284,8.247224685290222,True,1.385157585144043,1.9421272277832031,0.8195569324432641,0.5857072690647357,10.65343066522145,10.678177423743726,5.10451614677908,2.224661597009113,2.0646926219509005,0.7958502769470215,0.8980810642242432,0.0661753705915522,onnx:artifacts/gtcrn_dns3_simple.onnx,combat_real/0139,combat_real,1284,15.91,0,True,2.70976320002228,0.67744080000557
1.639375925064087,2.2475616931915283,0.8237542384597429,0.6724972768689627,16.459011611269737,16.401513895321983,12.747994507585288,True,1.0450160503387451,1.1855995655059814,0.6642962808584826,0.5983216960171229,0.84795276342681,0.8565639618447967,3.816354213035797,15.544949933477186,15.611058847842926,0.5943598747253418,1.0619621276855469,0.1594579576012603,onnx:artifacts/gtcrn_dns3_simple.onnx,combat_real/0140,combat_real,5639,7.05,0,True,2.610776799963787,0.6526941999909468
1.8632396459579468,2.6638100147247314,0.8694160334014502,0.7609613203943022,9.541458168160409,9.998902213968142,6.921529832992421,True,1.265663981437683,2.018136501312256,0.8270623615923683,0.6386498562420769,5.9276348077155685,6.109745563599599,3.157365962674313,3.889156650368543,3.61382336044484,0.5975756645202637,0.6456735134124756,0.0423536718090818,onnx:artifacts/gtcrn_dns3_simple.onnx,combat_real/0141,combat_real,8455,12.24,0,True,2.293483799963724,0.573370949990931
2.175769805908203,2.672856092453003,0.9321035336547888,0.8657419429150166,18.88878786220131,18.815654452993797,15.085266253711165,True,1.6630442142486572,2.0532257556915283,0.9453370200597496,0.8745502224577015,17.76614096620699,17.76450059790504,13.969794619449784,1.051153855088753,1.1226468959943183,0.5127255916595459,0.6196303367614746,-0.0132334864049609,onnx:artifacts/gtcrn_dns3_simple.onnx,combat_real/0142,combat_real,237,18.23,0,False,1.8851149999536572,0.4712787499884143
1.862076997756958,2.5527007579803467,0.8648764006296299,0.7333081239487992,11.449370359862632,11.658048884657692,11.536098166879771,True,1.1725866794586182,1.3003251552581787,0.7637256003144439,0.6478503395826596,0.5893734450518194,0.7508714749048035,7.450436080406347,10.907177409752888,10.859996914810813,0.6894903182983398,1.252375602722168,0.1011508003151859,onnx:artifacts/gtcrn_dns3_simple.onnx,combat_real/0143,combat_real,8230,0.69,0,False,1.8947804000345057,0.4736951000086264
1.4421720504760742,1.815381407737732,0.7875688620335021,0.5752604514703452,6.2051947712498245,7.13582682187627,4.9000026135376045,True,1.092307448387146,1.4235206842422483,0.7529626887408903,0.4604356479800964,0.904368889339578,0.9867132892041512,-0.0530449997087981,6.149113532672119,5.300825881910247,0.3498646020889282,0.3918607234954834,0.0346061732926117,onnx:artifacts/gtcrn_dns3_simple.onnx,combat_real/0144,combat_real,8455,2.32,0,False,2.0559774999856018,0.5139943749964004
1.9167592525482176,2.580026388168335,0.933763589266674,0.8480242550533096,16.66678826532622,16.73468434336379,14.39521542550502,True,1.1007157564163208,1.4451241493225098,0.8426402312116256,0.6781080939989477,11.2204983374828,11.227967964504446,12.722943654070209,5.506716378859343,5.446289927843418,0.816043496131897,1.1349022388458252,0.0911233580550484,onnx:artifacts/gtcrn_dns3_simple.onnx,combat_real/0145,combat_real,4992,11.58,0,False,1.964874299999792,0.491218574999948
1.2657840251922607,1.652674674987793,0.7186591940324568,0.4605973883715027,3.729644537043749,5.252621103447813,3.749439660905697,True,1.0618634223937988,1.323557734489441,0.5440681959955821,0.3275126855081666,-2.0219883741870053,-1.3987249274740066,-4.66180134754548,6.65134603092182,5.751632911230755,0.2039206027984619,0.329116940498352,0.1745909980368747,onnx:artifacts/gtcrn_dns3_simple.onnx,combat_real/0146,combat_real,3575,13.88,0,True,1.9511892999871636,0.4877973249967908
1.1576584577560425,1.7877013683319092,0.8170834658595737,0.6689864348804895,5.187554604227529,6.1409170477768455,6.6941618787694654,True,1.0832465887069702,1.35072922706604,0.7735787411725946,0.5810014842545957,4.783878297290144,5.197174883755187,2.794452030812132,0.9437421640216588,0.4036763069373847,0.0744118690490722,0.4369721412658691,0.043504724686979,onnx:artifacts/gtcrn_dns3_simple.onnx,combat_real/0147,combat_real,6930,14.37,0,True,1.9027844000374896,0.4756961000093724
2.129237413406372,2.804899215698242,0.944942396638224,0.8741736292571927,15.65367907054796,15.739105094182676,12.167696774286282,True,1.3148996829986572,2.120513677597046,0.925645887658138,0.7955937399310294,11.93879778498789,11.902443992848376,7.93594654973755,3.836661101334301,3.714881285560068,0.8143377304077148,0.6843855381011963,0.0192965089800861,onnx:artifacts/gtcrn_dns3_simple.onnx,combat_real/0148,combat_real,1995,19.3,0,True,1.7686010000179522,0.442150250004488
1.6460142135620115,2.341407060623169,0.8587299816536142,0.7866522683238151,10.124438630121873,10.445519846118057,10.607700259921542,True,1.1763752698898315,1.5691595077514648,0.8251371492422978,0.7349004101668627,-2.9597519769755287,-2.838177696213384,7.717611123148426,13.28369754233144,13.0841906070974,0.4696389436721802,0.7722475528717041,0.0335928324113165,onnx:artifacts/gtcrn_dns3_simple.onnx,combat_real/0149,combat_real,121,9.37,0,True,1.695796399959363,0.4239490999898407
2.910898208618164,3.3937196731567383,0.987883824805358,0.9608371559105284,17.525117021340336,17.524696133908208,13.753012369369294,True,1.7775779962539673,2.6069207191467285,0.9827263689815632,0.9339140473137176,13.766999778597471,13.7748113981617,10.079454024270047,3.749884735746509,3.758117242742863,1.1333202123641968,0.7867989540100098,0.0051574558237948,onnx:artifacts/model_simple.onnx,combat_real/0000,combat_real,5142,14.22,0,False,2.51535550004337,0.6288388750108425
1.5643786191940308,2.187586784362793,0.8478033960641088,0.7316220035790084,8.156711334643202,8.667053756763591,6.4653834799968255,True,1.0944379568099976,1.425382375717163,0.7461550723866142,0.5474554258796196,2.381685977219327,2.466183771996761,-0.3031655092486183,6.200869984766831,5.775025357423875,0.4699406623840332,0.7622044086456299,0.1016483236774946,onnx:artifacts/model_simple.onnx,combat_real/0001,combat_real,6829,6.3,0,True,2.126431800017599,0.5316079500043998
1.3234202861785889,1.8527237176895144,0.7876387513533138,0.5091295049218971,4.071302663598009,5.538837561091718,3.278704310312258,True,1.0687110424041748,1.6334933042526243,0.7326530122575895,0.4525497944112024,0.8583197349040397,1.9233402080150892,0.0187797072069824,3.615497353076629,3.212982928693969,0.254709243774414,0.2192304134368896,0.0549857390957243,onnx:artifacts/model_simple.onnx,combat_real/0002,combat_real,3570,10.51,0,True,2.3387193999951705,0.5846798499987926
2.0830745697021484,2.7726941108703613,0.976416492333177,0.8825705950406916,19.22584114045359,19.050796202030437,14.574712531031365,True,1.420651078224182,1.9763834476470947,0.9650607193618412,0.8522030864619468,14.01969752363414,14.022532253861469,11.69880830006586,5.028263948168965,5.20614361681945,0.6624234914779663,0.7963106632232666,0.0113557729713358,onnx:artifacts/model_simple.onnx,combat_real/0003,combat_real,5142,14.58,0,False,2.3394396000076085,0.5848599000019021
1.919213056564331,2.439169645309448,0.8991720715786311,0.781291460899243,15.6317204407603,15.631069308404689,14.519088251502062,True,1.1552923917770386,1.237722635269165,0.7502928452801717,0.7020562615800291,1.8822927023633176,1.885864982123108,9.884535315172132,13.74520432628158,13.749427738396982,0.7639206647872925,1.2014470100402832,0.1488792262984594,onnx:artifacts/model_simple.onnx,combat_real/0004,combat_real,1320,2.06,0,False,2.2199922000290826,0.5549980500072706
1.0860165357589722,1.3662223815917969,0.6465928633939425,0.4826894647827607,1.561441581319453,3.677430191403616,2.0257210487005906,True,1.0486552715301514,1.1659276485443115,0.5170065102908645,0.3363339537228446,-4.817059574089573,-4.693057372535804,-4.57706574379103,8.37048756393942,6.378501155409026,0.0373612642288208,0.2002947330474853,0.1295863531030779,onnx:artifacts/model_simple.onnx,combat_real/0005,combat_real,5639,4.88,0,True,2.323093500046525,0.5807733750116313
1.6627540588378906,2.29211974143982,0.7598664292650982,0.5420679654730892,12.30231025449886,12.513672115460556,7.074332803286652,True,1.127884864807129,1.5659807920455933,0.6578365827588228,0.4050911048685637,5.5242180413736754,5.544427774948773,0.4647193378251747,6.969244340511781,6.778092213125184,0.5348691940307617,0.7261389493942261,0.1020298465062753,onnx:artifacts/model_simple.onnx,combat_real/0006,combat_real,4446,14.41,0,True,2.139672600023914,0.5349181500059785
1.27740478515625,1.7745453119277954,0.7699105287929626,0.6044323344521104,6.855737538667447,7.499596063159382,3.801345395220835,True,1.060648798942566,1.3376762866973877,0.6766216383709958,0.4409130179489505,1.8642570910145588,1.7842860948088952,-2.5125788837428984,5.715309968350487,4.991480447652888,0.216755986213684,0.4368690252304077,0.0932888904219668,onnx:artifacts/model_simple.onnx,combat_real/0007,combat_real,8455,1.78,0,False,2.3710795999504626,0.5927698999876156
1.2892664670944214,1.676161527633667,0.8255342226524918,0.6389448251553004,5.976980602508231,6.688481021155818,4.999183796805299,True,1.069558024406433,1.3004937171936035,0.7355688166820138,0.4727262669717827,2.459190611955669,2.5160307882276123,-0.5001729992359374,4.172450232928206,3.5177899905525623,0.2197084426879882,0.3756678104400635,0.0899654059704779,onnx:artifacts/model_simple.onnx,combat_real/0008,combat_real,7176,9.15,0,True,2.2423144999775104,0.5605786249943776
2.351262092590332,2.727782964706421,0.911107198361164,0.8682810151786291,13.257832149992904,13.231232260253948,13.068423388978497,True,1.2395570278167725,1.5091373920440674,0.8510108809662421,0.7993403474971668,8.025084925013315,8.035162699911352,8.190911430702304,5.196069560342597,5.2327472249795886,1.1117050647735596,1.2186455726623535,0.0600963173949218,onnx:artifacts/model_simple.onnx,combat_real/0009,combat_real,8555,8.37,0,False,2.4196648000506684,0.6049162000126671
1.733740210533142,2.359447479248047,0.8946972465826488,0.7728572059374168,9.481651322099047,9.89100570831476,12.213475894494358,True,1.252745509147644,1.6381080150604248,0.7730984079627224,0.6577264292288892,2.7550416505753854,2.683573856972838,11.15115151928464,7.207431851341921,6.726609671523663,0.480994701385498,0.7213394641876221,0.1215988386199263,onnx:artifacts/model_simple.onnx,combat_real/0010,combat_real,8463,2.82,0,False,2.392001700005494,0.5980004250013735
1.85774827003479,2.23169207572937,0.8599619741502276,0.727420237627612,10.526199179861557,10.530005758590429,8.311042892234717,True,1.0636489391326904,1.246549367904663,0.804211178944469,0.616537367607713,7.368783796849429,7.425160351944291,4.516845755292589,3.1048454066461364,3.1574153830121263,0.7940993309020996,0.985142707824707,0.0557507952057585,onnx:artifacts/model_simple.onnx,combat_real/0011,combat_real,7729,7.81,0,False,1.955301500041969,0.4888253750104923
1.3749901056289673,1.8283642530441284,0.8710204009945017,0.7486310467363048,8.625600615103892,9.13674945423558,6.696116006500414,True,1.090965986251831,1.37719988822937,0.7758211105078577,0.6221902517316602,0.7723955204233592,0.6437440536678467,1.0419010914719071,8.493005400567734,7.853205094680533,0.2840241193771362,0.4511643648147583,0.095199290486644,onnx:artifacts/model_simple.onnx,combat_real/0012,combat_real,4446,4.22,0,True,1.9550554000306877,0.4887638500076718
3.135276556015014,3.4344942569732666,0.9569678908359404,0.9255324460281736,21.907364419486125,21.706294028155103,18.255409283502622,True,1.956859350204468,2.230350971221924,0.938504788414625,0.8972071933845176,19.02546345433166,19.03635536893625,16.15894182509716,2.669938659218857,2.8819009651544647,1.1784172058105469,1.2041432857513428,0.0184631024213153,onnx:artifacts/model_simple.onnx,combat_real/0013,combat_real,5683,19.82,0,False,2.044777199975215,0.5111942999938037
1.5865728855133057,2.042729616165161,0.8777232640177643,0.8015048734131976,16.01907100655808,16.01607249219055,13.785045205317902,True,1.1432641744613647,1.4824098348617554,0.8362229036712256,0.7286966199571423,11.472329390685587,11.484090983838476,9.812721832571098,4.531981508352072,4.546741615872492,0.4433087110519409,0.5603197813034058,0.0415003603465387,onnx:artifacts/model_simple.onnx,combat_real/0014,combat_real,7021,12.18,0,False,1.8710213999729604,0.4677553499932401
1.4752286672592163,1.9771207571029663,0.8758455915178592,0.7831622912404257,9.925084382486713,10.223847601964394,8.224236989187757,True,1.0472464561462402,1.2349746227264404,0.8131827375362395,0.6443776544198779,3.44590761483841,3.399495617731892,3.0108047784522154,6.824351984232502,6.479176767648303,0.4279822111129761,0.7421461343765259,0.0626628539816197,onnx:artifacts/model_simple.onnx,combat_real/0015,combat_real,4992,3.83,0,False,1.8689672999898903,0.4672418249974726
2.913058280944824,3.704758405685425,0.9519284963365032,0.8889996096977834,15.675675988399858,15.783942225033368,12.029547933907311,True,1.458653211593628,2.882866859436035,0.8957656942232725,0.7295451814382354,10.237371769498711,10.256285599897115,5.884950427911374,5.527656625136251,5.438304218901147,1.4544050693511963,0.8218915462493896,0.0561628021132307,onnx:artifacts/model_simple.onnx,combat_real/0016,combat_real,1580,19.43,0,True,2.000837599975057,0.5002093999937642
2.377751111984253,2.934417963027954,0.913325038885428,0.7510378886445389,9.922135252678247,10.323596399433574,8.147312424635615,True,1.184518575668335,1.6505582332611084,0.8286576536748367,0.6085482842381795,7.638942747080749,7.804421106362601,5.413826551987459,2.519175293070973,2.2831925055974978,1.193232536315918,1.2838597297668457,0.0846673852105913,onnx:artifacts/model_simple.onnx,combat_real/0017,combat_real,2300,16.9,0,True,1.901508599985391,0.4753771499963477
1.2597103118896484,1.5752670764923096,0.8025865363780976,0.5857756686570762,6.725102708648095,7.556996746776906,4.283334035040076,True,1.0744996070861816,1.2588250637054443,0.6768403682221378,0.4809653364259389,0.3320755581183509,0.3585188747093958,-1.5433370368493204,7.19847787206751,6.393027150529743,0.1852107048034668,0.3164420127868652,0.1257461681559598,onnx:artifacts/model_simple.onnx,combat_real/0018,combat_real,5142,3.65,0,True,2.2710043999832124,0.5677510999958031
1.7068519592285156,2.3242526054382324,0.8707684068708353,0.7570305897082406,14.649172003901484,14.698546070974952,10.20799988310622,True,1.0944746732711792,1.525357007980347,0.8180843396267543,0.6376461447474762,9.069593118704658,9.118295313686144,4.900558066946879,5.580250757288809,5.579578885196826,0.6123772859573364,0.7988955974578857,0.052684067244081,onnx:artifacts/model_simple.onnx,combat_real/0019,combat_real,5683,9.47,0,False,2.317272199958097,0.5793180499895243
2.562922716140747,3.108356475830078,0.973270841626912,0.9028766737221652,11.80534612401508,11.778547298589016,9.183179464689095,True,1.3713209629058838,2.720642328262329,0.9680097235638097,0.8883359307652422,0.7187968494580422,0.7805334182894823,1.5601537368877096,10.998013880299531,11.086549274557036,1.1916017532348633,0.387714147567749,0.0052611180631022,onnx:artifacts/model_simple.onnx,combat_real/0020,combat_real,61,12.23,0,True,2.3201828000019304,0.5800457000004826
1.9242875576019287,2.653635740280152,0.8827774763539407,0.8010081691981084,15.523563104792732,15.548326636315029,11.707351066035107,True,1.300754427909851,1.9379844665527344,0.8122431816930552,0.7267085525684659,9.713350342831662,9.645824647144645,8.118465279623255,5.902501989170384,5.81021276196107,0.6235331296920776,0.715651273727417,0.0705342946608854,onnx:artifacts/model_simple.onnx,combat_real/0021,combat_real,1580,9.91,0,False,2.2377438999828883,0.5594359749957221
1.4119609594345093,1.872375726699829,0.8512983092242626,0.7569238626639633,11.407297175182984,11.67364649685952,9.30951401171503,True,1.1078089475631714,1.4000968933105469,0.8332710286391859,0.7265454970667785,6.144461847796912,6.10304475221711,3.226643862663238,5.570601744642411,5.262835327386071,0.3041520118713379,0.4722788333892822,0.0180272805850767,onnx:artifacts/model_simple.onnx,combat_real/0022,combat_real,237,6.73,0,False,1.9465330999810249,0.4866332749952562
3.037659168243408,3.280106544494629,0.9813699151110562,0.9612923682533088,24.45736669341329,24.13939908481535,23.789725035400405,True,1.4419926404953003,1.8641815185546875,0.9218527757581768,0.9080623276385288,18.86771540348931,18.87366682935111,24.03064616543759,5.26573225546424,5.589651289923985,1.595666527748108,1.4159250259399414,0.0595171393528792,onnx:artifacts/model_simple.onnx,combat_real/0023,combat_real,3570,18.87,0,False,2.16690050001489,0.5417251250037225
1.3225537538528442,1.9433010816574097,0.7842916754288707,0.4993161744450436,7.658181442277129,8.325522283141316,5.925360028504034,True,1.2037253379821775,1.6049737930297852,0.7132506579653035,0.4499164740326596,0.8722461642794574,0.8184564084152129,2.258854041230789,7.507065874726103,6.785935277997671,0.1188284158706665,0.3383272886276245,0.0710410174635671,onnx:artifacts/model_simple.onnx,combat_real/0024,combat_real,1089,0.82,0,False,1.9593261000118216,0.4898315250029554
1.575608491897583,2.182467222213745,0.7725431792328843,0.5699005666434197,10.781506283960242,10.927023241518622,7.39563970890499,True,1.1748284101486206,1.6732864379882812,0.6432499557168598,0.4313903410357892,2.955244361199858,3.0318924833247034,-1.0187060084122264,7.895130758193918,7.826261922760384,0.4007800817489624,0.5091807842254639,0.1292932235160244,onnx:artifacts/model_simple.onnx,combat_real/0025,combat_real,1188,12.91,0,True,2.075955000007525,0.5189887500018813
1.8164459466934204,2.644402265548706,0.8752650255243051,0.7310685336614507,12.250792882205689,12.423783056774704,9.206746530312795,True,1.2956174612045288,2.137697696685791,0.8380200309366269,0.637934821114081,6.397999917605064,6.378682949698675,6.409154033167652,6.0451001070760295,5.852792964600623,0.5208284854888916,0.506704568862915,0.0372449945876781,onnx:artifacts/model_simple.onnx,combat_real/0026,combat_real,2961,7.27,0,False,1.926304499967955,0.4815761249919887
2.4039525985717773,2.851240396499634,0.9407421463164124,0.9083177861219688,19.023633078782684,18.965519640109328,16.170779888099908,True,1.485770344734192,1.823035717010498,0.9432957830483196,0.8897575300413513,1.8996047723979583,1.9052122167475176,1.2025662125798218,17.06030742336181,17.124028306384727,0.9181822538375854,1.0282046794891355,-0.0025536367319072,onnx:artifacts/model_simple.onnx,combat_real/0027,combat_real,8555,2.0,0,False,2.1730087000178173,0.5432521750044543
2.18799090385437,3.3827672004699707,0.9510469510045786,0.8728276352504347,15.118471626083924,15.218468594308144,15.848396712442636,True,1.5638551712036133,2.6547188758850098,0.910125352518822,0.8075855270335842,10.682103266893536,10.705173857315948,13.540147924213333,4.513294736992197,4.436368359190389,0.6241357326507568,0.7280483245849609,0.0409215984857567,onnx:artifacts/model_simple.onnx,combat_real/0028,combat_real,1089,11.19,0,False,2.073363700008485,0.5183409250021214
2.12436580657959,2.6588010787963867,0.8989965382366384,0.7869598449502444,12.13005188906374,12.291450824738831,9.21844361910499,True,1.1895004510879517,1.5453267097473145,0.8192229039649388,0.6633490392791725,8.229732906694476,8.277820341983764,4.805999043532241,4.013630482755067,3.900318982369264,0.9348653554916382,1.1134743690490725,0.0797736342716995,onnx:artifacts/model_simple.onnx,combat_real/0029,combat_real,4992,12.09,0,True,2.089583499997389,0.5223958749993471
2.226992130279541,2.778214454650879,0.9624674905606508,0.8850679492870704,18.677406174351304,18.70230164836579,12.917970897030411,True,1.5226300954818726,2.2087347507476807,0.9493043196572344,0.8283747410322309,14.353588492614987,14.350849281155504,9.915883816663822,4.351452367210285,4.323817681736315,0.7043620347976685,0.5694797039031982,0.0131631709034165,onnx:artifacts/model_simple.onnx,combat_real/0030,combat_real,5683,14.71,0,False,2.068205499963369,0.5170513749908423
2.2942044734954834,3.008862018585205,0.971678200108892,0.9361752817638782,16.916904865756653,16.894228415285802,16.402017396124418,True,1.4942364692687988,2.0989556312561035,0.9592586660873476,0.9051393246149002,13.03022351673878,13.014234445339357,14.831534400136892,3.8799939699464456,3.8866813490178735,0.7999680042266846,0.9099063873291016,0.0124195340215443,onnx:artifacts/model_simple.onnx,combat_real/0031,combat_real,5683,13.53,0,False,2.270695100014564,0.5676737750036409
3.4030961990356445,3.8909757137298575,0.9875290710433524,0.95820370411981,14.881372333284684,15.01919853827091,12.061796855794094,True,2.1857738494873047,3.077775239944458,0.987143157045934,0.9389561636526248,9.917576920423771,9.928976567732564,8.688792093822071,5.0902219705383445,4.963795412860913,1.2173223495483398,0.8132004737854004,0.0003859139974182,onnx:artifacts/model_simple.onnx,combat_real/0032,combat_real,4992,10.26,0,False,2.0006758000236005,0.5001689500059001
1.409603714942932,1.7001066207885742,0.7350230588573186,0.5972956478644914,10.512044937013387,10.715381758837768,6.8435945896041614,True,1.045108437538147,1.1825909614562988,0.6512117649151719,0.4674677554449927,2.352893613093181,2.642558288480432,-1.8647043196785231,8.072823470357337,8.159151323920206,0.3644952774047851,0.5175156593322754,0.0838112939421467,onnx:artifacts/model_simple.onnx,combat_real/0033,combat_real,5683,7.17,0,True,2.325371500046458,0.5813428750116145
2.3346598148345947,2.98431658744812,0.9136203020358918,0.790861188653889,16.16430987854859,16.229110833331255,13.061581689894094,True,1.3968921899795532,2.4010822772979736,0.8651445952147453,0.7507273072674693,9.0235311756644,9.04360624996199,9.608455022084684,7.185504583369266,7.140778702884189,0.9377676248550416,0.5832343101501465,0.0484757068211465,onnx:artifacts/model_simple.onnx,combat_real/0034,combat_real,237,9.62,0,False,2.5020142999710515,0.6255035749927629
1.2372889518737793,1.4852981567382812,0.6014686476902265,0.4310585395624533,1.0185079257150564,2.915550871041877,2.1551400837190413,True,1.0371134281158447,1.131813406944275,0.4649116316170597,0.3056251584772251,-2.799274704326181,-2.659006925524057,-3.593386356741369,5.574557796565934,3.817782630041237,0.2001755237579345,0.3534847497940063,0.1365570160731667,onnx:artifacts/model_simple.onnx,combat_real/0035,combat_real,7729,6.69,0,True,1.8621616999735124,0.4655404249933781
1.3694218397140503,1.8898063898086548,0.8272088404955639,0.7261678747971151,4.827194563375823,5.767519417310398,5.007460320631232,True,1.1598703861236572,1.4543719291687012,0.798089010627821,0.6713472133916654,-1.697380884731344,-0.9773284194523124,1.907153092526876,6.74484783676271,6.524575448107167,0.209551453590393,0.4354344606399536,0.0291198298677428,onnx:artifacts/model_simple.onnx,combat_real/0036,combat_real,2300,4.73,0,True,1.8621128000086171,0.4655282000021543
1.3763078451156616,1.7393574714660645,0.8257841577039264,0.6799314541888961,5.855042440024912,6.825995982560632,4.963907300112211,True,1.089838981628418,1.3193607330322266,0.7880027373557026,0.5801644472037503,0.2199127706858112,0.0918188350030742,-1.0220893686150392,6.734177147557557,5.635129669339101,0.2864688634872436,0.4199967384338379,0.0377814203482238,onnx:artifacts/model_simple.onnx,combat_real/0037,combat_real,5142,1.13,0,False,2.4660386000177823,0.6165096500044456
1.6515698432922363,2.2392895221710205,0.8930953817721434,0.6584805381286997,10.250648641322783,10.51527522831524,6.822766125443021,True,1.1898469924926758,1.5705957412719729,0.8288405190822427,0.47125418193806,4.667955771866429,4.686352602562048,1.1969839372325572,5.828922625753192,5.582692869456355,0.4617228507995605,0.6686937808990479,0.0642548626899007,onnx:artifacts/model_simple.onnx,combat_real/0038,combat_real,4446,4.72,0,False,2.098533199983649,0.5246332999959122
2.831140518188477,3.316277265548706,0.9340332148544404,0.855198117007934,17.345579953371978,17.369332069498924,12.257899973842036,True,1.895787000656128,2.4687929153442383,0.9090327470249152,0.8025626266467463,15.18137054157904,15.167325755190218,8.813999747749426,2.202006314308706,2.164209411792937,0.9353535175323486,0.8474843502044678,0.0250004678295252,onnx:artifacts/model_simple.onnx,combat_real/0039,combat_real,1089,15.3,0,False,1.9070697000133805,0.4767674250033451
1.8439381122589111,2.5306382179260254,0.8162901601617835,0.7274569765122626,14.746033750554624,14.810661847714275,11.889463727556535,True,1.0612568855285645,1.3025418519973757,0.7147137659028104,0.5904369913783576,6.822141056429537,6.827335160793446,4.97335047784706,7.983326686920829,7.923892694125088,0.7826812267303467,1.22809636592865,0.101576394258973,onnx:artifacts/model_simple.onnx,combat_real/0040,combat_real,1995,9.14,0,True,2.30510450003203,0.5762761250080075
1.880685329437256,2.346204996109009,0.8091785566228561,0.6924089454245588,12.395130770990212,12.578975650570598,10.742675198843374,True,1.2558363676071167,1.5820679664611816,0.6581215821011622,0.5777765360869883,6.654853821516612,6.760671022930762,5.963067629153136,5.8183046276398365,5.7402769494736,0.6248489618301392,0.7641370296478271,0.1510569745216938,onnx:artifacts/model_simple.onnx,combat_real/0041,combat_real,4507,16.1,0,True,1.8598908000276424,0.4649727000069106
1.3174407482147217,1.771726369857788,0.7690124520665288,0.6420695179104031,4.4740428878365925,5.681930621725357,5.215885677789891,True,1.0452594757080078,1.4253185987472534,0.7294288542981159,0.5470398073289873,3.0736758711310253,2.7730901455374184,0.8931114233738551,2.9088404761879385,1.4003670167055673,0.2721812725067138,0.3464077711105346,0.0395835977684129,onnx:artifacts/model_simple.onnx,combat_real/0042,combat_real,8455,11.0,0,True,2.136888200009708,0.5342220500024268
1.4846594333648682,2.005439281463623,0.83936319115157,0.7340663033890176,9.102172722792352,9.345372857003015,9.535832338068689,True,1.1092791557312012,1.4786534309387207,0.8113990576161817,0.6730822108467716,5.31684580087021,5.3917550318378895,6.549297751532112,3.953617825165126,3.7853269219221417,0.375380277633667,0.5267858505249023,0.0279641335353882,onnx:artifacts/model_simple.onnx,combat_real/0043,combat_real,1284,5.48,0,False,2.5914702000445686,0.6478675500111422
2.7074546813964844,2.9631733894348145,0.983826176140148,0.961181992278678,19.38401083668681,19.343099986844877,16.196148629081005,True,1.4302209615707395,1.8526240587234497,0.9766569811010986,0.9277035728284506,17.305792848190123,17.29299957333917,14.151579544794725,2.050100413505703,2.078217988496686,1.2772337198257446,1.1105493307113647,0.0071691950390495,onnx:artifacts/model_simple.onnx,combat_real/0044,combat_real,5142,17.62,0,False,2.1558738999883644,0.5389684749970911
2.296234130859375,2.7784461975097656,0.8605675428021422,0.758533976050311,14.613338481894043,14.53945992782642,11.235759447752727,True,1.3988008499145508,1.7383066415786743,0.7918296568129806,0.6566657314212292,10.041578152927862,10.046223489364715,9.092730246387246,4.493236438461704,4.571760328966184,0.8974332809448242,1.0401395559310913,0.0687378859891616,onnx:artifacts/model_simple.onnx,combat_real/0045,combat_real,6930,10.2,0,False,2.042173399997409,0.5105433499993524
1.3223729133605957,1.7153446674346924,0.7639984969155865,0.6064122166958844,8.306965830086611,8.790323057487537,6.795553547243814,True,1.0518743991851809,1.2722259759902954,0.6535469337161594,0.3941313901099562,1.3027905146865406,1.278830719911752,-1.7008723463661326,7.511492337575785,7.004175315400071,0.270498514175415,0.443118691444397,0.1104515631994271,onnx:artifacts/model_simple.onnx,combat_real/0046,combat_real,1188,1.28,0,False,2.104938799981028,0.526234699995257
1.4026374816894531,1.8774856328964236,0.6827249287371071,0.4789465959100162,7.335050025234514,7.886304239549364,6.13498685867486,True,1.0492045879364014,1.3090676069259644,0.5555822212441128,0.3970261212022016,2.296125029574415,2.345100956821093,1.7467148885975567,5.541203282728271,5.038924995660099,0.3534328937530517,0.568418025970459,0.1271427074929942,onnx:artifacts/model_simple.onnx,combat_real/0047,combat_real,7729,9.9,0,True,2.496530599950347,0.6241326499875868
2.420085191726685,3.008704662322998,0.9527581088269436,0.8864076937381508,19.163896101318134,19.03080117441981,15.208565990046818,True,1.651315689086914,2.210221767425537,0.9461255298250588,0.8342208825122216,16.42572789080439,16.412520281118073,12.5840431472935,2.618280893301737,2.738168210513745,0.7687695026397705,0.7984828948974609,0.0066325790018847,onnx:artifacts/model_simple.onnx,combat_real/0048,combat_real,5142,16.91,0,False,2.025071000040043,0.5062677500100108
2.7878377437591557,3.23823618888855,0.9115417661919558,0.8166328152212234,18.69128113995732,18.474398141850457,14.479334608262407,True,1.6454250812530518,2.0092601776123047,0.9062588323079288,0.7892837971118831,17.080238716077602,17.07601145189796,11.983422651908612,1.398386689952499,1.61104242387972,1.1424126625061035,1.2289760112762451,0.0052829338840271,onnx:artifacts/model_simple.onnx,combat_real/0049,combat_real,672,17.14,0,False,2.5979490999598056,0.6494872749899514
1.3325209617614746,2.041378259658813,0.8066067561500144,0.6369653772320075,8.913447038335221,9.155155055409988,7.533748007025432,True,1.0596916675567627,1.5170974731445312,0.67400292502567,0.5230279651288959,1.274370350632426,1.2755145859205028,2.6260118144994795,7.879640469489484,7.639076687702795,0.2728292942047119,0.5242807865142822,0.1326038311243443,onnx:artifacts/model_simple.onnx,combat_real/0050,combat_real,3729,1.3,0,False,2.235892300028354,0.5589730750070885
1.6421606540679932,2.0855400562286377,0.9340278337488672,0.8726972597443534,12.385721144977545,12.530998363030744,9.090219254738024,True,1.075837016105652,1.332999587059021,0.8987522018702585,0.7586796671519563,7.790126367114483,7.790978186850893,3.97851798561608,4.740020176179851,4.595594777863062,0.5663236379623413,0.7525404691696167,0.0352756318786087,onnx:artifacts/model_simple.onnx,combat_real/0051,combat_real,5142,7.97,0,False,2.1438180999830365,0.5359545249957591
2.9237289428710938,3.251270532608032,0.9910227697782168,0.9703290450772788,21.646062368248757,21.594672599843307,18.76840092775671,True,1.514829397201538,1.978898525238037,0.9806706727715764,0.934136253100094,18.30174569521743,18.30630205067541,18.08721433651506,3.288370549167901,3.3443166730313223,1.4088995456695557,1.2723720073699951,0.0103520970066403,onnx:artifacts/model_simple.onnx,combat_real/0052,combat_real,5142,18.39,0,False,2.15167280001333,0.5379182000033325
2.6718270778656006,2.957155466079712,0.9655258741671208,0.9285556966474438,16.109653205603912,16.205780708911735,20.403241948324524,True,1.748313546180725,2.0068516731262207,0.9269495194165556,0.8719085069820397,14.669923168415703,14.680079883207664,20.95678525084794,1.525700825704071,1.439730037188209,0.9235135316848756,0.9503037929534912,0.0385763547505652,onnx:artifacts/model_simple.onnx,combat_real/0053,combat_real,1320,19.73,0,True,2.135055999970064,0.5337639999925159
1.7037172317504885,2.142949104309082,0.8823596116609103,0.7334783971268037,10.782072034485504,10.986029432318682,8.015893725957227,True,1.178486466407776,1.4284751415252686,0.7384659082213865,0.5938947451574673,3.5979946832028533,3.417615209361144,2.396890412925002,7.568414222957538,7.18407735128265,0.5252307653427124,0.7144739627838135,0.1438937034395238,onnx:artifacts/model_simple.onnx,combat_real/0054,combat_real,4077,3.86,0,False,2.2296233999659307,0.5574058499914827
2.524596929550171,3.120446920394897,0.9696393657360196,0.8974706860715552,18.98698118300124,18.874326101900422,15.35701183583321,True,1.704443097114563,2.3530113697052,0.9403030864336318,0.8291505528489413,15.615026680981025,15.622064061141623,14.994676213757128,3.252262040758797,3.3719545020202144,0.8201538324356079,0.7674355506896973,0.0293362793023876,onnx:artifacts/model_simple.onnx,combat_real/0055,combat_real,8455,16.99,0,False,3.192322399991099,0.7980805999977747
2.5285680294036865,3.340557336807251,0.9679077886010334,0.8703538103424167,14.716683126200817,14.716807208722091,10.726870669235804,True,2.194248914718628,3.0069069862365723,0.9660411008159354,0.8566755641443212,14.026380557186044,14.021771757552786,10.197352567467505,0.6950354511693053,0.6903025690147722,0.3343191146850586,0.3336503505706787,0.001866687785098,onnx:artifacts/model_simple.onnx,combat_real/0056,combat_real,1188,14.02,0,False,1.9649047999992035,0.4912261999998009
1.5932896137237549,1.8096046447753904,0.8722757801710811,0.7639598932655317,8.772274640750963,9.232960268739289,9.229378188637092,True,1.1080670356750488,1.6108932495117188,0.8277638036719227,0.6146831315776856,3.300923066627183,3.2475520210677344,5.660871274235772,5.985408247671552,5.47135157412378,0.485222578048706,0.1987113952636718,0.0445119764991583,onnx:artifacts/model_simple.onnx,combat_real/0057,combat_real,121,9.42,0,True,2.383697999990545,0.5959244999976363
1.4511868953704834,2.0599474906921387,0.8449842473397274,0.722065219703811,9.367053591122756,9.661508278654605,9.44321747265254,True,1.1424471139907837,1.5312035083770752,0.7506661138567458,0.6103521825877832,5.050172838161053,4.723044863134696,7.636799131927157,4.938463415519907,4.316880752961703,0.3087397813796997,0.5287439823150635,0.0943181334829816,onnx:artifacts/model_simple.onnx,combat_real/0058,combat_real,1995,13.53,0,True,2.8890028000460006,0.7222507000115002
2.3038716316223145,2.928652286529541,0.8747410530882762,0.7607458394419959,12.502819915172749,12.686638505288592,10.119599561977555,True,1.4793707132339478,2.104558229446411,0.8498586957228627,0.7093269180214706,-0.015978962302827,-0.0140078011341024,-1.560848805374747,12.700646306422694,12.518798877475572,0.8245009183883667,0.8240940570831299,0.0248823573654135,onnx:artifacts/model_simple.onnx,combat_real/0059,combat_real,1995,17.71,0,True,2.2138602000195533,0.5534650500048883
1.7401199340820312,2.205122709274292,0.8110341811027456,0.7070464250662659,8.588385919081725,9.076844522829926,6.617705669873195,True,1.0726633071899414,1.287856101989746,0.67786105839765,0.4938995759828065,4.664173968593076,4.657106832893599,1.837105925640688,4.419737689936327,3.924211950488649,0.6674566268920898,0.917266607284546,0.1331731227050956,onnx:artifacts/model_simple.onnx,combat_real/0060,combat_real,4992,11.36,0,True,2.333254800003488,0.5833137000008719
1.102277755737305,1.294534683227539,0.5142528855262197,0.3359384004547083,-0.4389288095893035,2.7250958481664744,1.5975124429745031,True,1.0339049100875854,1.1537703275680542,0.4849315333710156,0.271382055331044,-5.683244263956092,-5.478069045223606,-6.127329350333252,8.203164893390081,5.244315454366788,0.0683728456497192,0.1407643556594848,0.029321352155204,onnx:artifacts/model_simple.onnx,combat_real/0061,combat_real,3575,2.37,0,True,2.177937400003429,0.5444843500008574
1.1799089908599854,1.616309642791748,0.7847462954570723,0.5247051430175702,6.705466422570831,7.480443681362177,2.6854746488915526,True,1.033148169517517,1.22710382938385,0.7330543781855295,0.4264824384101532,0.3891152634647076,0.3527624975681248,-3.3473506818100938,7.127681183794052,6.316351159106124,0.1467608213424682,0.3892058134078979,0.0516919172715427,onnx:artifacts/model_simple.onnx,combat_real/0062,combat_real,4992,5.11,0,True,3.052912799990736,0.763228199997684
1.3650788068771362,1.8050153255462649,0.7367864083402121,0.5319311463750367,4.988170122979565,6.17972973384651,3.0808066765695066,True,1.0429619550704956,1.2236239910125732,0.6307539721235552,0.3343308815144177,-5.572665316278462,-5.650153213644698,-5.38932261491091,11.829882947491209,10.560835439258028,0.3221168518066406,0.5813913345336914,0.1060324362166569,onnx:artifacts/model_simple.onnx,combat_real/0063,combat_real,5683,3.97,0,True,2.9923207000247203,0.7480801750061801
1.6714184284210205,2.0221564769744877,0.8319351280678253,0.6987120347903056,15.012264080044638,14.918370000709029,13.281566094555572,True,1.0787633657455444,1.2263035774230957,0.7604119724938474,0.6124910935055033,9.510539199064876,9.5300513689997,9.208151257049684,5.38831863170933,5.501724880979761,0.5926550626754761,0.7958528995513916,0.0715231555739779,onnx:artifacts/model_simple.onnx,combat_real/0064,combat_real,8555,9.92,0,False,2.229295499972068,0.5573238749930169
1.233897686004639,1.861625075340271,0.8058258551532749,0.5408955925256258,6.813563113574888,6.513278301821504,3.1434428540840584,True,1.1102133989334106,1.6005713939666748,0.7539044274165455,0.4593431989797571,1.2509176017807313,0.6568590218788224,-2.587568045795052,5.856419279942682,5.562645511794156,0.123684287071228,0.2610536813735962,0.0519214277367293,onnx:artifacts/model_simple.onnx,combat_real/0065,combat_real,5105,6.55,0,True,2.710048300039489,0.6775120750098722
2.1192445755004883,2.640220880508423,0.9052384977831138,0.7747670188600614,10.204619694938176,10.584715531651977,6.726271787065294,True,1.238497018814087,1.9400427341461184,0.8669377271755545,0.6971354952981591,-7.188276260606159,-7.254597575978316,-5.3636538756913765,17.839313107630293,17.392895955544336,0.8807475566864014,0.7001781463623047,0.0383007706075593,onnx:artifacts/model_simple.onnx,combat_real/0066,combat_real,3575,2.28,0,True,2.5923241999698803,0.6480810499924701
1.31338369846344,1.9578664302825928,0.6870023687561143,0.3694921303834386,5.360278527633662,5.6633677301160645,3.405490659147034,True,1.0332891941070557,1.3459534645080566,0.4723355401551301,0.2476635725317311,-4.629523609261758,-4.470319960862621,-5.588473062339025,10.133687690978686,9.98980213689542,0.2800945043563843,0.6119129657745361,0.2146668286009842,onnx:artifacts/model_simple.onnx,combat_real/0067,combat_real,5105,0.04,0,True,2.1674320999882184,0.5418580249970546
1.2306580543518066,1.7546579837799072,0.7459040234304016,0.539074183672907,2.357287291211957,4.338305911353194,3.314485043883824,True,1.064476490020752,1.2429282665252686,0.5869530658595841,0.3646882763779796,-8.183166784624502,-8.609150199952184,-2.0840841801796763,12.947456111305378,10.54045407583646,0.1661815643310547,0.5117297172546387,0.1589509575708175,onnx:artifacts/model_simple.onnx,combat_real/0068,combat_real,2300,6.46,0,True,2.021785599994473,0.5054463999986183
1.2730720043182373,1.7269611358642578,0.6671091074967402,0.4839719084881669,7.060484783928111,7.397359963578779,5.486349437109522,True,1.0275287628173828,1.221907615661621,0.5680178298165447,0.379081089535866,-1.6893522100232348,-1.6621685907306685,-3.1043808274344777,9.059528554309448,8.749836993951345,0.2455432415008545,0.5050535202026367,0.0990912776801955,onnx:artifacts/model_simple.onnx,combat_real/0069,combat_real,1188,4.24,0,True,2.408530000015162,0.6021325000037905
1.2144553661346436,1.676422953605652,0.7552654541110603,0.5956455633675386,5.326192995528612,6.420029828494711,4.271741862581115,True,1.060559630393982,1.4226287603378296,0.5607320240309311,0.4479799234624317,-1.1041119194492444,-1.2158952258372384,-1.67965730791064,7.635925054331949,6.430304914977857,0.1538957357406616,0.2537941932678222,0.1945334300801291,onnx:artifacts/model_simple.onnx,combat_real/0070,combat_real,1580,3.68,0,True,2.660480299964547,0.6651200749911368
1.3330340385437012,1.920334815979004,0.7874448150310231,0.519840520388338,6.507409003670728,7.106392651886853,4.608836224143681,True,1.0933319330215454,1.4571583271026611,0.6878702035560806,0.4163543518470894,3.42819672684227,3.4011493872248715,0.0377578407441899,3.705243264661982,3.0792122768284576,0.2397021055221557,0.4631764888763428,0.0995746114749425,onnx:artifacts/model_simple.onnx,combat_real/0071,combat_real,61,3.4,0,False,2.384110299986787,0.5960275749966968
1.6816456317901611,2.156532049179077,0.8047066879519128,0.6536981034736717,4.626624333047092,5.770334005697402,4.651939072758074,True,1.3145012855529783,1.931824803352356,0.7191783942105822,0.5994078613085236,3.339603824213284,3.895416251476633,2.1570594244282657,1.874917754220769,1.2870205088338076,0.3671443462371826,0.2247072458267212,0.0855282937413306,onnx:artifacts/model_simple.onnx,combat_real/0072,combat_real,5105,11.75,0,True,2.1214173999615014,0.5303543499903753
2.15806245803833,2.685299873352051,0.9131559760053474,0.8408988811398507,15.36788556122967,15.29308824774262,11.551385105872017,True,1.1482268571853638,1.610485553741455,0.8544651866102106,0.750651898822037,-0.1988037961812715,-0.1974806277204283,-0.4259916830506472,15.49056887546305,15.566689357410942,1.0098356008529663,1.0748143196105957,0.0586907893951367,onnx:artifacts/model_simple.onnx,combat_real/0073,combat_real,5639,0.13,0,False,1.9211719000013543,0.4802929750003386
1.8050110340118408,2.176180124282837,0.8317427651542487,0.6897334266151222,10.202702960280943,10.41595522893422,9.7270142865213,True,1.1369202136993408,1.3498375415802002,0.6607749751361099,0.5705294134189295,2.428622552217018,2.393768525074609,6.031750493100685,8.02218670385961,7.774080408063927,0.6680908203125,0.8263425827026367,0.1709677900181387,onnx:artifacts/model_simple.onnx,combat_real/0074,combat_real,672,2.43,0,False,1.9898579000146128,0.4974644750036532
2.14819598197937,2.572906970977783,0.9568380623422028,0.8959812160456262,12.351284405558996,12.50755220016907,11.53408293112923,True,1.2185298204421997,1.547800064086914,0.9462041081701588,0.8020430909455101,10.516810375169916,10.50458512766516,6.564356938158289,2.0029670725039086,1.83447403038908,0.9296661615371704,1.0251069068908691,0.0106339541720439,onnx:artifacts/model_simple.onnx,combat_real/0075,combat_real,6829,10.77,0,False,2.51833740004804,0.62958435001201
1.5172667503356934,2.6450235843658447,0.8612932902120802,0.6789758039151984,10.937767936372808,11.26612719273916,8.09165711898229,True,1.1905477046966553,1.7546100616455078,0.7668530807033641,0.5961292348313165,3.8816673582720873,3.8590514799561215,5.249739699441676,7.407075712783037,7.05610057810072,0.3267190456390381,0.8904135227203369,0.0944402095087161,onnx:artifacts/model_simple.onnx,combat_real/0076,combat_real,1089,4.09,0,False,2.6395118000218645,0.6598779500054661
1.578749179840088,2.0305988788604736,0.7359204501551908,0.6046229851007563,7.752682765228381,7.336928026381275,3.3344502724642746,True,1.127328872680664,1.3904290199279783,0.6260676895237022,0.5019944901434349,2.946562788153881,1.730079860372005,-1.161477123828232,5.606848166009271,4.8061199770745,0.4514203071594238,0.6401698589324951,0.1098527606314886,onnx:artifacts/model_simple.onnx,combat_real/0077,combat_real,1089,9.81,0,True,2.2562098000198603,0.5640524500049651
1.1751813888549805,1.4755271673202517,0.7638290232677298,0.5595962425459249,5.4640726371728565,6.545841769833621,4.806366541838338,True,1.0795209407806396,1.308894157409668,0.6447935356070701,0.4788560741380487,-1.3272788030480505,-1.2977022456576286,-0.5061242484708907,7.84354401549125,6.791351440220907,0.0956604480743408,0.1666330099105835,0.1190354876606597,onnx:artifacts/model_simple.onnx,combat_real/0078,combat_real,6930,1.54,0,True,2.5605495999916457,0.6401373999979114
1.1468583345413208,1.4260313510894775,0.6297301299675814,0.4522112268504507,0.494363061205772,2.98688231647163,2.2416137534267437,True,1.051877737045288,1.2849332094192505,0.5894839833277746,0.4261954964077767,-9.00659153308158,-8.919738826388052,-4.782269240278859,11.90662114285968,9.500954594287352,0.0949805974960327,0.141098141670227,0.0402461466398067,onnx:artifacts/model_simple.onnx,combat_real/0079,combat_real,8463,4.13,0,True,2.141370300028939,0.5353425750072347
1.4257562160491943,2.27677059173584,0.7827041485021367,0.5405168333657311,12.038661913533945,12.08076104071064,6.993888861848347,True,1.2226780652999878,1.6671545505523682,0.7207638952709479,0.4995544679240179,6.150786787705819,6.271561113551153,2.3285767393158543,5.809199927159488,5.887875125828124,0.2030781507492065,0.6096160411834717,0.0619402532311887,onnx:artifacts/model_simple.onnx,combat_real/0080,combat_real,908,12.51,0,True,3.020435299957171,0.7551088249892928
1.2271766662597656,1.5590605735778809,0.7774072384732086,0.5806579540202871,6.522268453823237,7.208550142722726,4.663887421181765,True,1.0586705207824707,1.2222782373428345,0.7292458999495385,0.4254750163942778,1.480616262193051,1.487914633901775,-0.5610906550725031,5.720635508820951,5.041652191630186,0.1685061454772949,0.3367823362350464,0.0481613385236701,onnx:artifacts/model_simple.onnx,combat_real/0081,combat_real,7021,2.38,0,False,2.241869899968151,0.5604674749920378
1.9410737752914429,2.567355155944824,0.9018068788777692,0.7536596708091536,5.89487639920786,6.824105390542271,4.938895866291027,True,1.2650755643844604,1.6705951690673828,0.8213894243919682,0.598947402931695,4.231547388910107,4.750591203545486,1.6726032671561428,2.0735141869967846,1.663329010297753,0.6759982109069824,0.8967599868774414,0.0804174544858011,onnx:artifacts/model_simple.onnx,combat_real/0082,combat_real,121,17.28,0,True,2.526943500037305,0.6317358750093263
2.077177762985229,2.908325433731079,0.9173788246515868,0.8151112170162541,12.628721971692922,12.834323582228516,9.065612588862106,True,1.422762393951416,2.073073625564575,0.865047650494258,0.7203429842647547,9.947819855216334,9.921313419368843,6.068507305688985,2.9130101628596723,2.680902116476588,0.6544153690338135,0.8352518081665039,0.0523311741573288,onnx:artifacts/model_simple.onnx,combat_real/0083,combat_real,908,17.95,0,True,2.5350679000257514,0.6337669750064379
2.36612868309021,2.8035268783569336,0.9475558323161176,0.8692031397521481,16.070758426899012,16.03971582591488,12.562444170689758,True,1.3757411241531372,1.7874925136566162,0.875712920682804,0.8077194601315121,12.087456828205266,12.077203957348171,9.045711861717422,3.962511868566706,3.983301598693746,0.9903875589370728,1.0160343647003174,0.0718429116333136,onnx:artifacts/model_simple.onnx,combat_real/0084,combat_real,1284,15.77,0,True,2.673486999992747,0.6683717499981867
1.653416872024536,2.314558267593384,0.8692175075814241,0.7125056481753329,3.984034735013093,5.144651863171335,3.893449880957127,True,1.2795732021331787,1.8683850765228271,0.8173434359860401,0.6077940575146069,0.9079783863224586,0.6799737172187397,-1.60174943107105,4.464678145952595,3.076056348690634,0.3738436698913574,0.4461731910705566,0.051874071595384,onnx:artifacts/model_simple.onnx,combat_real/0085,combat_real,4992,14.17,0,True,2.227561399980914,0.5568903499952285
1.127786636352539,1.4413139820098877,0.6821836280513001,0.335901800620823,5.388013916577484,6.476479449246424,2.268561334712526,True,1.0304359197616575,1.2691398859024048,0.5688065447310696,0.2918154404847486,-4.054632923818287,-4.0157363260844985,-4.740996086731878,10.492215775330925,9.44264684039577,0.0973507165908813,0.1721740961074829,0.1133770833202304,onnx:artifacts/model_simple.onnx,combat_real/0086,combat_real,237,4.6,0,True,2.1921301999827847,0.5480325499956962
2.2760818004608154,2.8057684898376465,0.9468273373586416,0.8886236330032816,17.40466285267237,17.383892982962323,14.916315703984743,True,1.09894859790802,1.224298357963562,0.8270511356894841,0.743408802617688,7.5245643417029076,7.542521846206045,10.225784784160876,9.841371136756278,9.880098510969464,1.1771332025527954,1.5814701318740845,0.1197762016691574,onnx:artifacts/model_simple.onnx,combat_real/0087,combat_real,4992,7.83,0,False,3.007898799958639,0.7519746999896597
2.012114763259888,2.575990676879883,0.9208121716036402,0.8498623967593624,14.929433274574272,14.95324458028652,12.809315360149103,True,1.3309762477874756,1.7157007455825806,0.8781760356242271,0.7947350938789847,11.58734097102718,11.59922545609986,9.380394531391882,3.35401912418666,3.3420923035470924,0.6811385154724121,0.8602899312973022,0.042636135979413,onnx:artifacts/model_simple.onnx,combat_real/0088,combat_real,3575,12.01,0,False,2.17424469999969,0.5435611749999225
3.630282640457153,3.802785634994507,0.9939901772572926,0.9757191420775448,20.108633037601887,19.952091123749074,22.48815081991904,True,2.742698431015014,2.899553775787353,0.9931655839190008,0.9766329038540336,17.74802991486122,17.75473648372452,27.401266816171805,2.197354640024553,2.3606031227406667,0.8875842094421387,0.9032318592071532,0.0008245933382918,onnx:artifacts/model_simple.onnx,combat_real/0089,combat_real,6930,17.75,0,False,2.5677577000460587,0.6419394250115147
1.469345211982727,2.343264579772949,0.8427765232801917,0.7001806324332179,11.8637641243967,12.037525045333084,6.985925862442879,True,1.0897040367126465,1.4859848022460938,0.7830843397891943,0.5872190008416854,6.062271362090988,6.029463862110046,0.5116424771673629,6.008061183223037,5.801492762305711,0.3796411752700805,0.8572797775268555,0.0596921834909973,onnx:artifacts/model_simple.onnx,combat_real/0090,combat_real,1089,6.55,0,False,2.4904768000124022,0.6226192000031006
1.0998306274414062,1.3730775117874146,0.6495374797959544,0.3224195829344433,0.1678297600386125,2.953738480919452,3.128463794585609,True,1.056448459625244,1.2421520948410034,0.5493454719944801,0.2414125681211369,-3.227942075483906,-0.72418936165565,-1.053849594055152,3.677927842575102,3.3957718355225186,0.0433821678161621,0.1309254169464111,0.1001920078014743,onnx:artifacts/model_simple.onnx,combat_real/0091,combat_real,4077,11.3,0,True,1.909908900037408,0.4774772250093519
2.6089096069335938,3.143193483352661,0.898217102843516,0.8622310224953436,19.41743029568658,19.12561652807626,13.353180902978984,True,1.811504364013672,2.7239840030670166,0.9052790188074156,0.838802197556466,18.19334255393903,18.19523552237205,15.14063065837683,0.9303810057042092,1.2240877417475495,0.7974052429199219,0.4192094802856445,-0.0070619159638994,onnx:artifacts/model_simple.onnx,combat_real/0092,combat_real,1188,18.2,0,False,2.6232422000030056,0.6558105500007514
2.4212486743927,2.988813877105713,0.9102151036092327,0.8052457852312436,14.265780836681294,14.16336413095273,9.727764023366888,True,1.3409610986709597,2.342026948928833,0.8617616017699654,0.7064571479265342,9.658769960841283,9.619424142935497,7.513950541004767,4.543939988017234,4.607010875840009,1.0802875757217407,0.6467869281768799,0.0484535018392674,onnx:artifacts/model_simple.onnx,combat_real/0093,combat_real,3729,13.64,0,True,2.069203599996399,0.5173008999990998
2.40451979637146,3.024862289428711,0.8843258573869878,0.7754550250798588,16.053269967347386,16.003651222601725,12.951810324989967,True,1.914103388786316,2.7180309295654297,0.8291791583165271,0.7483354286917075,15.60852049735482,15.619250252478745,13.13920281372407,0.3844009701229804,0.4447494699925673,0.490416407585144,0.3068313598632812,0.0551466990704606,onnx:artifacts/model_simple.onnx,combat_real/0094,combat_real,7127,15.67,0,False,2.557286499999464,0.6393216249998659
1.222165822982788,1.6056201457977295,0.7603031861400034,0.6071821971384281,4.854546534745071,5.7967011488709925,4.395972953835307,True,1.0363800525665283,1.2064744234085083,0.6337280467115906,0.3625956035246617,-2.936830958302467,-2.9853404083961004,-3.2249361221560444,8.782041557267092,7.791377493047539,0.1857857704162597,0.3991457223892212,0.1265751394284128,onnx:artifacts/model_simple.onnx,combat_real/0095,combat_real,121,4.75,0,True,2.85085580003215,0.7127139500080375
2.549823045730591,3.386959314346313,0.9311106318314588,0.8561715962770935,12.201422822885608,12.329050974818824,10.98967989438501,True,1.7534830570220947,2.688302755355835,0.9042946731293146,0.8034780775092266,10.571373002903927,10.61207925494567,11.061117515190164,1.7169717198731558,1.6300498199816786,0.7963399887084961,0.6986565589904785,0.0268159587021443,onnx:artifacts/model_simple.onnx,combat_real/0096,combat_real,1221,18.1,0,True,2.58869170001708,0.6471729250042699
2.3181254863739014,2.8345468044281006,0.9624249048038592,0.882325296126185,13.620931855209404,13.680289597873292,10.432406420795552,True,1.663297176361084,2.2142653465271,0.9448437702086956,0.8139294600767232,11.831887887874847,11.863346395340916,8.874918919507625,1.816943202532375,1.789043967334555,0.6548283100128174,0.620281457901001,0.0175811345951636,onnx:artifacts/model_simple.onnx,combat_real/0097,combat_real,1320,12.03,0,False,2.9218560999725014,0.7304640249931253
1.816688179969788,2.4827799797058105,0.812390889404903,0.5754373799838253,8.89055580541436,9.293781700919402,5.129478580275069,True,1.2417858839035034,1.8035202026367188,0.6934317748080635,0.458729929893308,4.781557758915586,4.848703364561092,0.6130324644232746,4.44507833635831,4.108998046498774,0.5749022960662842,0.6792597770690918,0.1189591145968395,onnx:artifacts/model_simple.onnx,combat_real/0098,combat_real,908,14.08,0,True,2.0979583999724127,0.5244895999931032
1.951464295387268,2.480652332305908,0.9139531564121616,0.7883955157670396,12.3829192516508,12.519281763754488,9.632892433156378,True,1.21191143989563,1.486333250999451,0.8178229877567225,0.6571797416323533,6.169069841172561,6.133727545452827,5.959926453726916,6.385554218301661,6.213849410478238,0.7395528554916382,0.9943190813064576,0.096130168655439,onnx:artifacts/model_simple.onnx,combat_real/0099,combat_real,4446,6.98,0,False,2.285600700008217,0.5714001750020543
1.6975224018096924,2.35875940322876,0.8183852598328392,0.6437541145817053,11.523922806543997,11.813354734281631,8.068795293994135,True,1.1353518962860107,1.5098915100097656,0.6607186515155515,0.4638132594416875,6.56227679482752,6.544134470374109,1.971062380153352,5.269220263907522,4.961646011716477,0.5621705055236816,0.8488678932189941,0.1576666083172876,onnx:artifacts/model_simple.onnx,combat_real/0100,combat_real,4507,14.92,0,True,2.249123999965377,0.5622809999913443
1.3605470657348633,1.7807948589324951,0.8312251345068762,0.6314371424219494,10.7407724901299,10.986537551893283,6.399785735714335,True,1.0775377750396729,1.4200539588928225,0.8015643605489885,0.557888359649246,6.086607980794556,6.107682910917251,1.010843723688369,4.878854640976033,4.654164509335343,0.2830092906951904,0.3607409000396728,0.0296607739578876,onnx:artifacts/model_simple.onnx,combat_real/0101,combat_real,5142,10.11,0,True,2.248147099977359,0.5620367749943398
1.3991451263427734,2.6034717559814453,0.8157110219667829,0.6681712523493704,8.281221920618382,8.865437080352978,4.804403073462188,True,1.1953125,2.0170934200286865,0.7765266878503524,0.6207866886810521,4.13656993720334,4.160920235137626,-0.3818396133321943,4.704516845215352,4.144651983415042,0.2038326263427734,0.5863783359527588,0.0391843341164305,onnx:artifacts/model_simple.onnx,combat_real/0102,combat_real,6930,17.89,0,True,2.1814833999960683,0.5453708499990171
2.118295431137085,2.617466688156128,0.9442398770639332,0.840048461667543,11.184501714811388,11.371887536453848,8.5018221496021,True,1.315250277519226,1.8216547966003416,0.889689666651,0.6452882359365552,4.955384335916241,4.982404168225654,0.4994354481391114,6.389483368228194,6.229117378895147,0.8030451536178589,0.7958118915557861,0.054550210412933,onnx:artifacts/model_simple.onnx,combat_real/0103,combat_real,7127,4.98,0,False,2.08228449994931,0.5205711249873275
1.829542875289917,2.352644205093384,0.793745371239037,0.6249887232128327,10.74360156732908,10.954608371252794,7.017018266037489,True,1.1386083364486694,1.2539381980895996,0.6318988630248903,0.5481952047534063,3.189585809638765,3.159812168569156,1.0807320434895336,7.794796202683639,7.554015757690316,0.6909345388412476,1.0987060070037842,0.1618465082141467,onnx:artifacts/model_simple.onnx,combat_real/0104,combat_real,908,10.97,0,True,2.0136348999803886,0.5034087249950971
1.7200019359588623,2.2622265815734863,0.8077732903383621,0.6616471205550215,8.169650633180577,8.782431563521037,5.908504541251241,True,1.1850090026855469,1.3859798908233645,0.7681307029856087,0.6075082751772846,2.6024117833195657,2.389288733590407,1.882558347720081,6.39314282993063,5.567238849861012,0.5349929332733154,0.8762466907501221,0.0396425873527533,onnx:artifacts/model_simple.onnx,combat_real/0105,combat_real,672,6.95,0,True,2.086396500002593,0.5215991250006482
3.476346492767334,3.648657321929932,0.938197189842927,0.9028745246749268,20.233834283576883,20.14307231460833,17.664009152109546,True,3.497519493103028,3.6053218841552734,0.9375335333490328,0.9035632319269746,15.924037707305123,15.93051621478826,15.358068115831776,4.21255609982007,4.30979657627176,-0.0211730003356933,0.0433354377746582,0.0006636564938941,onnx:artifacts/model_simple.onnx,combat_real/0106,combat_real,7127,15.96,0,False,2.162858099967707,0.5407145249919267
1.470015048980713,1.8744562864303589,0.8520378076664592,0.6479317159009168,9.895406322142334,10.246547826099972,7.488053182420019,True,1.1015560626983645,1.3177237510681152,0.7983862221413143,0.5338411989306113,2.111736877470859,2.0959923358281527,2.0716640964880764,8.15055549027182,7.783669444671474,0.3684589862823486,0.5567325353622437,0.0536515855251449,onnx:artifacts/model_simple.onnx,combat_real/0107,combat_real,4970,3.0,0,False,2.152854899992235,0.5382137249980588
1.3667664527893066,1.884366750717163,0.8127861935022234,0.6564480292863716,8.002923631192717,8.61859548779886,5.708418837105305,True,1.0672528743743896,1.4591224193572998,0.7009753027911445,0.479708092544457,3.953209064246528,3.7977737635125006,0.0474474919885187,4.820821724286359,4.0497145669461885,0.299513578414917,0.4252443313598633,0.1118108907110788,onnx:artifacts/model_simple.onnx,combat_real/0108,combat_real,8230,12.21,0,True,2.047360700031277,0.5118401750078192
1.931443452835083,2.5724081993103027,0.93722005411126,0.871704003528599,15.497726365825876,15.617481238178808,13.154820696377202,True,1.2861316204071045,1.7027580738067627,0.8827998058771271,0.7590808399316761,9.009065020540469,9.0135207746096,7.479414527759568,6.603960463569209,6.488661345285406,0.6453118324279785,0.86965012550354,0.0544202482341327,onnx:artifacts/model_simple.onnx,combat_real/0109,combat_real,121,16.1,0,True,2.182388700020965,0.5455971750052413
1.3570621013641355,1.8531913757324217,0.8174886530625883,0.6812173548795414,7.298353052073226,7.878668320519655,6.091187960634518,True,1.0810362100601196,1.355077862739563,0.7288995852049202,0.5635424945169578,2.66152738788704,2.728804417179074,0.108503810292278,5.149863903340581,4.636825664186186,0.2760258913040161,0.4981135129928589,0.0885890678576681,onnx:artifacts/model_simple.onnx,combat_real/0110,combat_real,1221,2.73,0,False,2.20067290001316,0.55016822500329
1.564802169799805,2.138360023498535,0.836974704042361,0.6632662913346732,10.724674743275536,11.008991395005848,5.951166014362433,True,1.0954227447509766,1.5447025299072266,0.7780516161969517,0.5126066221347712,4.908209065974655,4.893346044807466,-0.2874519423119833,6.11564535019838,5.81646567730088,0.4693794250488281,0.5936574935913086,0.0589230878454092,onnx:artifacts/model_simple.onnx,combat_real/0111,combat_real,1580,5.36,0,False,2.2218384000007063,0.5554596000001766
1.746026635169983,2.26624608039856,0.8734876287150776,0.6861846878402982,12.513685126621406,12.28293776221278,7.833241056416654,True,1.293330430984497,1.8134381771087649,0.8560161093458764,0.6179385709706776,11.31404580220858,11.376068319967082,5.368747021659156,0.9068694422456982,1.1996393244128267,0.4526962041854858,0.4528079032897949,0.0174715193692012,onnx:artifacts/model_simple.onnx,combat_real/0112,combat_real,4077,11.38,0,False,2.4403732999926437,0.6100933249981608
2.8071930408477783,3.257420778274536,0.9774045211027382,0.9252865039147716,18.555897808382305,18.50436179159074,16.06734991655332,True,2.1622860431671143,2.6120028495788574,0.9728560034176744,0.9084497476159342,19.0435123651636,18.951352545825195,15.980239755208965,-0.4469907542344558,-0.4876145567812955,0.6449069976806641,0.6454179286956787,0.0045485176850638,onnx:artifacts/model_simple.onnx,combat_real/0113,combat_real,4446,19.22,0,False,2.092280499986373,0.5230701249965932
1.1255921125411987,1.426997184753418,0.6857321481233707,0.396445767096064,2.2073751669916053,4.161841637710776,2.362267721034181,True,1.0442421436309814,1.2766339778900146,0.5571815630284968,0.3312151256226086,-2.1374128061770308,-2.006060419326396,-3.2412092479446897,6.167902057037171,4.344787973168636,0.0813499689102172,0.1503632068634033,0.1285505850948739,onnx:artifacts/model_simple.onnx,combat_real/0114,combat_real,4077,7.94,0,True,2.014051799953449,0.5035129499883624
1.3825616836547852,1.8089165687561035,0.7686338688102662,0.5761381805413754,5.913395499960541,6.759868831782587,5.20303715646446,True,1.0629419088363647,1.31349515914917,0.6778260233106206,0.4289511217503133,3.3760270383995303,3.2924751052417767,1.093140790597522,3.46739372654081,2.5373684615610106,0.3196197748184204,0.4954214096069336,0.0908078454996456,onnx:artifacts/model_simple.onnx,combat_real/0115,combat_real,61,11.95,0,True,2.141682799963746,0.5354206999909366
2.3005611896514893,2.835550308227539,0.922947907986132,0.7893857331518953,12.601099042441067,12.805555007448504,9.973691370161026,True,1.5785306692123413,2.0137722492218018,0.8863683002852836,0.7458123387167505,11.426760786583907,11.291157270126948,8.000783776140254,1.5143977373215556,1.17433825585716,0.722030520439148,0.8217780590057373,0.0365796077008485,onnx:artifacts/model_simple.onnx,combat_real/0116,combat_real,1284,13.75,0,True,2.220651499985252,0.5551628749963129
1.4711296558380127,2.027998924255371,0.8369969382705909,0.666061696837284,11.73766394964912,11.925561304132684,8.332746275055088,True,1.0798392295837402,1.3875830173492432,0.8019136036631908,0.5100952885486633,3.528595585609759,3.489730346801996,-0.1193517596251268,8.435830957330689,8.20906836403936,0.3912904262542724,0.6404159069061279,0.0350833346074,onnx:artifacts/model_simple.onnx,combat_real/0117,combat_real,7021,5.21,0,False,2.1608839000109583,0.5402209750027396
2.4204137325286865,2.841052532196045,0.9352533438768622,0.87614186919274,19.380786276561,19.21885906895822,15.575303148924778,True,1.3593955039978027,1.8328795433044436,0.9207189505057016,0.8366927018314544,16.76540599777026,16.77573924865381,12.637441185018831,2.4431198203044104,2.6153802787907416,1.0610182285308838,1.0081729888916016,0.0145343933711605,onnx:artifacts/model_simple.onnx,combat_real/0118,combat_real,1320,16.87,0,False,2.3402964000124484,0.5850741000031121
1.083889126777649,1.2426024675369265,0.5560048145964137,0.3409391958564408,0.9292195529393088,3.1875675111980426,1.0809376989310466,True,1.0434635877609253,1.09376323223114,0.3613813424468946,0.3392577279719098,-7.4228751458359135,-10.916622863259974,-6.616842115633984,14.104190374458016,8.352094698775222,0.0404255390167236,0.1488392353057861,0.194623472149519,onnx:artifacts/model_simple.onnx,combat_real/0119,combat_real,6930,7.62,0,True,2.152007800003048,0.538001950000762
2.034428596496582,2.45401668548584,0.8181692883524265,0.6737953335126102,11.370855164771104,11.674092011376942,12.02726151824295,True,1.173906326293945,1.8050144910812376,0.7612270662191832,0.5967023206254634,1.8435409919470145,1.815553947404346,8.245300280538192,9.858538063972595,9.52731417282409,0.8605222702026367,0.649002194404602,0.0569422221332432,onnx:artifacts/model_simple.onnx,combat_real/0120,combat_real,1580,2.5,0,False,2.0487755000358447,0.5121938750089612
2.1589972972869877,3.1859893798828125,0.9298149629865488,0.8199012183762516,14.161902601873662,14.205029017655534,8.911815090917244,True,1.4449371099472046,2.1749367713928223,0.8806459397687386,0.7181483806159418,8.713703516839473,8.715321947503465,3.937761601172504,5.489707070152068,5.448199085034188,0.7140601873397827,1.0110526084899902,0.0491690232178102,onnx:artifacts/model_simple.onnx,combat_real/0121,combat_real,237,8.85,0,False,1.880853799986653,0.4702134499966632
2.380904197692871,3.111356019973755,0.9688960224860512,0.927584503186436,11.784864680335051,11.956123863645908,9.779834121501166,True,2.031339406967163,2.6560041904449463,0.98345464914001,0.9358090434778052,6.813991129249861,6.808654809995787,4.893750321479581,5.147469053650122,4.97087355108519,0.349564790725708,0.4553518295288086,-0.0145586266539589,onnx:artifacts/model_simple.onnx,combat_real/0122,combat_real,6829,14.9,0,True,2.100800200016238,0.5252000500040594
1.4396569728851318,1.834032416343689,0.746258504087813,0.5249020199684384,9.060813702234626,8.281802318780011,5.434298598342862,True,1.089841604232788,1.407778024673462,0.5787632440482052,0.4020997445931709,4.194065627377343,3.599788920807694,0.8440092086036584,4.682013397972318,4.866748074857282,0.3498153686523437,0.426254391670227,0.1674952600396078,onnx:artifacts/model_simple.onnx,combat_real/0123,combat_real,1320,9.9,0,True,2.1495283999829558,0.5373820999957388
1.5159339904785156,2.1741113662719727,0.7866111593670448,0.561132256035059,8.610699898778932,9.129811102898705,5.144293819408962,True,1.116299748420715,1.5306475162506104,0.720662005982492,0.4216303311712015,3.590497807273884,3.667797463553808,-0.2466560006728357,5.462013639344895,5.020202091505049,0.3996342420578003,0.6434638500213623,0.0659491533845528,onnx:artifacts/model_simple.onnx,combat_real/0124,combat_real,4077,3.97,0,False,2.095688599976711,0.5239221499941777
1.8033902645111084,2.42179799079895,0.9177557835133656,0.832613199632836,5.578144770708319,6.639002042557765,7.89936798798309,True,1.4083102941513062,2.0409867763519287,0.9349323819300208,0.7940823854310524,7.478778703031522,7.530628205818422,4.0299996269510086,-0.891626163260657,-1.9006339323232035,0.3950799703598022,0.3808112144470215,-0.0171765984166553,onnx:artifacts/model_simple.onnx,combat_real/0125,combat_real,6829,16.43,0,True,2.1865228000096977,0.5466307000024244
1.2233017683029177,1.582616090774536,0.7363311599240638,0.4551407855405373,5.262060512077307,6.275863740991917,3.729317872429288,True,1.0610792636871338,1.3060176372528076,0.6876504054587295,0.3928200495790335,0.8425766797174064,0.6560182437926982,-1.2686653446953846,5.619845497199218,4.419483832359901,0.1622225046157837,0.2765984535217285,0.0486807544653343,onnx:artifacts/model_simple.onnx,combat_real/0126,combat_real,7176,4.8,0,True,2.066332299960777,0.5165830749901943
1.6016159057617188,1.999632835388184,0.7887238900782912,0.6910322070735737,10.74840670556435,11.085463411782245,8.539484253191434,True,1.1447060108184814,1.5491241216659546,0.7233630790688185,0.5760051470267752,7.059891228257602,7.045252073880283,4.455847131744718,4.04021133790196,3.688515477306748,0.4569098949432373,0.450508713722229,0.0653608110094727,onnx:artifacts/model_simple.onnx,combat_real/0127,combat_real,672,11.86,0,True,2.064449199999217,0.5161122999998042
1.3748087882995603,1.82906174659729,0.8294421111969646,0.7043705026780901,8.378933955139827,8.964335763574985,6.793527011211216,True,1.079218864440918,1.4183924198150637,0.7730426196163714,0.5840418469449811,1.8106079439610336,1.751918799689246,0.5997576370575619,7.212416963885738,6.568326011178793,0.2955899238586426,0.4106693267822265,0.0563994915805932,onnx:artifacts/model_simple.onnx,combat_real/0128,combat_real,4992,10.8,0,True,2.069199199962896,0.5172997999907238
1.3841040134429932,1.9129810333251955,0.8063318554650126,0.6103575350686578,5.945944364323569,6.7285259570336775,5.901884246448145,True,1.0691313743591309,1.3686277866363523,0.7451721137322734,0.5025685236424463,-4.755135355009188,-4.59395497560132,-2.5283740968144004,11.322480932634996,10.701079719332755,0.3149726390838623,0.5443532466888428,0.0611597417327391,onnx:artifacts/model_simple.onnx,combat_real/0129,combat_real,4446,2.75,0,True,2.075603900011629,0.5189009750029072
1.073024868965149,1.2406731843948364,0.61770211031042,0.3844466427153943,2.09220123225619,3.181750096042183,2.935952102887071,True,1.1180267333984375,1.3805474042892456,0.4772172889383944,0.3047622990393258,-2.537442424977275,0.0412591572794022,-1.2907381604523709,3.140490938762781,4.629643657233466,-0.0450018644332885,-0.1398742198944091,0.1404848213720256,onnx:artifacts/model_simple.onnx,combat_real/0130,combat_real,8555,5.08,0,True,1.960830199997872,0.490207549999468
3.676851511001587,4.190800189971924,0.9827511053141088,0.9411290869510672,15.26741250831562,15.330417556683944,12.823003012853729,True,2.971550941467285,3.885187387466431,0.980110539393347,0.9189506306833188,14.834946955237138,14.864786491305535,11.198704011318483,0.4656310653784086,0.4324655530784831,0.7053005695343018,0.3056128025054931,0.0026405659207616,onnx:artifacts/model_simple.onnx,combat_real/0131,combat_real,2094,14.86,0,False,2.148804300057236,0.537201075014309
2.4892706871032715,3.156956911087036,0.9548265505932124,0.8403370996821939,20.299491245570884,20.144455546170867,14.807699399084164,True,1.7629024982452393,2.244780778884888,0.9446797744758154,0.804987964177496,18.772137001872043,18.765286748889164,13.325315982634088,1.3791687972817035,1.5273542436988414,0.7263681888580322,0.9121761322021484,0.010146776117397,onnx:artifacts/model_simple.onnx,combat_real/0132,combat_real,61,18.77,0,False,1.9389178999699648,0.4847294749924913
1.2590866088867188,1.8121569156646729,0.8589777507799073,0.693369340188723,2.0684425983097627,4.14067711173857,3.1638869824908125,True,1.0957506895065308,1.374868392944336,0.7624933520597875,0.5588704365494674,-0.5874543607964106,-0.3996926113599975,-0.72342443305242,4.540369723098567,2.6558969591061734,0.163335919380188,0.4372885227203369,0.0964843987201198,onnx:artifacts/model_simple.onnx,combat_real/0133,combat_real,61,4.14,0,True,2.225417000008747,0.5563542500021867
1.884815454483032,2.25544548034668,0.844875881330857,0.740621218613565,11.834199072600189,11.967644056120308,10.118504693092742,True,1.1461191177368164,1.491686463356018,0.7943017265960495,0.6574139258434482,6.627290490799849,6.5038212698776565,4.433304797985121,5.46382278624265,5.20690858180034,0.7386963367462158,0.7637590169906616,0.0505741547348075,onnx:artifacts/model_simple.onnx,combat_real/0134,combat_real,3570,12.39,0,True,1.8817590999533425,0.4704397749883355
3.1723792552948,3.560879945755005,0.9800155166820737,0.9189671636982718,16.817556363607547,16.803779843971927,17.311034708673933,True,1.824081301689148,2.269979476928711,0.913937720113531,0.8520986602066453,19.539440026026384,19.5427361088148,21.30192683467365,-2.7389562648428694,-2.7218836624188363,1.348297953605652,1.290900468826294,0.0660777965685426,onnx:artifacts/model_simple.onnx,combat_real/0135,combat_real,6930,19.62,0,False,2.0188574000494555,0.5047143500123639
1.5394939184188845,1.8825634717941284,0.7874468841493191,0.6726017229548873,9.003887082175549,9.252567104026246,7.323678707638512,True,1.049924373626709,1.243085265159607,0.69657193736957,0.4934806216624544,3.04471511813017,3.0363923208301498,0.1746415124910519,6.216174783196097,5.959171964045378,0.4895695447921753,0.6394782066345215,0.090874946779749,onnx:artifacts/model_simple.onnx,combat_real/0136,combat_real,3575,7.26,0,True,2.329953600012232,0.5824884000030579
1.6926660537719729,2.4823389053344727,0.8162552752862334,0.6718353819489257,11.692200917890982,11.852216310053496,7.805754006542351,True,1.232153296470642,1.7656991481781006,0.7622103914310245,0.5975383905361721,6.965723987236512,6.941119343535479,4.139157621359117,4.911096966518017,4.726476930654471,0.4605127573013305,0.7166397571563721,0.0540448838552088,onnx:artifacts/model_simple.onnx,combat_real/0137,combat_real,8455,13.03,0,True,2.3727942999685183,0.5931985749921296
2.274168968200684,2.870764970779419,0.946064622623135,0.8894063457259587,14.170500374006842,14.304005581808696,14.879646669872194,True,1.189983367919922,1.8692690134048464,0.915021259673532,0.7942705516467212,7.853778152330159,7.864152235867802,12.242096349020557,6.439853345940893,6.316722221676683,1.0841856002807615,1.0014959573745728,0.0310433629496028,onnx:artifacts/model_simple.onnx,combat_real/0138,combat_real,4992,8.52,0,False,2.415674799995031,0.6039186999987578
2.112596273422241,2.8920738697052,0.8809608472378243,0.7299878299757488,11.593535311486663,11.82269118415144,7.140674319056753,True,1.385157585144043,1.9421272277832031,0.8195569324432641,0.5857072690647357,10.65343066522145,10.678177423743726,5.10451614677908,1.1445137604077136,0.9401046462652154,0.7274386882781982,0.9499466419219972,0.0614039147945602,onnx:artifacts/model_simple.onnx,combat_real/0139,combat_real,1284,15.91,0,True,2.1343050999566917,0.5335762749891728
1.553412914276123,2.1840808391571045,0.8415702711097287,0.7157358716253478,16.154568507923685,16.00039759311911,12.43180551052074,True,1.0450160503387451,1.1855995655059814,0.6642962808584826,0.5983216960171229,0.84795276342681,0.8565639618447967,3.816354213035797,15.143833631274314,15.306615744496874,0.5083968639373779,0.998481273651123,0.1772739902512461,onnx:artifacts/model_simple.onnx,combat_real/0140,combat_real,5639,7.05,0,True,2.240868099965155,0.5602170249912888
1.9276065826416016,2.700059175491333,0.8702942445777495,0.7549692412276862,10.034857469729406,10.38887171613396,7.275216532679926,True,1.265663981437683,2.018136501312256,0.8270623615923683,0.6386498562420769,5.9276348077155685,6.109745563599599,3.157365962674313,4.27912615253436,4.107222662013838,0.6619426012039185,0.6819226741790771,0.0432318829853811,onnx:artifacts/model_simple.onnx,combat_real/0141,combat_real,8455,12.24,0,True,2.143816699972376,0.5359541749930941
2.2715182304382324,2.8504137992858887,0.9364557894095096,0.8774128742687823,18.43904607771246,18.370498123454837,14.939341920432346,True,1.6630442142486572,2.0532257556915283,0.9453370200597496,0.8745502224577015,17.76614096620699,17.76450059790504,13.969794619449784,0.6059975255497925,0.6729051115054716,0.6084740161895752,0.7971880435943604,-0.0088812306502401,onnx:artifacts/model_simple.onnx,combat_real/0142,combat_real,237,18.23,0,False,1.9968765000230635,0.4992191250057658
2.024644136428833,2.638584613800049,0.8645455028352543,0.7522646423972951,10.49450001201117,10.749410178532845,11.446636262276282,True,1.1725866794586182,1.3003251552581787,0.7637256003144439,0.6478503395826596,0.5893734450518194,0.7508714749048035,7.450436080406347,9.99853870362804,9.90512656695935,0.8520574569702148,1.33825945854187,0.1008199025208104,onnx:artifacts/model_simple.onnx,combat_real/0143,combat_real,8230,0.69,0,False,2.223235100042075,0.5558087750105187
1.4012995958328247,1.786741018295288,0.7947119219627172,0.5797408482694196,6.766352557801335,7.5939073632076335,4.853893986743292,True,1.092307448387146,1.4235206842422483,0.7529626887408903,0.4604356479800964,0.904368889339578,0.9867132892041512,-0.0530449997087981,6.607194074003482,5.861983668461757,0.3089921474456787,0.3632203340530395,0.0417492332218268,onnx:artifacts/model_simple.onnx,combat_real/0144,combat_real,8455,2.32,0,False,1.7561405999585986,0.4390351499896496
1.9672870635986328,2.6497299671173096,0.9395674534512866,0.8578444806115584,16.843459737313875,16.883347559728275,14.720650705736244,True,1.1007157564163208,1.4451241493225098,0.8426402312116256,0.6781080939989477,11.2204983374828,11.227967964504446,12.722943654070209,5.655379595223829,5.622961399831075,0.866571307182312,1.2046058177947998,0.0969272222396609,onnx:artifacts/model_simple.onnx,combat_real/0145,combat_real,4992,11.58,0,False,1.9999260999611577,0.4999815249902894
1.287429690361023,1.6845784187316897,0.669393681261463,0.4313882486120192,2.854620321774973,4.616775182283011,2.845177531477462,True,1.0618634223937988,1.323557734489441,0.5440681959955821,0.3275126855081666,-2.0219883741870053,-1.3987249274740066,-4.66180134754548,6.015500109757018,4.876608695961979,0.2255662679672241,0.3610206842422485,0.1253254852658809,onnx:artifacts/model_simple.onnx,combat_real/0146,combat_real,3575,13.88,0,True,1.9638632999849504,0.4909658249962376
1.395401954650879,1.983973741531372,0.8407879525390033,0.6937748550637753,7.30716225007233,7.780485828392115,6.109612665005385,True,1.0832465887069702,1.35072922706604,0.7735787411725946,0.5810014842545957,4.783878297290144,5.197174883755187,2.794452030812132,2.5833109446369287,2.5232839527821858,0.3121553659439087,0.633244514465332,0.0672092113664086,onnx:artifacts/model_simple.onnx,combat_real/0147,combat_real,6930,14.37,0,True,1.976884400006384,0.4942211000015959
2.182222604751587,2.874737501144409,0.941726608296495,0.8707111237221761,15.34135743212878,15.36863678481569,11.878147884249138,True,1.3148996829986572,2.120513677597046,0.925645887658138,0.7955937399310294,11.93879778498789,11.902443992848376,7.93594654973755,3.4661927919673143,3.4025596471408885,0.8673229217529297,0.7542238235473633,0.016080720638357,onnx:artifacts/model_simple.onnx,combat_real/0148,combat_real,1995,19.3,0,True,1.8535894000087865,0.4633973500021966
1.837890863418579,2.5161843299865723,0.8763612821620302,0.787513460048288,10.426418560573278,10.666228050663278,10.423130695412553,True,1.1763752698898315,1.5691595077514648,0.8251371492422978,0.7349004101668627,-2.9597519769755287,-2.838177696213384,7.717611123148426,13.504405746876662,13.386170537548807,0.6615155935287476,0.9470248222351074,0.0512241329197324,onnx:artifacts/model_simple.onnx,combat_real/0149,combat_real,121,9.37,0,True,1.826237300003413,0.4565593250008533
2.8768110275268555,3.370904922485352,0.9871611765592384,0.9588780476869336,18.301872649289216,18.334147798029903,14.295326290209289,True,1.7775779962539673,2.6069207191467285,0.9827263689815632,0.9339140473137176,13.766999778597471,13.7748113981617,10.079454024270047,4.559336399868204,4.534872870691743,1.0992330312728882,0.763984203338623,0.0044348075776753,onnx:artifacts/model_wide32_simple.onnx,combat_real/0000,combat_real,5142,14.22,0,False,4.103756700002123,1.025939175000531
1.6336020231246948,2.387611389160156,0.8591512902820119,0.7536958967277548,8.643395562278133,9.121838471935549,6.894524069286214,True,1.0944379568099976,1.425382375717163,0.7461550723866142,0.5474554258796196,2.381685977219327,2.466183771996761,-0.3031655092486183,6.655654699938788,6.261709585058807,0.5391640663146973,0.9622290134429932,0.1129962178953977,onnx:artifacts/model_wide32_simple.onnx,combat_real/0001,combat_real,6829,6.3,0,True,3.534032900002785,0.8835082250006963
1.4396885633468628,2.246165990829468,0.8178119648219903,0.6041100639339757,4.519212978121503,5.8562952569806335,4.017362628909805,True,1.0687110424041748,1.6334933042526243,0.7326530122575895,0.4525497944112024,0.8583197349040397,1.9233402080150892,0.0187797072069824,3.932955048965544,3.660893243217463,0.370977520942688,0.6126726865768433,0.0851589525644007,onnx:artifacts/model_wide32_simple.onnx,combat_real/0002,combat_real,3570,10.51,0,True,4.0894461999996565,1.022361549999914
1.723931074142456,2.530281782150269,0.9810562975705768,0.8875451107700059,19.25435399400625,19.258720269434573,14.97575271642332,True,1.420651078224182,1.9763834476470947,0.9650607193618412,0.8522030864619468,14.01969752363414,14.022532253861469,11.69880830006586,5.236188015573104,5.234656470372112,0.3032799959182739,0.5538983345031738,0.0159955782087355,onnx:artifacts/model_wide32_simple.onnx,combat_real/0003,combat_real,5142,14.58,0,False,3.636999100039248,0.909249775009812
1.9240210056304927,2.575345277786255,0.9019518441077224,0.7843457303704613,16.165891353203563,16.149528612020983,14.987399860449605,True,1.1552923917770386,1.237722635269165,0.7502928452801717,0.7020562615800291,1.8822927023633176,1.885864982123108,9.884535315172132,14.263663629897875,14.283598650840243,0.7687286138534546,1.3376226425170898,0.1516589988275506,onnx:artifacts/model_wide32_simple.onnx,combat_real/0004,combat_real,1320,2.06,0,False,4.02241919998778,1.005604799996945
1.0884236097335815,1.3254750967025757,0.6523433369331928,0.5023518864175603,1.799474079501587,3.9756737846835866,2.2465815317931126,True,1.0486552715301514,1.1659276485443115,0.5170065102908645,0.3363339537228446,-4.817059574089573,-4.693057372535804,-4.57706574379103,8.66873115721939,6.61653365359116,0.0397683382034301,0.1595474481582641,0.1353368266423282,onnx:artifacts/model_wide32_simple.onnx,combat_real/0005,combat_real,5639,4.88,0,True,4.037752500036731,1.0094381250091828
1.772166728973389,2.4355034828186035,0.7806340955886443,0.567341155851867,12.737328670067342,12.906478863476025,7.4690509849558415,True,1.127884864807129,1.5659807920455933,0.6578365827588228,0.4050911048685637,5.5242180413736754,5.544427774948773,0.4647193378251747,7.362051088527251,7.213110628693666,0.6442818641662598,0.8695226907730103,0.1227975128298214,onnx:artifacts/model_wide32_simple.onnx,combat_real/0006,combat_real,4446,14.41,0,True,3.585210299992468,0.896302574998117
1.2722923755645752,1.8857808113098145,0.7947027516402955,0.6179114658071881,7.106663341125023,7.816776407582404,4.202906860897,True,1.060648798942566,1.3376762866973877,0.6766216383709958,0.4409130179489505,1.8642570910145588,1.7842860948088952,-2.5125788837428984,6.032490312773509,5.242406250110464,0.2116435766220092,0.5481045246124268,0.1180811132692997,onnx:artifacts/model_wide32_simple.onnx,combat_real/0007,combat_real,8455,1.78,0,False,3.896617099992,0.974154274998
1.302072048187256,1.710648536682129,0.8473247422597028,0.649839217926193,7.028107418674276,7.722597834907128,5.564208727598913,True,1.069558024406433,1.3004937171936035,0.7355688166820138,0.4727262669717827,2.459190611955669,2.5160307882276123,-0.5001729992359374,5.206567046679515,4.568916806718607,0.2325140237808227,0.4101548194885254,0.1117559255776889,onnx:artifacts/model_wide32_simple.onnx,combat_real/0008,combat_real,7176,9.15,0,True,4.302170899987686,1.0755427249969216
2.470609188079834,2.940514326095581,0.923839076004512,0.885872802431291,14.439455444889363,14.479688638096528,13.81002718845605,True,1.2395570278167725,1.5091373920440674,0.8510108809662421,0.7993403474971668,8.025084925013315,8.035162699911352,8.190911430702304,6.444525938185176,6.41437051987605,1.2310521602630615,1.4313769340515137,0.0728281950382698,onnx:artifacts/model_wide32_simple.onnx,combat_real/0009,combat_real,8555,8.37,0,False,4.351025499985553,1.0877563749963883
1.552073955535889,2.491891860961914,0.9070232063035064,0.7621020545775119,9.25685740028025,9.709204422256876,11.126507445183776,True,1.252745509147644,1.6381080150604248,0.7730984079627224,0.6577264292288892,2.7550416505753854,2.683573856972838,11.15115151928464,7.025630565284036,6.501815749704864,0.2993284463882446,0.8537838459014893,0.1339247983407839,onnx:artifacts/model_wide32_simple.onnx,combat_real/0010,combat_real,8463,2.82,0,False,4.05641060002381,1.0141026500059525
1.85076105594635,2.191563606262207,0.8640561248761806,0.7391003113160872,10.886273904453034,11.031726752228012,8.714586267152193,True,1.0636489391326904,1.246549367904663,0.804211178944469,0.616537367607713,7.368783796849429,7.425160351944291,4.516845755292589,3.6065664002837217,3.5174901076036056,0.7871121168136597,0.945014238357544,0.0598449459317115,onnx:artifacts/model_wide32_simple.onnx,combat_real/0011,combat_real,7729,7.81,0,False,3.643310400017072,0.910827600004268
1.3957821130752563,1.940569281578064,0.888386168562603,0.7903117585446311,9.42778603425251,9.85131739198324,7.189737317316101,True,1.090965986251831,1.37719988822937,0.7758211105078577,0.6221902517316602,0.7723955204233592,0.6437440536678467,1.0419010914719071,9.207573338315392,8.65539051382915,0.3048161268234253,0.5633693933486938,0.1125650580547452,onnx:artifacts/model_wide32_simple.onnx,combat_real/0012,combat_real,4446,4.22,0,True,3.881237499997951,0.9703093749994878
2.990023136138916,3.2931978702545166,0.958760208328947,0.9308288314532334,22.340515015106355,22.289372881585106,18.814964740357414,True,1.956859350204468,2.230350971221924,0.938504788414625,0.8972071933845176,19.02546345433166,19.03635536893625,16.15894182509716,3.2530175126488565,3.3150515607746947,1.0331637859344482,1.0628468990325928,0.020255419914322,onnx:artifacts/model_wide32_simple.onnx,combat_real/0013,combat_real,5683,19.82,0,False,3.9413007000111975,0.9853251750027994
1.480396032333374,1.9769004583358765,0.87223461974189,0.7816712119220256,15.459921155988992,15.555250027086394,13.485681423591428,True,1.1432641744613647,1.4824098348617554,0.8362229036712256,0.7286966199571423,11.472329390685587,11.484090983838476,9.812721832571098,4.071159043247917,3.9875917653034048,0.3371318578720093,0.4944906234741211,0.0360117160706643,onnx:artifacts/model_wide32_simple.onnx,combat_real/0014,combat_real,7021,12.18,0,False,4.0201806999975815,1.0050451749993954
1.4756884574890137,2.0097622871398926,0.8762182405837897,0.79785145964831,9.966291042385972,10.377193200735906,8.817702585019557,True,1.0472464561462402,1.2349746227264404,0.8131827375362395,0.6443776544198779,3.44590761483841,3.399495617731892,3.0108047784522154,6.977697583004014,6.5203834275475625,0.4284420013427734,0.7747876644134521,0.0630355030475502,onnx:artifacts/model_wide32_simple.onnx,combat_real/0015,combat_real,4992,3.83,0,False,3.90798590000486,0.976996475001215
2.9654011726379395,3.775651216506958,0.9563693363937285,0.8919808444131494,15.741128031889282,15.818598982951764,11.88963141691549,True,1.458653211593628,2.882866859436035,0.8957656942232725,0.7295451814382354,10.237371769498711,10.256285599897115,5.884950427911374,5.562313383054647,5.503756262390571,1.5067479610443115,0.8927843570709229,0.0606036421704559,onnx:artifacts/model_wide32_simple.onnx,combat_real/0016,combat_real,1580,19.43,0,True,3.719553700007964,0.929888425001991
2.429585695266724,3.123917818069458,0.913626264189642,0.7614673241616098,10.088817886108606,10.426981325726803,8.129693830123749,True,1.184518575668335,1.6505582332611084,0.8286576536748367,0.6085482842381795,7.638942747080749,7.804421106362601,5.413826551987459,2.622560219364204,2.4498751390278564,1.245067119598389,1.4733595848083496,0.0849686105148053,onnx:artifacts/model_wide32_simple.onnx,combat_real/0017,combat_real,2300,16.9,0,True,3.742670200008433,0.9356675500021084
1.3901267051696775,1.7306005954742432,0.8358091449394791,0.630667339926774,6.932256486162515,7.595241979687943,4.230652593795369,True,1.0744996070861816,1.2588250637054443,0.6768403682221378,0.4809653364259389,0.3320755581183509,0.3585188747093958,-1.5433370368493204,7.236723104978547,6.600180928044164,0.3156270980834961,0.4717755317687988,0.1589687767173413,onnx:artifacts/model_wide32_simple.onnx,combat_real/0018,combat_real,5142,3.65,0,True,3.95298110001022,0.988245275002555
1.873130202293396,2.375869035720825,0.8829452910932835,0.7861535725123716,15.167497462920332,15.152522571505108,10.61675186181044,True,1.0944746732711792,1.525357007980347,0.8180843396267543,0.6376461447474762,9.069593118704658,9.118295313686144,4.900558066946879,6.034227257818964,6.097904344215674,0.7786555290222168,0.8505120277404785,0.0648609514665291,onnx:artifacts/model_wide32_simple.onnx,combat_real/0019,combat_real,5683,9.47,0,False,3.39778280002065,0.8494457000051625
3.0475096702575684,3.7101757526397705,0.9800055176932688,0.9426446041666128,11.560911830235854,11.7415359477231,9.336730367894631,True,1.3713209629058838,2.720642328262329,0.9680097235638097,0.8883359307652422,0.7187968494580422,0.7805334182894823,1.5601537368877096,10.961002529433618,10.842114980777811,1.6761887073516846,0.9895334243774414,0.0119957941294592,onnx:artifacts/model_wide32_simple.onnx,combat_real/0020,combat_real,61,12.23,0,True,3.868946600006893,0.9672366500017232
2.0428659915924072,2.7348761558532715,0.9064989772717166,0.8299569830922593,16.742866059254894,16.758965488854432,13.100374634345346,True,1.300754427909851,1.9379844665527344,0.8122431816930552,0.7267085525684659,9.713350342831662,9.645824647144645,8.118465279623255,7.113140841709788,7.029515716423232,0.7421115636825562,0.7968916893005371,0.0942557955786613,onnx:artifacts/model_wide32_simple.onnx,combat_real/0021,combat_real,1580,9.91,0,False,3.5930226999917068,0.8982556749979267
1.5754024982452393,2.144209384918213,0.8968639105549404,0.8200146229018281,12.296388393659113,12.541365832525436,9.05885304059654,True,1.1078089475631714,1.4000968933105469,0.8332710286391859,0.7265454970667785,6.144461847796912,6.10304475221711,3.226643862663238,6.438321080308326,6.1519265458622,0.4675935506820678,0.744112491607666,0.0635928819157545,onnx:artifacts/model_wide32_simple.onnx,combat_real/0022,combat_real,237,6.73,0,False,3.4467955000000075,0.8616988750000019
3.1768510341644287,3.488152980804444,0.9817445472063774,0.961872324283076,24.76961349776584,24.344277049270776,23.92137912002055,True,1.4419926404953003,1.8641815185546875,0.9218527757581768,0.9080623276385288,18.86771540348931,18.87366682935111,24.03064616543759,5.470610219919667,5.901898094276529,1.7348583936691284,1.623971462249756,0.0598917714482004,onnx:artifacts/model_wide32_simple.onnx,combat_real/0023,combat_real,3570,18.87,0,False,3.385409299982712,0.8463523249956779
1.3663214445114136,2.01799750328064,0.7894045005944326,0.5417160460703174,7.929436176344638,8.566358337051662,6.84405678555073,True,1.2037253379821775,1.6049737930297852,0.7132506579653035,0.4499164740326596,0.8722461642794574,0.8184564084152129,2.258854041230789,7.747901928636449,7.057190012065181,0.1625961065292358,0.4130237102508545,0.076153842629129,onnx:artifacts/model_wide32_simple.onnx,combat_real/0024,combat_real,1089,0.82,0,False,3.8097054000245407,0.9524263500061352
1.760899782180786,2.27108097076416,0.758739735498085,0.567731767481058,11.15235907171326,11.3693226616928,7.406519268273136,True,1.1748284101486206,1.6732864379882812,0.6432499557168598,0.4313903410357892,2.955244361199858,3.0318924833247034,-1.0187060084122264,8.337430178368097,8.197114710513402,0.5860713720321655,0.5977945327758789,0.1154897797812252,onnx:artifacts/model_wide32_simple.onnx,combat_real/0025,combat_real,1188,12.91,0,True,3.445797400025185,0.8614493500062963
1.9581146240234373,2.8275463581085205,0.8990311920578903,0.7612279674492145,12.324937071540123,12.536354965205064,9.48633391719748,True,1.2956174612045288,2.137697696685791,0.8380200309366269,0.637934821114081,6.397999917605064,6.378682949698675,6.409154033167652,6.157672015506391,5.926937153935061,0.6624971628189087,0.6898486614227295,0.0610111611212633,onnx:artifacts/model_wide32_simple.onnx,combat_real/0026,combat_real,2961,7.27,0,False,3.533606300014071,0.8834015750035178
2.394005298614502,2.7427103519439697,0.950977282332275,0.9215152746386586,20.82483408530493,20.754336721218497,17.879577037359127,True,1.485770344734192,1.823035717010498,0.9432957830483196,0.8897575300413513,1.8996047723979583,1.9052122167475176,1.2025662125798218,18.84912450447098,18.92522931290697,0.90823495388031,0.9196746349334716,0.0076814992839554,onnx:artifacts/model_wide32_simple.onnx,combat_real/0027,combat_real,8555,2.0,0,False,3.4907239000312984,0.8726809750078246
2.3399434089660645,3.352962017059326,0.9583687129382932,0.88475284759845,15.786279694899063,15.881989599172275,16.44551247952055,True,1.5638551712036133,2.6547188758850098,0.910125352518822,0.8075855270335842,10.682103266893536,10.705173857315948,13.540147924213333,5.176815741856329,5.10417642800553,0.7760882377624512,0.6982431411743164,0.0482433604194711,onnx:artifacts/model_wide32_simple.onnx,combat_real/0028,combat_real,1089,11.19,0,False,3.555619499995373,0.8889048749988433
2.261605978012085,2.7283339500427246,0.9071511884536908,0.7998538185993631,12.330990730914856,12.49955096790598,9.445617448133214,True,1.1895004510879517,1.5453267097473145,0.8192229039649388,0.6633490392791725,8.229732906694476,8.277820341983764,4.805999043532241,4.221730625922215,4.101257824220381,1.0721055269241333,1.1830072402954102,0.0879282844887521,onnx:artifacts/model_wide32_simple.onnx,combat_real/0029,combat_real,4992,12.09,0,True,3.777740999998059,0.9444352499995148
2.344434261322021,2.8379135131835938,0.956229321176592,0.8881382732724795,18.469443634710416,18.51887350657005,13.506249481694,True,1.5226300954818726,2.2087347507476807,0.9493043196572344,0.8283747410322309,14.353588492614987,14.350849281155504,9.915883816663822,4.168024225414545,4.115855142095427,0.8218041658401489,0.6291787624359131,0.0069250015193578,onnx:artifacts/model_wide32_simple.onnx,combat_real/0030,combat_real,5683,14.71,0,False,3.75101970002288,0.93775492500572
2.3656604290008545,3.0565836429595947,0.9687767142946634,0.9402498242097248,17.08439418865393,17.137987295124,17.900469143644262,True,1.4942364692687988,2.0989556312561035,0.9592586660873476,0.9051393246149002,13.03022351673878,13.014234445339357,14.831534400136892,4.123752849784642,4.054170671915152,0.8714239597320557,0.9576280117034912,0.0095180482073157,onnx:artifacts/model_wide32_simple.onnx,combat_real/0031,combat_real,5683,13.53,0,False,3.3645625000353903,0.8411406250088476
3.324068069458008,3.873680353164673,0.988958519889326,0.9625256356992284,14.677339676181152,14.805940144291773,11.89045793561448,True,2.1857738494873047,3.077775239944458,0.987143157045934,0.9389561636526248,9.917576920423771,9.928976567732564,8.688792093822071,4.876963576559206,4.7597627557573805,1.1382942199707031,0.7959051132202148,0.001815362843392,onnx:artifacts/model_wide32_simple.onnx,combat_real/0032,combat_real,4992,10.26,0,False,3.344180400017649,0.8360451000044122
1.433504581451416,1.8187460899353027,0.7742955664601316,0.6452718670590732,10.984995469384174,11.12943801592997,7.355944070230574,True,1.045108437538147,1.1825909614562988,0.6512117649151719,0.4674677554449927,2.352893613093181,2.642558288480432,-1.8647043196785231,8.486879727449539,8.632101856290992,0.388396143913269,0.6361551284790039,0.1230838015449597,onnx:artifacts/model_wide32_simple.onnx,combat_real/0033,combat_real,5683,7.17,0,True,3.797515399986878,0.9493788499967196
2.308525562286377,3.0315709114074707,0.9186692059742616,0.8055976347054278,16.672995819166122,16.748777158603033,13.819694767543362,True,1.3968921899795532,2.4010822772979736,0.8651445952147453,0.7507273072674693,9.0235311756644,9.04360624996199,9.608455022084684,7.705170908641044,7.649464643501721,0.9116333723068236,0.6304886341094971,0.0535246107595162,onnx:artifacts/model_wide32_simple.onnx,combat_real/0034,combat_real,237,9.62,0,False,3.604182499984745,0.9010456249961862
1.1404454708099363,1.381521701812744,0.5555698862300672,0.4060160367342499,0.1573620167608675,2.7452595501947767,2.2509279516600715,True,1.0371134281158447,1.131813406944275,0.4649116316170597,0.3056251584772251,-2.799274704326181,-2.659006925524057,-3.593386356741369,5.404266475718834,2.9566367210870483,0.1033320426940918,0.2497082948684692,0.0906582546130075,onnx:artifacts/model_wide32_simple.onnx,combat_real/0035,combat_real,7729,6.69,0,True,3.439289200003259,0.8598223000008147
1.401244044303894,2.072936773300171,0.8627360672614457,0.768207929440056,7.174984616670821,7.827913053707874,6.242252283696009,True,1.1598703861236572,1.4543719291687012,0.798089010627821,0.6713472133916654,-1.697380884731344,-0.9773284194523124,1.907153092526876,8.805241473160187,8.872365501402165,0.2413736581802368,0.6185648441314697,0.0646470566336246,onnx:artifacts/model_wide32_simple.onnx,combat_real/0036,combat_real,2300,4.73,0,True,4.629630400042515,1.1574076000106288
1.4726369380950928,1.8883988857269287,0.851895253921318,0.7042175308605086,7.72502282760752,8.40175584806998,5.565597456166203,True,1.089838981628418,1.3193607330322266,0.7880027373557026,0.5801644472037503,0.2199127706858112,0.0918188350030742,-1.0220893686150392,8.309937013066905,7.505110056921709,0.3827979564666748,0.5690381526947021,0.0638925165656154,onnx:artifacts/model_wide32_simple.onnx,combat_real/0037,combat_real,5142,1.13,0,False,4.646589000010863,1.1616472500027155
1.708607196807861,2.258668899536133,0.9048340818569796,0.700876058065971,10.811331710122198,11.077450934634204,7.323060266659206,True,1.1898469924926758,1.5705957412719729,0.8288405190822427,0.47125418193806,4.667955771866429,4.686352602562048,1.1969839372325572,6.391098332072156,6.14337593825577,0.5187602043151855,0.6880731582641602,0.0759935627747369,onnx:artifacts/model_wide32_simple.onnx,combat_real/0038,combat_real,4446,4.72,0,False,5.071403100038879,1.2678507750097197
2.7609734535217285,3.362095832824707,0.9363334524594932,0.863879092593113,17.70936993923468,17.721009308508474,12.539467903265248,True,1.895787000656128,2.4687929153442383,0.9090327470249152,0.8025626266467463,15.18137054157904,15.167325755190218,8.813999747749426,2.5536835533182565,2.5279993976556394,0.8651864528656006,0.8933029174804688,0.0273007054345781,onnx:artifacts/model_wide32_simple.onnx,combat_real/0039,combat_real,1089,15.3,0,False,5.268833300040569,1.3172083250101423
1.5102870464324951,2.4361488819122314,0.8131966387575241,0.7335864600168072,14.268269039030972,14.378497162721116,11.410562880810868,True,1.0612568855285645,1.3025418519973757,0.7147137659028104,0.5904369913783576,6.822141056429537,6.827335160793446,4.97335047784706,7.55116200192767,7.4461279826014355,0.4490301609039306,1.133607029914856,0.0984828728547136,onnx:artifacts/model_wide32_simple.onnx,combat_real/0040,combat_real,1995,9.14,0,True,4.576180099975318,1.1440450249938294
1.8699467182159424,2.255793571472168,0.8128920024789978,0.7061175948422039,13.431250158814336,13.57976921409774,11.4193226103368,True,1.2558363676071167,1.5820679664611816,0.6581215821011622,0.5777765360869883,6.654853821516612,6.760671022930762,5.963067629153136,6.819098191166978,6.776396337297724,0.6141103506088257,0.6737256050109863,0.1547704203778356,onnx:artifacts/model_wide32_simple.onnx,combat_real/0041,combat_real,4507,16.1,0,True,5.44936400000006,1.362341000000015
1.1743018627166748,1.6472480297088623,0.7656826084813085,0.6288813655268114,3.948229036183219,5.394196792687204,4.747261880318248,True,1.0452594757080078,1.4253185987472534,0.7294288542981159,0.5470398073289873,3.0736758711310253,2.7730901455374184,0.8931114233738551,2.621106647149785,0.8745531650521938,0.129042387008667,0.2219294309616089,0.0362537541831926,onnx:artifacts/model_wide32_simple.onnx,combat_real/0042,combat_real,8455,11.0,0,True,5.298505699960515,1.3246264249901287
1.5195525884628296,2.2149696350097656,0.8860708528431688,0.7822758523786045,10.758356547221156,11.058715042577422,10.752761636145358,True,1.1092791557312012,1.4786534309387207,0.8113990576161817,0.6730822108467716,5.31684580087021,5.3917550318378895,6.549297751532112,5.666960010739532,5.441510746350945,0.4102734327316284,0.7363162040710449,0.074671795226987,onnx:artifacts/model_wide32_simple.onnx,combat_real/0043,combat_real,1284,5.48,0,False,4.6828760000062175,1.1707190000015544
2.946874618530273,3.241424083709717,0.9852939361867736,0.963479452062351,18.411781319630894,18.37879430860409,16.18067589676804,True,1.4302209615707395,1.8526240587234497,0.9766569811010986,0.9277035728284506,17.305792848190123,17.29299957333917,14.151579544794725,1.085794735264919,1.1059884714407708,1.5166536569595337,1.388800024986267,0.008636955085675,onnx:artifacts/model_wide32_simple.onnx,combat_real/0044,combat_real,5142,17.62,0,False,5.3602771000005305,1.3400692750001326
2.540511131286621,3.070643663406372,0.8763030025322199,0.7689566797887811,15.52438447059579,15.395291577987829,12.527780430301092,True,1.3988008499145508,1.7383066415786743,0.7918296568129806,0.6566657314212292,10.041578152927862,10.046223489364715,9.092730246387246,5.349068088623112,5.482806317667928,1.1417102813720703,1.3323370218276978,0.0844733457192393,onnx:artifacts/model_wide32_simple.onnx,combat_real/0045,combat_real,6930,10.2,0,False,6.083119600021746,1.5207799000054365
1.2186728715896606,1.5976803302764893,0.7599213072679076,0.5973246453337635,8.880654614701378,9.367756179859231,6.673577593141418,True,1.0518743991851809,1.2722259759902954,0.6535469337161594,0.3941313901099562,1.3027905146865406,1.278830719911752,-1.7008723463661326,8.088925459947479,7.577864100014837,0.1667984724044799,0.3254543542861938,0.1063743735517482,onnx:artifacts/model_wide32_simple.onnx,combat_real/0046,combat_real,1188,1.28,0,False,6.131659900012892,1.532914975003223
1.3741514682769775,1.8818575143814087,0.7071303550917636,0.5072688451898898,7.780148699449931,8.306154918957732,6.148674949228453,True,1.0492045879364014,1.3090676069259644,0.5555822212441128,0.3970261212022016,2.296125029574415,2.345100956821093,1.7467148885975567,5.961053962136639,5.4840236698755165,0.3249468803405761,0.5727899074554443,0.1515481338476507,onnx:artifacts/model_wide32_simple.onnx,combat_real/0047,combat_real,7729,9.9,0,True,5.120626499992795,1.2801566249981988
2.5735864639282227,3.13818097114563,0.9685549438398132,0.9140479915527966,20.36067294046998,20.33320173112284,16.57270878709263,True,1.651315689086914,2.210221767425537,0.9461255298250588,0.8342208825122216,16.42572789080439,16.412520281118073,12.5840431472935,3.920681450004764,3.93494504966559,0.9222707748413086,0.9279592037200928,0.0224294140147545,onnx:artifacts/model_wide32_simple.onnx,combat_real/0048,combat_real,5142,16.91,0,False,6.398086700006388,1.599521675001597
2.850912570953369,3.2742063999176025,0.9151415954219392,0.8274719227753341,18.950546199654145,18.81847917377797,14.83675236076208,True,1.6454250812530518,2.0092601776123047,0.9062588323079288,0.7892837971118831,17.080238716077602,17.07601145189796,11.983422651908612,1.7424677218800078,1.8703074835765428,1.2054874897003174,1.264946222305298,0.0088827631140105,onnx:artifacts/model_wide32_simple.onnx,combat_real/0049,combat_real,672,17.14,0,False,5.77841339999577,1.4446033499989426
1.346503496170044,2.191220998764038,0.8418489249949321,0.659869719970696,9.211959189775104,9.664416776168004,8.28381883042889,True,1.0596916675567627,1.5170974731445312,0.67400292502567,0.5230279651288959,1.274370350632426,1.2755145859205028,2.6260118144994795,8.388902190247501,7.937588839142679,0.2868118286132812,0.6741235256195068,0.167845999969262,onnx:artifacts/model_wide32_simple.onnx,combat_real/0050,combat_real,3729,1.3,0,False,5.144649299967568,1.286162324991892
1.6250851154327393,2.202477216720581,0.9306462150756328,0.8685204264252806,13.117603371931388,13.23479228745323,9.530705555274045,True,1.075837016105652,1.332999587059021,0.8987522018702585,0.7586796671519563,7.790126367114483,7.790978186850893,3.97851798561608,5.443814100602337,5.327477004816905,0.5492480993270874,0.8694776296615601,0.0318940132053743,onnx:artifacts/model_wide32_simple.onnx,combat_real/0051,combat_real,5142,7.97,0,False,5.32977920002304,1.33244480000576
3.2018492221832275,3.611148595809937,0.9950966656128012,0.9748964638582092,22.486074992087325,22.40406422955301,18.74463157565452,True,1.514829397201538,1.978898525238037,0.9806706727715764,0.934136253100094,18.30174569521743,18.30630205067541,18.08721433651506,4.097762178877609,4.184329296869894,1.6870198249816897,1.6322500705718994,0.0144259928412245,onnx:artifacts/model_wide32_simple.onnx,combat_real/0052,combat_real,5142,18.39,0,False,4.908212799986359,1.2270531999965897
2.877369880676269,3.1775779724121094,0.9643648449482418,0.9186067672708892,18.394921929425315,18.380736089315523,20.691906071791667,True,1.748313546180725,2.0068516731262207,0.9269495194165556,0.8719085069820397,14.669923168415703,14.680079883207664,20.95678525084794,3.7006562061078574,3.724998761009612,1.1290563344955444,1.170726299285889,0.0374153255316863,onnx:artifacts/model_wide32_simple.onnx,combat_real/0053,combat_real,1320,19.73,0,True,5.456701799994335,1.3641754499985836
1.7752124071121216,2.261239767074585,0.8881347900250541,0.7471734741742238,11.005706874970826,11.172903330802605,8.267124326383263,True,1.178486466407776,1.4284751415252686,0.7384659082213865,0.5938947451574673,3.5979946832028533,3.417615209361144,2.396890412925002,7.755288121441461,7.407712191767973,0.5967259407043457,0.8327646255493164,0.1496688818036676,onnx:artifacts/model_wide32_simple.onnx,combat_real/0054,combat_real,4077,3.86,0,False,4.593912000011187,1.1484780000027968
2.4146883487701416,3.077242136001587,0.975765707541446,0.9150184086874368,18.934815370184875,18.945522346699725,15.985988328654695,True,1.704443097114563,2.3530113697052,0.9403030864336318,0.8291505528489413,15.615026680981025,15.622064061141623,14.994676213757128,3.3234582855581003,3.319788689203852,0.7102452516555786,0.7242307662963867,0.0354626211078142,onnx:artifacts/model_wide32_simple.onnx,combat_real/0055,combat_real,8455,16.99,0,False,3.8968567000119942,0.9742141750029988
2.472114324569702,3.4298245906829834,0.973009274095446,0.8884706423379305,15.73514134101109,15.844275163305504,12.022231060540388,True,2.194248914718628,3.0069069862365723,0.9660411008159354,0.8566755641443212,14.026380557186044,14.021771757552786,10.197352567467505,1.8225034057527176,1.7087607838250456,0.2778654098510742,0.4229176044464111,0.0069681732795106,onnx:artifacts/model_wide32_simple.onnx,combat_real/0056,combat_real,1188,14.02,0,False,3.6338939999695863,0.9084734999923968
1.7391499280929563,2.458165407180786,0.923696962941367,0.8187861897438824,11.255864591321547,11.534470482742654,10.96238200129092,True,1.1080670356750488,1.6108932495117188,0.8277638036719227,0.6146831315776856,3.300923066627183,3.2475520210677344,5.660871274235772,8.286918461674919,7.954941524694366,0.6310828924179077,0.8472721576690674,0.0959331592694443,onnx:artifacts/model_wide32_simple.onnx,combat_real/0057,combat_real,121,9.42,0,True,3.646586899994873,0.911646724998718
1.5658000707626345,2.323862075805664,0.877360887910145,0.7256053114388206,9.524473464717008,9.801238476208288,9.632268001806482,True,1.1424471139907837,1.5312035083770752,0.7506661138567458,0.6103521825877832,5.050172838161053,4.723044863134696,7.636799131927157,5.078193613073591,4.474300626555953,0.4233529567718506,0.7926585674285889,0.1266947740533992,onnx:artifacts/model_wide32_simple.onnx,combat_real/0058,combat_real,1995,13.53,0,True,3.843449200037867,0.9608623000094668
2.425867319107056,3.0348095893859863,0.893447891383155,0.800506574149174,15.935596314039412,15.852209226393573,11.62773627680038,True,1.4793707132339478,2.104558229446411,0.8498586957228627,0.7093269180214706,-0.015978962302827,-0.0140078011341024,-1.560848805374747,15.866217027527677,15.951575276342238,0.946496605873108,0.9302513599395752,0.0435891956602922,onnx:artifacts/model_wide32_simple.onnx,combat_real/0059,combat_real,1995,17.71,0,True,3.583643299993128,0.8959108249982819
1.7374916076660156,2.317057847976685,0.8317045057207206,0.7378172274886513,9.399430916757757,9.825197605353244,7.239467302182324,True,1.0726633071899414,1.287856101989746,0.67786105839765,0.4938995759828065,4.664173968593076,4.657106832893599,1.837105925640688,5.168090772459645,4.735256948164679,0.6648283004760742,1.0292017459869385,0.1538434473230706,onnx:artifacts/model_wide32_simple.onnx,combat_real/0060,combat_real,4992,11.36,0,True,3.726453499984928,0.931613374996232
1.1099451780319214,1.3248286247253418,0.5414861042629207,0.3243550940928715,-0.2723938241530246,2.8617622530825804,1.5070850644141336,True,1.0339049100875854,1.1537703275680542,0.4849315333710156,0.271382055331044,-5.683244263956092,-5.478069045223606,-6.127329350333252,8.339831298306187,5.410850439803067,0.0760402679443359,0.1710582971572876,0.056554570891905,onnx:artifacts/model_wide32_simple.onnx,combat_real/0061,combat_real,3575,2.37,0,True,3.486269199987873,0.8715672999969684
1.1780585050582886,1.64029061794281,0.7816706910054599,0.5211161907144386,6.235990508907926,7.162755546691496,2.4344763961026783,True,1.033148169517517,1.22710382938385,0.7330543781855295,0.4264824384101532,0.3891152634647076,0.3527624975681248,-3.3473506818100938,6.809993049123372,5.8468752454432185,0.1449103355407714,0.4131867885589599,0.0486163128199303,onnx:artifacts/model_wide32_simple.onnx,combat_real/0062,combat_real,4992,5.11,0,True,3.465053100022488,0.8662632750056218
1.402971625328064,1.823621392250061,0.7474879500640419,0.5628095230420417,6.104869684868792,7.050365775160574,3.733094582581688,True,1.0429619550704956,1.2236239910125732,0.6307539721235552,0.3343308815144177,-5.572665316278462,-5.650153213644698,-5.38932261491091,12.700518988805271,11.677535001147254,0.3600096702575683,0.5999974012374878,0.1167339779404866,onnx:artifacts/model_wide32_simple.onnx,combat_real/0063,combat_real,5683,3.97,0,True,3.4981958999997005,0.8745489749999251
1.6900309324264526,2.030144453048706,0.8365071488537789,0.7364780848668546,15.992018669930273,16.012926960937506,14.282304570494048,True,1.0787633657455444,1.2263035774230957,0.7604119724938474,0.6124910935055033,9.510539199064876,9.5300513689997,9.208151257049684,6.482875591937807,6.481479470865397,0.6112675666809082,0.8038408756256104,0.0760951763599314,onnx:artifacts/model_wide32_simple.onnx,combat_real/0064,combat_real,8555,9.92,0,False,3.657664600003045,0.9144161500007612
1.2649765014648438,1.906094431877136,0.8296342729027887,0.5622273215282044,7.776807932105362,7.367010002901186,4.098815997143834,True,1.1102133989334106,1.6005713939666748,0.7539044274165455,0.4593431989797571,1.2509176017807313,0.6568590218788224,-2.587568045795052,6.710150981022363,6.52589033032463,0.1547631025314331,0.3055230379104614,0.0757298454862431,onnx:artifacts/model_wide32_simple.onnx,combat_real/0065,combat_real,5105,6.55,0,True,3.764099200023338,0.9410248000058344
2.201016664505005,2.6867692470550537,0.9176077837928356,0.7972003259131885,10.514611467229493,10.8742335405946,7.113520529891275,True,1.238497018814087,1.9400427341461184,0.8669377271755545,0.6971354952981591,-7.188276260606159,-7.254597575978316,-5.3636538756913765,18.12883111657292,17.702887727835652,0.962519645690918,0.7467265129089355,0.0506700566172811,onnx:artifacts/model_wide32_simple.onnx,combat_real/0066,combat_real,3575,2.28,0,True,3.3759332000045106,0.8439833000011276
1.2067790031433103,1.9913392066955569,0.6676580196994825,0.3454517347664721,3.131606181809085,4.925590330828638,3.3052068229205864,True,1.0332891941070557,1.3459534645080566,0.4723355401551301,0.2476635725317311,-4.629523609261758,-4.470319960862621,-5.588473062339025,9.395910291691258,7.761129791070843,0.1734898090362548,0.6453857421875,0.1953224795443524,onnx:artifacts/model_wide32_simple.onnx,combat_real/0067,combat_real,5105,0.04,0,True,3.275608900003135,0.8189022250007838
1.2406131029129028,1.7719093561172483,0.731471812199803,0.5347413724197697,2.997060791248241,4.755240527661801,3.6688488014021674,True,1.064476490020752,1.2429282665252686,0.5869530658595841,0.3646882763779796,-8.183166784624502,-8.609150199952184,-2.0840841801796763,13.364390727613984,11.180227575872744,0.1761366128921508,0.52898108959198,0.1445187463402188,onnx:artifacts/model_wide32_simple.onnx,combat_real/0068,combat_real,2300,6.46,0,True,3.4799334999988787,0.8699833749997197
1.1999378204345703,1.7420790195465088,0.6810057234352916,0.5108939515418385,7.567135326117381,8.193792948748586,6.27892733184053,True,1.0275287628173828,1.221907615661621,0.5680178298165447,0.379081089535866,-1.6893522100232348,-1.6621685907306685,-3.1043808274344777,9.855961539479257,9.256487536140614,0.1724090576171875,0.5201714038848877,0.1129878936187469,onnx:artifacts/model_wide32_simple.onnx,combat_real/0069,combat_real,1188,4.24,0,True,3.5997473999741487,0.8999368499935372
1.2517831325531006,1.5451010465621948,0.7138032377595362,0.6021284665276804,5.2575621231244485,6.379046878723301,4.566694057596998,True,1.060559630393982,1.4226287603378296,0.5607320240309311,0.4479799234624317,-1.1041119194492444,-1.2158952258372384,-1.67965730791064,7.594942104560539,6.361674042573693,0.1912235021591186,0.1224722862243652,0.1530712137286051,onnx:artifacts/model_wide32_simple.onnx,combat_real/0070,combat_real,1580,3.68,0,True,3.79794049996417,0.9494851249910424
1.3603730201721191,1.885152101516724,0.7650748352517087,0.5393078997317096,7.702572945422769,8.288046423866197,5.7657855474036,True,1.0933319330215454,1.4571583271026611,0.6878702035560806,0.4163543518470894,3.42819672684227,3.4011493872248715,0.0377578407441899,4.886897036641326,4.2743762185805,0.2670410871505737,0.4279937744140625,0.077204631695628,onnx:artifacts/model_wide32_simple.onnx,combat_real/0071,combat_real,61,3.4,0,False,3.8348159000161104,0.9587039750040276
1.7368295192718506,2.3592629432678223,0.8078043575077812,0.6519677923206205,4.647896385189992,5.806562149743668,4.502924998082276,True,1.3145012855529783,1.931824803352356,0.7191783942105822,0.5994078613085236,3.339603824213284,3.895416251476633,2.1570594244282657,1.9111458982670348,1.308292560976708,0.422328233718872,0.4274381399154663,0.088625963297199,onnx:artifacts/model_wide32_simple.onnx,combat_real/0072,combat_real,5105,11.75,0,True,3.692983099957928,0.923245774989482
1.9154281616210935,2.6957356929779053,0.924230097003306,0.8582357246938578,15.73068998239988,15.7631690643078,12.124587343648733,True,1.1482268571853638,1.610485553741455,0.8544651866102106,0.750651898822037,-0.1988037961812715,-0.1974806277204283,-0.4259916830506472,15.960649692028229,15.92949377858115,0.76720130443573,1.0852501392364502,0.0697649103930954,onnx:artifacts/model_wide32_simple.onnx,combat_real/0073,combat_real,5639,0.13,0,False,3.1784200000111014,0.7946050000027753
1.9086713790893557,2.2632269859313965,0.8412614289092071,0.7140757566384937,10.720790256264506,10.952579163095551,10.16351150083215,True,1.1369202136993408,1.3498375415802002,0.6607749751361099,0.5705294134189295,2.428622552217018,2.393768525074609,6.031750493100685,8.558810638020944,8.292167704047488,0.7717511653900146,0.9133894443511964,0.1804864537730971,onnx:artifacts/model_wide32_simple.onnx,combat_real/0074,combat_real,672,2.43,0,False,3.3917149999761023,0.8479287499940256
1.980592370033264,2.378753423690796,0.9628340872756876,0.9090130027031692,15.051124854572528,15.133977783026785,12.147442359329895,True,1.2185298204421997,1.547800064086914,0.9462041081701588,0.8020430909455101,10.516810375169916,10.50458512766516,6.564356938158289,4.629392655361624,4.534314479402612,0.7620625495910645,0.8309533596038818,0.0166299791055288,onnx:artifacts/model_wide32_simple.onnx,combat_real/0075,combat_real,6829,10.77,0,False,3.703799100010656,0.925949775002664
1.2657220363616943,2.416353464126587,0.8554707323126175,0.6685789170535078,10.226682254335964,10.594454501181591,8.313062766981218,True,1.1905477046966553,1.7546100616455078,0.7668530807033641,0.5961292348313165,3.8816673582720873,3.8590514799561215,5.249739699441676,6.735403021225469,6.345014896063876,0.075174331665039,0.6617434024810791,0.0886176516092533,onnx:artifacts/model_wide32_simple.onnx,combat_real/0076,combat_real,1089,4.09,0,False,3.2432437000097707,0.8108109250024427
1.61478590965271,2.117971181869507,0.7371464113845582,0.5930216141326725,8.251565293813814,5.886187436468427,1.329646345444513,True,1.127328872680664,1.3904290199279783,0.6260676895237022,0.5019944901434349,2.946562788153881,1.730079860372005,-1.161477123828232,4.156107576096423,5.305002505659933,0.4874570369720459,0.7275421619415283,0.1110787218608559,onnx:artifacts/model_wide32_simple.onnx,combat_real/0077,combat_real,1089,9.81,0,True,3.253146499977447,0.8132866249943618
1.208611249923706,1.6697640419006348,0.8092560918461096,0.6094848537197489,6.649064252347984,7.47835378900168,5.4311800984082,True,1.0795209407806396,1.308894157409668,0.6447935356070701,0.4788560741380487,-1.3272788030480505,-1.2977022456576286,-0.5061242484708907,8.776056034659309,7.976343055396034,0.1290903091430664,0.3608698844909668,0.1644625562390395,onnx:artifacts/model_wide32_simple.onnx,combat_real/0078,combat_real,6930,1.54,0,True,3.98336479999125,0.9958411999978124
1.0779682397842407,1.2315516471862793,0.6079068307682843,0.4090524321375828,-1.0897584827430835,2.483585207553397,2.1741073848254397,True,1.051877737045288,1.2849332094192505,0.5894839833277746,0.4261954964077767,-9.00659153308158,-8.919738826388052,-4.782269240278859,11.403324033941448,7.916833050338496,0.0260905027389526,-0.0533815622329711,0.0184228474405097,onnx:artifacts/model_wide32_simple.onnx,combat_real/0079,combat_real,8463,4.13,0,True,3.498413899971638,0.8746034749929095
1.2363731861114502,1.798203468322754,0.7056706981938885,0.4880518605214852,9.391054573926302,9.863670819169965,5.979701883936686,True,1.2226780652999878,1.6671545505523682,0.7207638952709479,0.4995544679240179,6.150786787705819,6.271561113551153,2.3285767393158543,3.592109705618812,3.240267786220484,0.0136951208114624,0.1310489177703857,-0.0150931970770593,onnx:artifacts/model_wide32_simple.onnx,combat_real/0080,combat_real,908,12.51,0,True,4.801215799991041,1.2003039499977604
1.1254923343658447,1.446906328201294,0.8073649984490092,0.5983320199593763,7.272920138912422,7.955273447704823,4.407879331432937,True,1.0586705207824707,1.2222782373428345,0.7292458999495385,0.4254750163942778,1.480616262193051,1.487914633901775,-0.5610906550725031,6.467358813803047,5.792303876719371,0.066821813583374,0.2246280908584594,0.0781190984994707,onnx:artifacts/model_wide32_simple.onnx,combat_real/0081,combat_real,7021,2.38,0,False,4.096491999982391,1.0241229999955976
2.085705518722534,2.645188808441162,0.9038668419897532,0.7731145690899717,6.119557089078728,6.996508988412108,5.105381985530572,True,1.2650755643844604,1.6705951690673828,0.8213894243919682,0.598947402931695,4.231547388910107,4.750591203545486,1.6726032671561428,2.245917784866622,1.888009700168621,0.8206299543380737,0.9745936393737792,0.0824774175977849,onnx:artifacts/model_wide32_simple.onnx,combat_real/0082,combat_real,121,17.28,0,True,4.032746899989434,1.0081867249973584
2.0232295989990234,2.8356213569641118,0.9184178660271296,0.8204444342921542,12.885784576330783,13.069168611631,9.394098703982005,True,1.422762393951416,2.073073625564575,0.865047650494258,0.7203429842647547,9.947819855216334,9.921313419368843,6.068507305688985,3.1478551922621545,2.937964721114451,0.6004672050476074,0.7625477313995361,0.0533702155328715,onnx:artifacts/model_wide32_simple.onnx,combat_real/0083,combat_real,908,17.95,0,True,5.008538100053556,1.252134525013389
2.36116886138916,2.843222379684448,0.9533632922727626,0.882067683347252,16.128120526365848,16.205486251646544,12.734164618220596,True,1.3757411241531372,1.7874925136566162,0.875712920682804,0.8077194601315121,12.087456828205266,12.077203957348171,9.045711861717422,4.128282294298371,4.040663698160582,0.985427737236023,1.055729866027832,0.0776503715899585,onnx:artifacts/model_wide32_simple.onnx,combat_real/0084,combat_real,1284,15.77,0,True,4.622182999970391,1.1555457499925978
1.7355835437774658,2.4039769172668457,0.8745102234188391,0.7326024178185782,4.417240301126653,5.666451794083425,4.114897038120359,True,1.2795732021331787,1.8683850765228271,0.8173434359860401,0.6077940575146069,0.9079783863224586,0.6799737172187397,-1.60174943107105,4.986478076864685,3.5092619148041946,0.4560103416442871,0.5355918407440186,0.057166787432799,onnx:artifacts/model_wide32_simple.onnx,combat_real/0085,combat_real,4992,14.17,0,True,4.011462899972685,1.0028657249931712
1.198192477226257,1.7100322246551514,0.7273405967616481,0.3805949339793228,7.258963156935616,7.970603224579947,3.4015741769207355,True,1.0304359197616575,1.2691398859024048,0.5688065447310696,0.2918154404847486,-4.054632923818287,-4.0157363260844985,-4.740996086731878,11.986339550664448,11.313596080753904,0.1677565574645996,0.4408923387527466,0.1585340520305784,onnx:artifacts/model_wide32_simple.onnx,combat_real/0086,combat_real,237,4.6,0,True,3.851032099977601,0.9627580249944004
2.553117036819458,3.11688232421875,0.9582180219355044,0.907825631042042,18.30953176797283,18.271199461619236,16.466347235341726,True,1.09894859790802,1.224298357963562,0.8270511356894841,0.743408802617688,7.5245643417029076,7.542521846206045,10.225784784160876,10.728677615413188,10.784967426269924,1.454168438911438,1.892583966255188,0.1311668862460204,onnx:artifacts/model_wide32_simple.onnx,combat_real/0087,combat_real,4992,7.83,0,False,4.921628399984911,1.2304070999962278
1.972215175628662,2.502017021179199,0.9223989806079984,0.8566281084610491,15.158216115167216,15.23822562323778,13.49452474200435,True,1.3309762477874756,1.7157007455825806,0.8781760356242271,0.7947350938789847,11.58734097102718,11.59922545609986,9.380394531391882,3.6390001671379206,3.5708751441400377,0.6412389278411865,0.7863162755966187,0.0442229449837714,onnx:artifacts/model_wide32_simple.onnx,combat_real/0088,combat_real,3575,12.01,0,False,4.77100149996113,1.1927503749902826
3.014017105102539,3.478627920150757,0.9938493345901932,0.9733417625583975,14.404283130736191,14.450749952198596,22.298894585656964,True,2.742698431015014,2.899553775787353,0.9931655839190008,0.9766329038540336,17.74802991486122,17.75473648372452,27.401266816171805,-3.3039865315259256,-3.343746784125029,0.2713186740875244,0.5790741443634033,0.0006837506711924,onnx:artifacts/model_wide32_simple.onnx,combat_real/0089,combat_real,6930,17.75,0,False,4.337912300019525,1.0844780750048812
1.373319149017334,2.287774085998535,0.8344797187304508,0.6878832611657767,11.93822793464416,12.142830684774855,6.912427638397811,True,1.0897040367126465,1.4859848022460938,0.7830843397891943,0.5872190008416854,6.062271362090988,6.029463862110046,0.5116424771673629,6.113366822664811,5.875956572553172,0.2836151123046875,0.8017892837524414,0.0513953789412564,onnx:artifacts/model_wide32_simple.onnx,combat_real/0090,combat_real,1089,6.55,0,False,6.169304099981673,1.5423260249954185
1.128891944885254,1.4726718664169312,0.713232851525529,0.3794506275568606,-0.7656372644429094,1.3534677732283231,1.1317498276455662,True,1.056448459625244,1.2421520948410034,0.5493454719944801,0.2414125681211369,-3.227942075483906,-0.72418936165565,-1.053849594055152,2.077657134883973,2.4623048110409966,0.0724434852600097,0.2305197715759277,0.1638873795310488,onnx:artifacts/model_wide32_simple.onnx,combat_real/0091,combat_real,4077,11.3,0,True,5.1424644000362605,1.2856161000090651
2.3253836631774902,3.166110038757324,0.9087091250943958,0.868672750096834,20.04162953084597,19.82013184817784,14.50656143559807,True,1.811504364013672,2.7239840030670166,0.9052790188074156,0.838802197556466,18.19334255393903,18.19523552237205,15.14063065837683,1.6248963258057856,1.848286976906941,0.5138792991638184,0.4421260356903076,0.0034301062869803,onnx:artifacts/model_wide32_simple.onnx,combat_real/0092,combat_real,1188,18.2,0,False,4.884648900013417,1.2211622250033545
2.1634421348571777,2.7576723098754883,0.9112578386291236,0.8124179700791331,14.833343253163765,14.876919792958198,10.705673743724171,True,1.3409610986709597,2.342026948928833,0.8617616017699654,0.7064571479265342,9.658769960841283,9.619424142935497,7.513950541004767,5.257495650022703,5.17457329232248,0.8224810361862183,0.4156453609466553,0.049496236859158,onnx:artifacts/model_wide32_simple.onnx,combat_real/0093,combat_real,3729,13.64,0,True,5.101909300021362,1.2754773250053404
2.789803981781006,3.454015254974365,0.9112865473251818,0.7941879636807295,15.652762107782207,15.50859540257074,11.348857272903638,True,1.914103388786316,2.7180309295654297,0.8291791583165271,0.7483354286917075,15.60852049735482,15.619250252478745,13.13920281372407,-0.1106548499080037,0.0442416104273899,0.8757005929946899,0.7359843254089355,0.0821073890086546,onnx:artifacts/model_wide32_simple.onnx,combat_real/0094,combat_real,7127,15.67,0,False,4.007722600013949,1.0019306500034872
1.3199342489242554,1.7747375965118408,0.8093068087381529,0.6626417493581984,5.988584518265628,6.89410361051522,5.259057695107951,True,1.0363800525665283,1.2064744234085083,0.6337280467115906,0.3625956035246617,-2.936830958302467,-2.9853404083961004,-3.2249361221560444,9.87944401891132,8.925415476568094,0.283554196357727,0.5682631731033325,0.1755787620265623,onnx:artifacts/model_wide32_simple.onnx,combat_real/0095,combat_real,121,4.75,0,True,4.236089999962132,1.059022499990533
2.9127790927886963,3.553197145462036,0.934235335524705,0.8647767631972435,13.074959829583728,13.1877610032585,11.884766236184028,True,1.7534830570220947,2.688302755355835,0.9042946731293146,0.8034780775092266,10.571373002903927,10.61207925494567,11.061117515190164,2.575681748312832,2.5035868266797987,1.1592960357666016,0.8648943901062012,0.0299406623953903,onnx:artifacts/model_wide32_simple.onnx,combat_real/0096,combat_real,1221,18.1,0,True,5.423247699975036,1.355811924993759
2.3887460231781006,2.9043309688568115,0.9650593564119389,0.8901662733718357,14.303613917365489,14.41668740429208,11.195239694661543,True,1.663297176361084,2.2142653465271,0.9448437702086956,0.8139294600767232,11.831887887874847,11.863346395340916,8.874918919507625,2.553341008951161,2.4717260294906414,0.7254488468170166,0.6900656223297119,0.0202155862032431,onnx:artifacts/model_wide32_simple.onnx,combat_real/0097,combat_real,1320,12.03,0,False,4.970705500047188,1.242676375011797
1.8749001026153564,2.65369176864624,0.8424831073678447,0.618894039135804,9.670983210676184,10.034952757889322,5.651426098789678,True,1.2417858839035034,1.8035202026367188,0.6934317748080635,0.458729929893308,4.781557758915586,4.848703364561092,0.6130324644232746,5.18624939332823,4.8894254517606,0.633114218711853,0.8501715660095215,0.1490513325597812,onnx:artifacts/model_wide32_simple.onnx,combat_real/0098,combat_real,908,14.08,0,True,5.162125099974219,1.2905312749935547
1.931242823600769,2.544372320175171,0.916675947278229,0.7965322750725893,13.26700554710154,13.40758267929888,10.433347887004748,True,1.21191143989563,1.486333250999451,0.8178229877567225,0.6571797416323533,6.169069841172561,6.133727545452827,5.959926453726916,7.273855133846053,7.097935705928979,0.7193313837051392,1.0580390691757202,0.0988529595215065,onnx:artifacts/model_wide32_simple.onnx,combat_real/0099,combat_real,4446,6.98,0,False,7.229819900006987,1.8074549750017468
1.7354748249053955,2.4590442180633545,0.8307176453978743,0.6676826206166482,11.851015366285452,12.103472791598112,8.42224201282848,True,1.1353518962860107,1.5098915100097656,0.6607186515155515,0.4638132594416875,6.56227679482752,6.544134470374109,1.971062380153352,5.559338321224004,5.288738571457932,0.6001229286193848,0.9491527080535888,0.1699989938823227,onnx:artifacts/model_wide32_simple.onnx,combat_real/0100,combat_real,4507,14.92,0,True,6.218908999988344,1.554727249997086
1.3862076997756958,1.842419147491455,0.8471039478040646,0.6444339091964797,11.2750125816346,11.531374271341692,6.602643990977696,True,1.0775377750396729,1.4200539588928225,0.8015643605489885,0.557888359649246,6.086607980794556,6.107682910917251,1.010843723688369,5.423691360424441,5.188404600840043,0.3086699247360229,0.4223651885986328,0.0455395872550761,onnx:artifacts/model_wide32_simple.onnx,combat_real/0101,combat_real,5142,10.11,0,True,5.369844100030605,1.3424610250076512
1.490731716156006,2.746267080307007,0.8334544382031349,0.6711494800576849,5.671607526119549,6.574609657078728,1.5951047247876702,True,1.1953125,2.0170934200286865,0.7765266878503524,0.6207866886810521,4.13656993720334,4.160920235137626,-0.3818396133321943,2.4136894219411023,1.5350375889162091,0.2954192161560058,0.7291736602783203,0.0569277503527825,onnx:artifacts/model_wide32_simple.onnx,combat_real/0102,combat_real,6930,17.89,0,True,4.60305099998368,1.15076274999592
1.9693665504455569,2.500433444976806,0.9431907433538786,0.8346072282529406,11.496780074987942,11.676723147157436,8.61336549595156,True,1.315250277519226,1.8216547966003416,0.889689666651,0.6452882359365552,4.955384335916241,4.982404168225654,0.4994354481391114,6.694318978931782,6.541395739071701,0.6541162729263306,0.6787786483764648,0.0535010767028786,onnx:artifacts/model_wide32_simple.onnx,combat_real/0103,combat_real,7127,4.98,0,False,6.859554299968295,1.7148885749920737
1.8579115867614744,2.466676712036133,0.8124644530275625,0.6511597954612831,10.296992144789694,10.658621777651314,6.174984300365809,True,1.1386083364486694,1.2539381980895996,0.6318988630248903,0.5481952047534063,3.189585809638765,3.159812168569156,1.0807320434895336,7.4988096090821585,7.107406335150929,0.7193032503128052,1.2127385139465332,0.1805655900026722,onnx:artifacts/model_wide32_simple.onnx,combat_real/0104,combat_real,908,10.97,0,True,6.133969800022896,1.533492450005724
1.847295045852661,2.4040160179138184,0.8194134960745166,0.6678886302071498,8.507997171919154,9.07375613675412,5.805710553436282,True,1.1850090026855469,1.3859798908233645,0.7681307029856087,0.6075082751772846,2.6024117833195657,2.389288733590407,1.882558347720081,6.684467403163714,5.905585388599588,0.6622860431671143,1.018036127090454,0.0512827930889079,onnx:artifacts/model_wide32_simple.onnx,combat_real/0105,combat_real,672,6.95,0,True,6.383487599960063,1.5958718999900157
3.4977142810821533,3.58223557472229,0.9326067405361468,0.9022318068014952,18.756859969489533,18.719426884711517,16.42078433335399,True,3.497519493103028,3.6053218841552734,0.9375335333490328,0.9035632319269746,15.924037707305123,15.93051621478826,15.358068115831776,2.788910669923254,2.832822262184409,0.0001947879791259,-0.0230863094329834,-0.0049267928128861,onnx:artifacts/model_wide32_simple.onnx,combat_real/0106,combat_real,7127,15.96,0,False,5.782877199992072,1.445719299998018
1.51714825630188,1.9559409618377688,0.8698873438232873,0.682931375465772,11.032309816197028,11.310828124802477,7.780700583128224,True,1.1015560626983645,1.3177237510681152,0.7983862221413143,0.5338411989306113,2.111736877470859,2.0959923358281527,2.0716640964880764,9.214835788974325,8.920572938726169,0.4155921936035156,0.6382172107696533,0.0715011216819729,onnx:artifacts/model_wide32_simple.onnx,combat_real/0107,combat_real,4970,3.0,0,False,6.695050599984825,1.6737626499962062
1.3981934785842896,2.012554883956909,0.8053239279113081,0.6405326316305923,8.635262702408632,9.17142058836824,6.096080905853362,True,1.0672528743743896,1.4591224193572998,0.7009753027911445,0.479708092544457,3.953209064246528,3.7977737635125006,0.0474474919885187,5.373646824855738,4.682053638162103,0.3309406042098999,0.5534324645996094,0.1043486251201636,onnx:artifacts/model_wide32_simple.onnx,combat_real/0108,combat_real,8230,12.21,0,True,4.706604400009383,1.1766511000023456
1.96202552318573,2.609160184860229,0.9358702817570468,0.8736562714855943,15.092408962112415,15.22281569753671,13.189286510546491,True,1.2861316204071045,1.7027580738067627,0.8827998058771271,0.7590808399316761,9.009065020540469,9.0135207746096,7.479414527759568,6.209294922927111,6.083343941571947,0.6758939027786255,0.9064021110534668,0.0530704758799196,onnx:artifacts/model_wide32_simple.onnx,combat_real/0109,combat_real,121,16.1,0,True,5.6627047000220045,1.4156761750055011
1.4594414234161377,2.0112929344177246,0.8268878661823164,0.7208718186377513,7.982049965825864,8.592879916979314,6.9372711893920025,True,1.0810362100601196,1.355077862739563,0.7288995852049202,0.5635424945169578,2.66152738788704,2.728804417179074,0.108503810292278,5.86407549980024,5.320522577938823,0.378405213356018,0.6562150716781616,0.0979882809773962,onnx:artifacts/model_wide32_simple.onnx,combat_real/0110,combat_real,1221,2.73,0,False,5.768970600038301,1.4422426500095753
1.5059547424316406,2.2470123767852783,0.8398387676329989,0.6844563334282452,10.931922696558036,11.248575375708864,6.205825753102301,True,1.0954227447509766,1.5447025299072266,0.7780516161969517,0.5126066221347712,4.908209065974655,4.893346044807466,-0.2874519423119833,6.355229330901397,6.023713630583381,0.410531997680664,0.7023098468780518,0.0617871514360471,onnx:artifacts/model_wide32_simple.onnx,combat_real/0111,combat_real,1580,5.36,0,False,5.672964000026695,1.418241000006674
1.7458715438842771,2.3862757682800293,0.8895437298748305,0.7072590558407174,14.544885565236234,14.61959625035005,9.349911869061604,True,1.293330430984497,1.8134381771087649,0.8560161093458764,0.6179385709706776,11.31404580220858,11.376068319967082,5.368747021659156,3.2435279303829674,3.230839763027655,0.4525411128997803,0.5728375911712646,0.0335276205289541,onnx:artifacts/model_wide32_simple.onnx,combat_real/0112,combat_real,4077,11.38,0,False,4.7462564000161365,1.186564100004034
2.934960126876831,3.2940962314605717,0.9852471743912784,0.94107918006839,21.17588328930608,20.992235883854352,16.986978285344694,True,2.1622860431671143,2.6120028495788574,0.9728560034176744,0.9084497476159342,19.0435123651636,18.951352545825195,15.980239755208965,2.0408833380291576,2.132370924142481,0.7726740837097168,0.6820933818817139,0.0123911709736038,onnx:artifacts/model_wide32_simple.onnx,combat_real/0113,combat_real,4446,19.22,0,False,4.357617900008336,1.089404475002084
1.1539158821105957,1.5606237649917605,0.7407964567304759,0.4584497643320092,3.412691664000719,5.034837497138992,3.2604042173186536,True,1.0442421436309814,1.2766339778900146,0.5571815630284968,0.3312151256226086,-2.1374128061770308,-2.006060419326396,-3.2412092479446897,7.040897916465388,5.55010447017775,0.1096737384796142,0.2839897871017456,0.1836148937019791,onnx:artifacts/model_wide32_simple.onnx,combat_real/0114,combat_real,4077,7.94,0,True,5.551324200001545,1.3878310500003863
1.34926438331604,1.868035078048706,0.7849299826651935,0.57925976530202,7.420507828887777,8.00120664627537,5.937921128444955,True,1.0629419088363647,1.31349515914917,0.6778260233106206,0.4289511217503133,3.3760270383995303,3.2924751052417767,1.093140790597522,4.708731541033594,4.044480790488247,0.2863224744796753,0.5545399188995361,0.1071039593545729,onnx:artifacts/model_wide32_simple.onnx,combat_real/0115,combat_real,61,11.95,0,True,7.23522780003259,1.8088069500081476
2.3984739780426025,2.9039294719696045,0.9374912501857232,0.8221163217646102,13.510309177530331,13.697810855291078,10.800035050469594,True,1.5785306692123413,2.0137722492218018,0.8863683002852836,0.7458123387167505,11.426760786583907,11.291157270126948,8.000783776140254,2.406653585164129,2.0835483909464223,0.8199433088302612,0.8901572227478027,0.0511229499004397,onnx:artifacts/model_wide32_simple.onnx,combat_real/0116,combat_real,1284,13.75,0,True,5.172474299964961,1.2931185749912402
1.2553046941757202,1.7237300872802734,0.8231619620456734,0.6612328094337311,11.58972173054728,11.859133621253438,7.299509745471022,True,1.0798392295837402,1.3875830173492432,0.8019136036631908,0.5100952885486633,3.528595585609759,3.489730346801996,-0.1193517596251268,8.369403274451443,8.06112614493752,0.1754654645919799,0.3361470699310303,0.0212483583824826,onnx:artifacts/model_wide32_simple.onnx,combat_real/0117,combat_real,7021,5.21,0,False,5.112529699981678,1.2781324249954196
2.790665626525879,3.1500163078308105,0.9550037848041796,0.901281841290174,19.93511551435683,19.842155926156845,16.061637086447448,True,1.3593955039978027,1.8328795433044436,0.9207189505057016,0.8366927018314544,16.76540599777026,16.77573924865381,12.637441185018831,3.0664166775030357,3.169709516586572,1.4312701225280762,1.3171367645263672,0.0342848342984779,onnx:artifacts/model_wide32_simple.onnx,combat_real/0118,combat_real,1320,16.87,0,False,4.24370039999485,1.0609250999987123
1.0776880979537964,1.3019981384277344,0.6039288604258158,0.3629340281945221,1.3594150887519687,2.9450181238083566,0.3649060732684894,True,1.0434635877609253,1.09376323223114,0.3613813424468946,0.3392577279719098,-7.4228751458359135,-10.916622863259974,-6.616842115633984,13.86164098706833,8.782290234587883,0.034224510192871,0.2082349061965942,0.2425475179789212,onnx:artifacts/model_wide32_simple.onnx,combat_real/0119,combat_real,6930,7.62,0,True,5.172440200054552,1.293110050013638
2.0511224269866943,2.4095447063446045,0.8221755725116109,0.6830045745253035,11.870719224639894,12.142392484542912,12.88665139907546,True,1.173906326293945,1.8050144910812376,0.7612270662191832,0.5967023206254634,1.8435409919470145,1.815553947404346,8.245300280538192,10.326838537138563,10.02717823269288,0.877216100692749,0.6045302152633667,0.0609485062924276,onnx:artifacts/model_wide32_simple.onnx,combat_real/0120,combat_real,1580,2.5,0,False,4.995236100046896,1.248809025011724
2.3097877502441406,3.2186458110809326,0.9327428762053732,0.8343293496531288,14.925299583278033,15.011949717891447,9.727886994376044,True,1.4449371099472046,2.1749367713928223,0.8806459397687386,0.7181483806159418,8.713703516839473,8.715321947503465,3.937761601172504,6.296627770387982,6.21159606643856,0.864850640296936,1.0437090396881104,0.0520969364366344,onnx:artifacts/model_wide32_simple.onnx,combat_real/0121,combat_real,237,8.85,0,False,4.494134399981704,1.123533599995426
2.346684217453003,3.0605950355529785,0.964754756872994,0.9223428619005758,12.367551579262017,12.500294869233812,10.399801638481938,True,2.031339406967163,2.6560041904449463,0.98345464914001,0.9358090434778052,6.813991129249861,6.808654809995787,4.893750321479581,5.691640059238026,5.553560450012156,0.3153448104858398,0.4045908451080322,-0.0186998922670161,onnx:artifacts/model_wide32_simple.onnx,combat_real/0122,combat_real,6829,14.9,0,True,4.110415500006639,1.0276038750016596
1.18181574344635,1.7513000965118408,0.7626189060695924,0.541827368681798,8.942434268003845,6.973143289970972,3.635460039098295,True,1.089841604232788,1.407778024673462,0.5787632440482052,0.4020997445931709,4.194065627377343,3.599788920807694,0.8440092086036584,3.373354369163278,4.748368640626502,0.091974139213562,0.3435220718383789,0.1838556620213871,onnx:artifacts/model_wide32_simple.onnx,combat_real/0123,combat_real,1320,9.9,0,True,5.825571800000034,1.4563929500000086
1.542141079902649,2.2112483978271484,0.8034868604529641,0.5880613582380048,8.996900390597073,9.47060271406436,5.56597824107807,True,1.116299748420715,1.5306475162506104,0.720662005982492,0.4216303311712015,3.590497807273884,3.667797463553808,-0.2466560006728357,5.802805250510551,5.40640258332319,0.4258413314819336,0.6806008815765381,0.0828248544704721,onnx:artifacts/model_wide32_simple.onnx,combat_real/0124,combat_real,4077,3.97,0,False,5.201146900013555,1.3002867250033887
2.141310214996338,2.912442445755005,0.9578415618863168,0.8605504589853618,10.271891799754298,10.66027895178899,7.417694011402332,True,1.4083102941513062,2.0409867763519287,0.9349323819300208,0.7940823854310524,7.478778703031522,7.530628205818422,4.0299996269510086,3.1296507459705687,2.7931130967227764,0.7329999208450317,0.8714556694030762,0.022909179956296,onnx:artifacts/model_wide32_simple.onnx,combat_real/0125,combat_real,6829,16.43,0,True,5.325826000014786,1.3314565000036964
1.139516830444336,1.4606660604476929,0.7536175254240539,0.4610548579989029,5.684453322068592,6.6977228579820105,3.966036814600335,True,1.0610792636871338,1.3060176372528076,0.6876504054587295,0.3928200495790335,0.8425766797174064,0.6560182437926982,-1.2686653446953846,6.041704614189312,4.841876642351186,0.0784375667572021,0.1546484231948852,0.0659671199653244,onnx:artifacts/model_wide32_simple.onnx,combat_real/0126,combat_real,7176,4.8,0,True,5.418889000022318,1.3547222500055796
1.77614164352417,2.163646459579468,0.8186408712999199,0.7083125755930347,10.860074117368994,11.10361798758774,8.407340500244594,True,1.1447060108184814,1.5491241216659546,0.7233630790688185,0.5760051470267752,7.059891228257602,7.045252073880283,4.455847131744718,4.058365913707458,3.800182889111392,0.6314356327056885,0.6145223379135132,0.0952777922311014,onnx:artifacts/model_wide32_simple.onnx,combat_real/0127,combat_real,672,11.86,0,True,6.576060799998231,1.6440151999995578
1.342360019683838,2.0672945976257324,0.8519820275123867,0.7289974638749175,7.756286362939576,8.428813627610557,7.032005424701265,True,1.079218864440918,1.4183924198150637,0.7730426196163714,0.5840418469449811,1.8106079439610336,1.751918799689246,0.5997576370575619,6.676894827921311,5.945678418978543,0.2631411552429199,0.648902177810669,0.0789394078960152,onnx:artifacts/model_wide32_simple.onnx,combat_real/0128,combat_real,4992,10.8,0,True,5.104999899980612,1.276249974995153
1.3245999813079834,1.9091365337371824,0.8323376749372241,0.6225753937843869,6.033778099578587,6.89108373318105,5.903108754535593,True,1.0691313743591309,1.3686277866363523,0.7451721137322734,0.5025685236424463,-4.755135355009188,-4.59395497560132,-2.5283740968144004,11.485038708782367,10.788913454587776,0.2554686069488525,0.5405087471008301,0.0871655612049506,onnx:artifacts/model_wide32_simple.onnx,combat_real/0129,combat_real,4446,2.75,0,True,5.827236000041012,1.456809000010253
1.0795916318893433,1.2646496295928955,0.6027685041086309,0.4306371302485925,3.229039176739359,4.181282296128906,4.044834927163617,True,1.1180267333984375,1.3805474042892456,0.4772172889383944,0.3047622990393258,-2.537442424977275,0.0412591572794022,-1.2907381604523709,4.140023138849504,5.7664816017166345,-0.0384351015090942,-0.1158977746963501,0.1255512151702365,onnx:artifacts/model_wide32_simple.onnx,combat_real/0130,combat_real,8555,5.08,0,True,4.950578599993605,1.2376446499984013
3.543290376663208,4.112341403961182,0.9828126331107268,0.9433240959690616,15.7707608122529,15.86014993832363,13.455854197134007,True,2.971550941467285,3.885187387466431,0.980110539393347,0.9189506306833188,14.834946955237138,14.864786491305535,11.198704011318483,0.9953634470180948,0.935813857015761,0.5717394351959229,0.2271540164947509,0.0027020937173798,onnx:artifacts/model_wide32_simple.onnx,combat_real/0131,combat_real,2094,14.86,0,False,5.056445199996233,1.2641112999990582
2.482893228530884,3.0961506366729736,0.9528649538256068,0.8262902772859357,20.627423009837067,20.564371835116468,15.280028093277505,True,1.7629024982452393,2.244780778884888,0.9446797744758154,0.804987964177496,18.772137001872043,18.765286748889164,13.325315982634088,1.7990850862273042,1.855286007965024,0.7199907302856445,0.8513698577880859,0.0081851793497913,onnx:artifacts/model_wide32_simple.onnx,combat_real/0132,combat_real,61,18.77,0,False,5.071723300032318,1.2679308250080794
1.293671727180481,1.8193262815475464,0.8686308985818646,0.7166861500911751,3.149054011708124,4.83677108344934,4.274716815539565,True,1.0957506895065308,1.374868392944336,0.7624933520597875,0.5588704365494674,-0.5874543607964106,-0.3996926113599975,-0.72342443305242,5.236463694809337,3.7365083725045354,0.1979210376739502,0.4444578886032104,0.106137546522077,onnx:artifacts/model_wide32_simple.onnx,combat_real/0133,combat_real,61,4.14,0,True,6.564842200023122,1.6412105500057803
2.11403226852417,2.558084726333618,0.8696574237020649,0.7706607311847875,12.875010521328878,12.925901803375012,10.420666434491514,True,1.1461191177368164,1.491686463356018,0.7943017265960495,0.6574139258434482,6.627290490799849,6.5038212698776565,4.433304797985121,6.422080533497356,6.247720030529029,0.9679131507873536,1.0663982629776,0.0753556971060154,onnx:artifacts/model_wide32_simple.onnx,combat_real/0134,combat_real,3570,12.39,0,True,5.285889599996153,1.3214723999990383
3.2411134243011475,3.751090049743652,0.9817671010980628,0.9249870059515444,22.49112441570354,22.37198596570674,19.82206590418063,True,1.824081301689148,2.269979476928711,0.913937720113531,0.8520986602066453,19.539440026026384,19.5427361088148,21.30192683467365,2.829249856891945,2.9516843896771547,1.4170321226119995,1.4811105728149414,0.0678293809845317,onnx:artifacts/model_wide32_simple.onnx,combat_real/0135,combat_real,6930,19.62,0,False,5.0532061999547295,1.2633015499886824
1.4951221942901611,1.8790733814239504,0.7883258510095921,0.6746207788581476,9.53231087104506,9.826923324080608,7.891976174987523,True,1.049924373626709,1.243085265159607,0.69657193736957,0.4934806216624544,3.04471511813017,3.0363923208301498,0.1746415124910519,6.790531003250459,6.487595752914888,0.4451978206634521,0.6359881162643433,0.091753913640022,onnx:artifacts/model_wide32_simple.onnx,combat_real/0136,combat_real,3575,7.26,0,True,5.0742051000124775,1.2685512750031194
1.7554590702056885,2.551187038421631,0.8247138405640191,0.6880140610688344,12.720416861097556,12.884620478454716,8.63351295769252,True,1.232153296470642,1.7656991481781006,0.7622103914310245,0.5975383905361721,6.965723987236512,6.941119343535479,4.139157621359117,5.943501134919237,5.754692873861044,0.5233057737350464,0.7854878902435303,0.0625034491329945,onnx:artifacts/model_wide32_simple.onnx,combat_real/0137,combat_real,8455,13.03,0,True,5.2649861999670975,1.3162465499917744
2.3750345706939697,3.1138904094696045,0.9536490662464802,0.9070997873856512,14.940613050544712,15.06298550378007,15.675779163030532,True,1.189983367919922,1.8692690134048464,0.915021259673532,0.7942705516467212,7.853778152330159,7.864152235867802,12.242096349020557,7.198833267912267,7.086834898214553,1.185051202774048,1.2446213960647583,0.038627806572948,onnx:artifacts/model_wide32_simple.onnx,combat_real/0138,combat_real,4992,8.52,0,False,4.748824299953412,1.187206074988353
2.046696901321411,2.904876470565796,0.8828270969066577,0.7373708797189248,13.01735186523876,13.1401289952716,8.357973900388721,True,1.385157585144043,1.9421272277832031,0.8195569324432641,0.5857072690647357,10.65343066522145,10.678177423743726,5.10451614677908,2.461951571527875,2.363921200017309,0.6615393161773682,0.9627492427825928,0.0632701644633936,onnx:artifacts/model_wide32_simple.onnx,combat_real/0139,combat_real,1284,15.91,0,True,4.621123099990655,1.1552807749976637
1.4021923542022705,2.046647310256958,0.8314970586477756,0.7034003118834022,16.02083658675729,15.802831939466548,12.166713853217416,True,1.0450160503387451,1.1855995655059814,0.6642962808584826,0.5983216960171229,0.84795276342681,0.8565639618447967,3.816354213035797,14.946267977621751,15.17288382333048,0.3571763038635254,0.8610477447509766,0.167200777789293,onnx:artifacts/model_wide32_simple.onnx,combat_real/0140,combat_real,5639,7.05,0,True,4.941828100010753,1.2354570250026882
1.9597605466842647,2.69622540473938,0.8756882314965873,0.7531181532979767,10.437013911728892,10.75959620059127,7.658088118314396,True,1.265663981437683,2.018136501312256,0.8270623615923683,0.6386498562420769,5.9276348077155685,6.109745563599599,3.157365962674313,4.649850636991671,4.509379104013323,0.694096565246582,0.678088903427124,0.0486258699042189,onnx:artifacts/model_wide32_simple.onnx,combat_real/0141,combat_real,8455,12.24,0,True,5.607339800044429,1.4018349500111071
2.118002414703369,2.878174304962158,0.9538129160638872,0.907504216210369,19.030487596806505,19.065040053679898,16.11629552062933,True,1.6630442142486572,2.0532257556915283,0.9453370200597496,0.8745502224577015,17.76614096620699,17.76450059790504,13.969794619449784,1.3005394557748566,1.264346630599512,0.4549582004547119,0.8249485492706299,0.0084758960041374,onnx:artifacts/model_wide32_simple.onnx,combat_real/0142,combat_real,237,18.23,0,False,4.566966600017622,1.1417416500044055
1.9262852668762207,2.475456714630127,0.8668456934347075,0.7402761355491372,12.20410145956211,12.361983012609045,11.975245768302695,True,1.1725866794586182,1.3003251552581787,0.7637256003144439,0.6478503395826596,0.5893734450518194,0.7508714749048035,7.450436080406347,11.61111153770424,11.614728014510291,0.7536985874176025,1.1751315593719482,0.1031200931202636,onnx:artifacts/model_wide32_simple.onnx,combat_real/0143,combat_real,8230,0.69,0,False,4.673750599962659,1.1684376499906648
1.395820140838623,1.8419759273529053,0.8129859609604824,0.6180460892681023,6.463977371192815,7.309317071535815,5.173470373376434,True,1.092307448387146,1.4235206842422483,0.7529626887408903,0.4604356479800964,0.904368889339578,0.9867132892041512,-0.0530449997087981,6.322603782331663,5.559608481853237,0.303512692451477,0.4184552431106567,0.060023272219592,onnx:artifacts/model_wide32_simple.onnx,combat_real/0144,combat_real,8455,2.32,0,False,4.614247799967416,1.153561949991854
2.260406255722046,2.8347363471984863,0.950156359783495,0.8797012560787965,17.24280912493305,17.284325738783327,15.213618196556274,True,1.1007157564163208,1.4451241493225098,0.8426402312116256,0.6781080939989477,11.2204983374828,11.227967964504446,12.722943654070209,6.056357774278881,6.02231078745025,1.159690499305725,1.3896121978759766,0.1075161285718694,onnx:artifacts/model_wide32_simple.onnx,combat_real/0145,combat_real,4992,11.58,0,False,4.3143208999536,1.0785802249884
1.2212468385696411,1.6640535593032837,0.6670639980044767,0.4356460287997769,3.660626692184228,5.08672517661938,3.3877576820516966,True,1.0618634223937988,1.323557734489441,0.5440681959955821,0.3275126855081666,-2.0219883741870053,-1.3987249274740066,-4.66180134754548,6.4854501040933865,5.682615066371233,0.1593834161758422,0.3404958248138428,0.1229958020088946,onnx:artifacts/model_wide32_simple.onnx,combat_real/0146,combat_real,3575,13.88,0,True,3.823348800011445,0.9558372000028612
1.2639952898025513,2.0124404430389404,0.8323119975949264,0.6837112616838071,8.113870103589804,8.612147906818898,6.634103940783259,True,1.0832465887069702,1.35072922706604,0.7735787411725946,0.5810014842545957,4.783878297290144,5.197174883755187,2.794452030812132,3.4149730230637108,3.32999180629966,0.180748701095581,0.6617112159729004,0.0587332564223317,onnx:artifacts/model_wide32_simple.onnx,combat_real/0147,combat_real,6930,14.37,0,True,4.347297800006345,1.0868244500015862
2.2502236366271973,2.885685682296753,0.9466182953970832,0.8716508524620499,16.063833059926402,16.13487893774922,12.453228047782943,True,1.3148996829986572,2.120513677597046,0.925645887658138,0.7955937399310294,11.93879778498789,11.902443992848376,7.93594654973755,4.232434944900845,4.125035274938512,0.93532395362854,0.765172004699707,0.0209724077389453,onnx:artifacts/model_wide32_simple.onnx,combat_real/0148,combat_real,1995,19.3,0,True,3.620333299972117,0.9050833249930292
1.938554048538208,2.59948992729187,0.888719385524933,0.8038797920875388,10.813553645614036,11.120870322527274,10.97457217380501,True,1.1763752698898315,1.5691595077514648,0.8251371492422978,0.7349004101668627,-2.9597519769755287,-2.838177696213384,7.717611123148426,13.959048018740658,13.773305622589564,0.7621787786483765,1.0303304195404053,0.0635822362826352,onnx:artifacts/model_wide32_simple.onnx,combat_real/0149,combat_real,121,9.37,0,True,3.508358400024008,0.877089600006002
2.983733654022217,3.434946298599243,0.9884310197625428,0.9653262248660296,18.316577684546772,18.347914296173244,14.038960675182267,True,1.7775779962539673,2.6069207191467285,0.9827263689815631,0.9339140473137175,13.766999778597473,13.774811398161699,10.079454024270047,4.573102898011545,4.549577905949299,1.2061556577682495,0.8280255794525146,0.005704650780979703,onnx:artifacts/model_combat32_simple.onnx,combat_real/0000,combat_real,5142,14.22,0,False,2.9567487000022084,0.7391871750005521
1.581035852432251,2.3965988159179688,0.8617446794731627,0.7574234100586819,8.718928820423873,9.169031627324198,6.9404291681228,True,1.0944379568099976,1.425382375717163,0.7461550723866142,0.5474554258796196,2.381685977219327,2.466183771996761,-0.3031655092486183,6.7028478553274375,6.337242843204546,0.4865978956222534,0.9712164402008057,0.11558960708654853,onnx:artifacts/model_combat32_simple.onnx,combat_real/0001,combat_real,6829,6.3,0,True,3.085387900006026,0.7713469750015065
1.4157631397247314,2.1696696281433105,0.8164473743519659,0.5902330177665301,4.659790906472384,5.861640579518868,3.739404064087518,True,1.0687110424041748,1.6334933042526245,0.7326530122575895,0.4525497944112024,0.8583197349040397,1.9233402080150894,0.01877970720698241,3.9383003715037788,3.8014711715683447,0.34705209732055664,0.536176323890686,0.0837943620943764,onnx:artifacts/model_combat32_simple.onnx,combat_real/0002,combat_real,3570,10.51,0,True,3.0476107000140473,0.7619026750035118
2.2941818237304688,2.939232349395752,0.9824197876742377,0.9048686658881424,19.971788141826107,19.901342533308096,15.546082916005563,True,1.4206510782241821,1.9763834476470947,0.9650607193618411,0.8522030864619468,14.01969752363414,14.022532253861469,11.69880830006586,5.878810279446627,5.952090618191967,0.8735307455062866,0.9628489017486572,0.01735906831239653,onnx:artifacts/model_combat32_simple.onnx,combat_real/0003,combat_real,5142,14.58,0,False,2.858572400000412,0.714643100000103
2.1542701721191406,2.6045238971710205,0.9063387359385239,0.7885800346989346,16.509695556093014,16.470018947435502,15.324259540319433,True,1.1552923917770386,1.237722635269165,0.7502928452801717,0.702056261580029,1.8822927023633178,1.8858649821231077,9.884535315172132,14.584153965312394,14.627402853729697,0.998977780342102,1.3668012619018555,0.15604589065835217,onnx:artifacts/model_combat32_simple.onnx,combat_real/0004,combat_real,1320,2.06,0,False,3.1097324999864213,0.7774331249966053
1.0981295108795166,1.3700186014175415,0.6610567428521434,0.5147300543039885,2.4737586267420353,4.413451111695176,2.4105818115646445,True,1.0486552715301514,1.1659276485443115,0.5170065102908645,0.33633395372284464,-4.817059574089573,-4.693057372535804,-4.57706574379103,9.106508484230979,7.290818200831608,0.049474239349365234,0.20409095287322998,0.1440502325612789,onnx:artifacts/model_combat32_simple.onnx,combat_real/0005,combat_real,5639,4.88,0,True,3.443067300016992,0.860766825004248
1.8678168058395386,2.491713285446167,0.7914975286480047,0.5781081739994288,12.828623526544893,12.945431241863584,8.05198316428879,True,1.127884864807129,1.5659807920455933,0.6578365827588228,0.40509110486856365,5.5242180413736754,5.544427774948773,0.46471933782517477,7.401003466914811,7.304405485171218,0.7399319410324097,0.9257324934005737,0.13366094588918187,onnx:artifacts/model_combat32_simple.onnx,combat_real/0006,combat_real,4446,14.41,0,True,3.369035999989137,0.8422589999972843
1.2942270040512085,1.8630006313323975,0.7838283858065417,0.6124391326356025,7.162719958753696,7.867166161806374,4.294443813870495,True,1.060648798942566,1.3376762866973877,0.6766216383709958,0.44091301794895055,1.8642570910145588,1.7842860948088952,-2.5125788837428984,6.082880066997479,5.298462867739137,0.23357820510864258,0.5253243446350098,0.10720674743554592,onnx:artifacts/model_combat32_simple.onnx,combat_real/0007,combat_real,8455,1.78,0,False,3.4539847999694757,0.8634961999923689
1.379893183708191,1.770235300064087,0.8513757519646399,0.6765929844680304,7.250058574134939,7.857670776033389,5.723194741304622,True,1.069558024406433,1.3004937171936035,0.7355688166820138,0.4727262669717827,2.459190611955669,2.5160307882276123,-0.5001729992359374,5.341639987805777,4.79086796217927,0.3103351593017578,0.4697415828704834,0.11580693528262609,onnx:artifacts/model_combat32_simple.onnx,combat_real/0008,combat_real,7176,9.15,0,True,3.075701800000388,0.768925450000097
2.482130765914917,2.940971851348877,0.9263220177652475,0.8847481948185271,14.918426456630272,14.94811633017801,13.985440246386185,True,1.2395570278167725,1.5091373920440674,0.8510108809662421,0.7993403474971668,8.025084925013315,8.035162699911352,8.190911430702304,6.912953630266658,6.893341531616956,1.2425737380981445,1.4318344593048096,0.07531113679900536,onnx:artifacts/model_combat32_simple.onnx,combat_real/0009,combat_real,8555,8.37,0,False,3.3630175999714993,0.8407543999928748
1.966369390487671,2.6128859519958496,0.922074880608654,0.803377759426738,10.574007722990832,10.873941248528132,11.526921854997623,True,1.252745509147644,1.6381080150604248,0.7730984079627224,0.6577264292288892,2.7550416505753854,2.683573856972838,11.151151519284639,8.190367391555293,7.818966072415446,0.7136238813400269,0.9747779369354248,0.1489764726459315,onnx:artifacts/model_combat32_simple.onnx,combat_real/0010,combat_real,8463,2.82,0,False,3.355142199958209,0.8387855499895522
1.9947490692138672,2.315678119659424,0.8741103010687734,0.7573919712682292,11.037669169783745,11.191051008819581,8.838770217291069,True,1.0636489391326904,1.246549367904663,0.804211178944469,0.616537367607713,7.368783796849429,7.425160351944291,4.516845755292589,3.765890656875291,3.6688853729343167,0.9311001300811768,1.0691287517547607,0.06989912212430438,onnx:artifacts/model_combat32_simple.onnx,combat_real/0011,combat_real,7729,7.81,0,False,2.7522405000054277,0.6880601250013569
1.4137526750564575,1.9352202415466309,0.891300885681725,0.7948548475509136,9.413640308017527,9.802150314551607,7.25179473350718,True,1.090965986251831,1.3771998882293701,0.7758211105078577,0.6221902517316602,0.7723955204233592,0.6437440536678467,1.0419010914719073,9.15840626088376,8.641244787594168,0.32278668880462646,0.5580203533172607,0.11547977517386732,onnx:artifacts/model_combat32_simple.onnx,combat_real/0012,combat_real,4446,4.22,0,True,2.725108899991028,0.681277224997757
3.226329803466797,3.4717788696289062,0.9599449734726376,0.9313255958534258,22.38039807131376,22.295433976144224,18.810032218435346,True,1.9568593502044678,2.230350971221924,0.938504788414625,0.8972071933845175,19.02546345433166,19.03635536893625,16.15894182509716,3.259078607207975,3.3549346169820993,1.269470453262329,1.2414278984069824,0.021440185058012595,onnx:artifacts/model_combat32_simple.onnx,combat_real/0013,combat_real,5683,19.82,0,False,2.7440483000245877,0.6860120750061469
1.7172033786773682,2.136613368988037,0.8973488191056527,0.8214439030912076,16.43000485296681,16.439126432623816,14.340854536933596,True,1.1432641744613647,1.4824098348617554,0.8362229036712256,0.7286966199571423,11.472329390685587,11.484090983838477,9.812721832571098,4.955035448785338,4.957675462281223,0.5739392042160034,0.6542035341262817,0.061125915434427025,onnx:artifacts/model_combat32_simple.onnx,combat_real/0014,combat_real,7021,12.18,0,False,2.8716169000254013,0.7179042250063503
1.479231834411621,2.134021282196045,0.8786637847058211,0.8029667530892795,9.862641177582066,10.275466615561893,8.811788444391228,True,1.0472464561462402,1.2349746227264404,0.8131827375362395,0.6443776544198779,3.44590761483841,3.3994956177318922,3.0108047784522154,6.8759709978300005,6.416733562743657,0.43198537826538086,0.8990466594696045,0.06548104716958159,onnx:artifacts/model_combat32_simple.onnx,combat_real/0015,combat_real,4992,3.83,0,False,2.9223368000239134,0.7305842000059783
3.0405654907226562,3.788721799850464,0.9564514540985997,0.8922881555502598,15.751180994216952,15.826626961748412,11.963778341685176,True,1.458653211593628,2.882866859436035,0.8957656942232725,0.7295451814382354,10.237371769498711,10.256285599897117,5.884950427911374,5.570341361851295,5.513809224718241,1.5819122791290283,0.9058549404144287,0.060685759875327205,onnx:artifacts/model_combat32_simple.onnx,combat_real/0016,combat_real,1580,19.43,0,True,2.599921400018502,0.6499803500046255
2.547706365585327,3.2296431064605713,0.9170475274903074,0.772446414214384,10.055467609827566,10.385500461491961,8.129819805782478,True,1.184518575668335,1.6505582332611084,0.8286576536748367,0.6085482842381795,7.638942747080749,7.804421106362601,5.413826551987459,2.5810793551293605,2.416524862746817,1.3631877899169922,1.579084873199463,0.0883898738154707,onnx:artifacts/model_combat32_simple.onnx,combat_real/0017,combat_real,2300,16.9,0,True,2.8466251000063494,0.7116562750015873
1.3654738664627075,1.7219176292419434,0.8317013096546727,0.6349267929234617,7.546638203586294,8.191150003768179,4.6641855683619635,True,1.0744996070861816,1.2588250637054443,0.6768403682221378,0.48096533642593897,0.3320755581183509,0.3585188747093958,-1.5433370368493204,7.832631129058783,7.214562645467943,0.2909742593765259,0.463092565536499,0.15486094143253493,onnx:artifacts/model_combat32_simple.onnx,combat_real/0018,combat_real,5142,3.65,0,True,2.688283399969805,0.6720708499924513
1.9362080097198486,2.4801387786865234,0.886454982699405,0.7926160767103442,15.209565542170827,15.217774872421382,10.707628860419428,True,1.0944746732711792,1.5253570079803467,0.8180843396267543,0.6376461447474762,9.069593118704658,9.118295313686144,4.900558066946879,6.099479558735238,6.139972423466169,0.8417333364486694,0.9547817707061768,0.06837064307265073,onnx:artifacts/model_combat32_simple.onnx,combat_real/0019,combat_real,5683,9.47,0,False,2.7939703000010923,0.6984925750002731
3.0464494228363037,3.7631354331970215,0.9821421960486623,0.9464716428686611,11.47409324780065,11.681057475547671,9.525505577102443,True,1.3713209629058838,2.720642328262329,0.9680097235638097,0.8883359307652422,0.7187968494580422,0.7805334182894823,1.5601537368877096,10.900524057258188,10.755296398342606,1.67512845993042,1.0424931049346924,0.01413247248485261,onnx:artifacts/model_combat32_simple.onnx,combat_real/0020,combat_real,61,12.23,0,True,2.8066915000090376,0.7016728750022594
2.00050950050354,2.7641899585723877,0.9056666770741989,0.8309304331881691,16.68649675691791,16.675296735980655,13.01467417336664,True,1.300754427909851,1.9379844665527344,0.8122431816930552,0.7267085525684659,9.713350342831662,9.645824647144645,8.118465279623255,7.029472088836011,6.97314641408625,0.699755072593689,0.8262054920196533,0.0934234953811437,onnx:artifacts/model_combat32_simple.onnx,combat_real/0021,combat_real,1580,9.91,0,False,2.813733700022567,0.7034334250056418
1.8721312284469604,2.2701425552368164,0.8892469042881064,0.8088983702478927,12.21900789717425,12.428371881152225,9.572381853956243,True,1.1078089475631714,1.4000968933105469,0.8332710286391859,0.7265454970667785,6.1444618477969115,6.10304475221711,3.226643862663238,6.325327128935116,6.074546049377339,0.7643222808837891,0.8700456619262695,0.05597587564892048,onnx:artifacts/model_combat32_simple.onnx,combat_real/0022,combat_real,237,6.73,0,False,2.647134000028018,0.6617835000070045
3.2483510971069336,3.4787802696228027,0.9821098180862127,0.9615207561155827,24.886505232377583,24.44242711219544,24.096477833397582,True,1.4419926404953003,1.8641815185546875,0.9218527757581769,0.9080623276385287,18.86771540348931,18.87366682935111,24.03064616543759,5.56876028284433,6.0187898288882735,1.8063584566116333,1.6145987510681152,0.06025704232803575,onnx:artifacts/model_combat32_simple.onnx,combat_real/0023,combat_real,3570,18.87,0,False,2.7917261000256985,0.6979315250064246
1.4073697328567505,2.0179648399353027,0.7887156025178739,0.5280243501623944,8.009616219713255,8.628761421325295,7.2155155103412545,True,1.2037253379821777,1.6049737930297852,0.7132506579653035,0.44991647403265966,0.8722461642794574,0.8184564084152129,2.258854041230789,7.810305012910082,7.137370055433798,0.20364439487457275,0.4129910469055176,0.07546494455257036,onnx:artifacts/model_combat32_simple.onnx,combat_real/0024,combat_real,1089,0.82,0,False,2.7105734000215307,0.6776433500053827
1.838688611984253,2.312980890274048,0.7782601408330032,0.5782515041225317,11.437687738165907,11.632370124291178,7.609960321726763,True,1.1748284101486206,1.6732864379882812,0.6432499557168598,0.4313903410357894,2.955244361199858,3.0318924833247034,-1.0187060084122264,8.600477640966474,8.48244337696605,0.6638602018356323,0.6396944522857666,0.13501018511614338,onnx:artifacts/model_combat32_simple.onnx,combat_real/0025,combat_real,1188,12.91,0,True,2.8322711000218987,0.7080677750054747
1.8846827745437622,2.873133897781372,0.9020896630637779,0.7621550573507553,12.567033969022713,12.741661928350005,9.492028556647156,True,1.2956174612045288,2.137697696685791,0.8380200309366269,0.6379348211140811,6.397999917605064,6.378682949698675,6.409154033167652,6.362978978651331,6.169034051417649,0.5890653133392334,0.735436201095581,0.064069632127151,onnx:artifacts/model_combat32_simple.onnx,combat_real/0026,combat_real,2961,7.27,0,False,2.488234399992507,0.6220585999981267
2.366410732269287,2.749992609024048,0.9473879608017771,0.9180476255570823,19.703200720194953,19.68816863638843,16.727396906052913,True,1.485770344734192,1.823035717010498,0.9432957830483195,0.8897575300413514,1.8996047723979583,1.9052122167475178,1.2025662125798218,17.78295641964091,17.803595947796996,0.8806403875350952,0.9269568920135498,0.004092177753457604,onnx:artifacts/model_combat32_simple.onnx,combat_real/0027,combat_real,8555,2.0,0,False,2.847199800016824,0.711799950004206
2.4040563106536865,3.446479320526123,0.9585035341117146,0.8880664797298504,15.864854696543684,15.955819771930567,16.416043958518372,True,1.5638551712036133,2.6547188758850098,0.9101253525188219,0.8075855270335842,10.682103266893535,10.705173857315947,13.540147924213331,5.250645914614621,5.18275142965015,0.8402011394500732,0.7917604446411133,0.048378181592892755,onnx:artifacts/model_combat32_simple.onnx,combat_real/0028,combat_real,1089,11.19,0,False,2.952506200002972,0.738126550000743
2.3086938858032227,2.7970433235168457,0.9142881934371242,0.8075696172094179,12.451573752509171,12.585259517301864,9.514518439777707,True,1.1895004510879517,1.5453267097473145,0.8192229039649388,0.6633490392791725,8.229732906694476,8.277820341983764,4.805999043532241,4.3074391753181,4.221840845814695,1.119193434715271,1.2517166137695312,0.0950652894721854,onnx:artifacts/model_combat32_simple.onnx,combat_real/0029,combat_real,4992,12.09,0,True,2.823328999977093,0.7058322499942733
2.5808162689208984,3.0056276321411133,0.9637064744625594,0.9118680349177076,19.229721884090228,19.23717930869611,14.054337501034798,True,1.5226300954818726,2.2087347507476807,0.9493043196572343,0.8283747410322309,14.353588492614989,14.350849281155504,9.915883816663822,4.886330027540605,4.876133391475239,1.0581861734390259,0.7968928813934326,0.01440215480532514,onnx:artifacts/model_combat32_simple.onnx,combat_real/0030,combat_real,5683,14.71,0,False,2.9715769000467844,0.7428942250116961
2.594050884246826,3.1857659816741943,0.9705256929442241,0.9434092946666474,17.034145564144676,17.080569476899903,17.88836306852585,True,1.4942364692687988,2.0989556312561035,0.9592586660873477,0.9051393246149002,13.03022351673878,13.014234445339357,14.831534400136892,4.066335031560547,4.003922047405897,1.0998144149780273,1.0868103504180908,0.011267026856876416,onnx:artifacts/model_combat32_simple.onnx,combat_real/0031,combat_real,5683,13.53,0,False,3.1159511000150815,0.7789877750037704
3.3326058387756348,3.8763339519500732,0.9905348342232353,0.9636250566169422,14.990704286697639,15.11923916251218,12.128183216752301,True,2.1857738494873047,3.077775239944458,0.987143157045934,0.9389561636526249,9.917576920423771,9.928976567732565,8.688792093822071,5.190262594779615,5.073127366273868,1.14683198928833,0.7985587120056152,0.0033916771773012666,onnx:artifacts/model_combat32_simple.onnx,combat_real/0032,combat_real,4992,10.26,0,False,3.057079399994109,0.7642698499985272
1.4494068622589111,1.8205058574676514,0.762352448401552,0.6345287162313514,10.83178055451973,10.96084953868369,7.241823327985242,True,1.045108437538147,1.1825909614562988,0.6512117649151719,0.4674677554449926,2.352893613093181,2.6425582884804317,-1.8647043196785231,8.318291250203258,8.478886941426548,0.40429842472076416,0.6379148960113525,0.11114068348638018,onnx:artifacts/model_combat32_simple.onnx,combat_real/0033,combat_real,5683,7.17,0,True,2.7800726999994367,0.6950181749998592
2.318554162979126,3.002408504486084,0.9184549546431152,0.8092818521922343,16.80819769432951,16.885054654108323,14.113576655254665,True,1.3968921899795532,2.4010822772979736,0.8651445952147453,0.7507273072674693,9.0235311756644,9.04360624996199,9.608455022084685,7.841448404146334,7.7846665186651105,0.9216619729995728,0.6013262271881104,0.053310359428369924,onnx:artifacts/model_combat32_simple.onnx,combat_real/0034,combat_real,237,9.62,0,False,2.6167662999941967,0.6541915749985492
1.1870511770248413,1.4432193040847778,0.588589032197466,0.46320883547981806,0.5415250031122075,2.897845892371719,2.2692255282608302,True,1.0371134281158447,1.131813406944275,0.4649116316170597,0.30562515847722516,-2.799274704326181,-2.659006925524057,-3.5933863567413695,5.556852817895776,3.3407997074383884,0.14993774890899658,0.31140589714050293,0.12367740058040638,onnx:artifacts/model_combat32_simple.onnx,combat_real/0035,combat_real,7729,6.69,0,True,2.7535264999605715,0.6883816249901429
1.4747626781463623,2.137857437133789,0.8616732953989049,0.7712001425114174,7.184576718992658,7.763526366720539,6.324092236919804,True,1.1598703861236572,1.4543719291687012,0.798089010627821,0.6713472133916655,-1.697380884731344,-0.9773284194523123,1.9071530925268756,8.740854786172852,8.881957603724002,0.3148922920227051,0.6834855079650879,0.06358428477108391,onnx:artifacts/model_combat32_simple.onnx,combat_real/0036,combat_real,2300,4.73,0,True,2.7911674000206403,0.6977918500051601
1.5186774730682373,1.947314739227295,0.8583593910783683,0.7180983151977802,7.772018504024768,8.442080893363752,5.696182082114531,True,1.089838981628418,1.3193607330322266,0.7880027373557026,0.5801644472037504,0.21991277068581128,0.09181883500307425,-1.0220893686150392,8.350262058360677,7.552105733338957,0.42883849143981934,0.6279540061950684,0.07035665372266575,onnx:artifacts/model_combat32_simple.onnx,combat_real/0037,combat_real,5142,1.13,0,False,2.767476800014265,0.6918692000035662
1.7983970642089844,2.2886767387390137,0.9131172570494386,0.7284030950052064,11.240989568143931,11.429393537117337,7.737103236993725,True,1.1898469924926758,1.5705957412719727,0.8288405190822427,0.47125418193806,4.667955771866429,4.686352602562048,1.1969839372325572,6.743040934555289,6.573033796277502,0.6085500717163086,0.718080997467041,0.08427673796719592,onnx:artifacts/model_combat32_simple.onnx,combat_real/0038,combat_real,4446,4.72,0,False,2.646491400024388,0.661622850006097
2.8555376529693604,3.4421255588531494,0.93988019217716,0.8744574499977482,17.825415086683233,17.826199131798013,12.670499950740377,True,1.895787000656128,2.4687929153442383,0.9090327470249151,0.8025626266467463,15.18137054157904,15.167325755190218,8.813999747749426,2.6588733766077954,2.644044545104192,0.9597506523132324,0.9733326435089111,0.030847445152244912,onnx:artifacts/model_combat32_simple.onnx,combat_real/0039,combat_real,1089,15.3,0,False,2.5980984999914654,0.6495246249978663
2.218116044998169,2.7483203411102295,0.8435888702012134,0.7778198683501627,15.041621179070452,15.099983753330656,11.993485319721449,True,1.0612568855285645,1.3025418519973755,0.7147137659028104,0.5904369913783576,6.822141056429537,6.827335160793446,4.97335047784706,8.27264859253721,8.219480122640915,1.1568591594696045,1.445778489112854,0.128875104298403,onnx:artifacts/model_combat32_simple.onnx,combat_real/0040,combat_real,1995,9.14,0,True,2.7767230000463314,0.6941807500115829
2.1625568866729736,2.551100015640259,0.8310772541664303,0.7179317023948251,13.567044227442755,13.710658228301654,11.302174658289735,True,1.2558363676071167,1.5820679664611816,0.6581215821011622,0.5777765360869883,6.654853821516612,6.760671022930762,5.9630676291531355,6.949987205370892,6.912190405926143,0.9067205190658569,0.9690320491790771,0.17295567206526807,onnx:artifacts/model_combat32_simple.onnx,combat_real/0041,combat_real,4507,16.1,0,True,2.7654825000208803,0.6913706250052201
1.3970940113067627,1.892245888710022,0.7831287651115858,0.6375065290475237,4.786993018173982,6.029104363426945,5.122566909000209,True,1.0452594757080078,1.4253185987472534,0.7294288542981159,0.5470398073289873,3.0736758711310253,2.7730901455374184,0.8931114233738551,3.2560142178895264,1.713317147042957,0.3518345355987549,0.46692728996276855,0.05369991081346992,onnx:artifacts/model_combat32_simple.onnx,combat_real/0042,combat_real,8455,11.0,0,True,2.7545271000126377,0.6886317750031594
1.6056461334228516,2.2828309535980225,0.8889535167917068,0.7938851597878602,10.812115896188681,11.088333004200422,10.829414538321005,True,1.1092791557312012,1.4786534309387207,0.8113990576161817,0.6730822108467716,5.31684580087021,5.3917550318378895,6.549297751532112,5.696577972362532,5.495270095318471,0.4963669776916504,0.8041775226593018,0.07755445917552506,onnx:artifacts/model_combat32_simple.onnx,combat_real/0043,combat_real,1284,5.48,0,False,2.674669799976982,0.6686674499942455
3.039215564727783,3.3475534915924072,0.9852852882386869,0.9644258099214783,20.110395924146736,20.031695342239246,16.880204267446164,True,1.4302209615707397,1.8526240587234497,0.9766569811010986,0.9277035728284506,17.305792848190123,17.29299957333917,14.151579544794725,2.738695768900076,2.8046030759566136,1.6089946031570435,1.4949294328689575,0.008628307137588331,onnx:artifacts/model_combat32_simple.onnx,combat_real/0044,combat_real,5142,17.62,0,False,2.6265368000022136,0.6566342000005534
2.637157917022705,3.113964080810547,0.8721125026168554,0.76820333779406,15.725787764418286,15.524754100752332,12.472083635738084,True,1.3988008499145508,1.7383066415786743,0.7918296568129806,0.6566657314212292,10.041578152927862,10.046223489364717,9.092730246387246,5.478530611387615,5.684209611490424,1.2383570671081543,1.3756574392318726,0.08028284580387479,onnx:artifacts/model_combat32_simple.onnx,combat_real/0045,combat_real,6930,10.2,0,False,2.7271681999554858,0.6817920499888714
1.353056788444519,1.6717593669891357,0.7792254913027422,0.6415004752849947,8.964551958568794,9.451596604010257,7.606223773191728,True,1.0518743991851807,1.2722259759902954,0.6535469337161594,0.39413139010995624,1.3027905146865406,1.2788307199117521,-1.7008723463661326,8.172765884098505,7.661761443882254,0.3011823892593384,0.39953339099884033,0.12567855758658286,onnx:artifacts/model_combat32_simple.onnx,combat_real/0046,combat_real,1188,1.28,0,False,2.5315764999832027,0.6328941249958007
1.465113639831543,2.01509690284729,0.7140479857403287,0.5146107146568445,8.133571750101598,8.583641463630784,6.5938343459040905,True,1.0492045879364014,1.3090676069259644,0.5555822212441128,0.3970261212022016,2.296125029574415,2.3451009568210934,1.7467148885975567,6.23854050680969,5.837446720527184,0.4159090518951416,0.7060292959213257,0.15846576449621586,onnx:artifacts/model_combat32_simple.onnx,combat_real/0047,combat_real,7729,9.9,0,True,2.8954986999742687,0.7238746749935672
2.7105424404144287,3.341700553894043,0.9683919585913754,0.9177388373937204,20.583328034679376,20.563945015104224,16.751405522962617,True,1.651315689086914,2.210221767425537,0.9461255298250587,0.8342208825122216,16.42572789080439,16.412520281118073,12.5840431472935,4.1514247339861505,4.157600143874987,1.0592267513275146,1.1314787864685059,0.02226642876631668,onnx:artifacts/model_combat32_simple.onnx,combat_real/0048,combat_real,5142,16.91,0,False,2.6193732999963686,0.6548433249990921
2.9381985664367676,3.350891590118408,0.9184337032650126,0.8297990450947828,19.115847698393996,18.939653299853966,15.156889152846553,True,1.6454250812530518,2.0092601776123047,0.9062588323079287,0.7892837971118831,17.080238716077602,17.07601145189796,11.983422651908612,1.863641847956007,2.0356089823163934,1.2927734851837158,1.3416314125061035,0.012174870957083916,onnx:artifacts/model_combat32_simple.onnx,combat_real/0049,combat_real,672,17.14,0,False,2.709341100009624,0.677335275002406
1.438831090927124,2.176941394805908,0.8449813170407204,0.6768042003792889,9.411051881937592,9.838488396204777,8.434747084734092,True,1.0596916675567627,1.5170974731445312,0.67400292502567,0.5230279651288959,1.274370350632426,1.2755145859205028,2.6260118144994795,8.562973810284275,8.136681531305166,0.37913942337036133,0.659843921661377,0.17097839201505038,onnx:artifacts/model_combat32_simple.onnx,combat_real/0050,combat_real,3729,1.3,0,False,2.7733533999999054,0.6933383499999763
2.0153276920318604,2.393728256225586,0.938140067458675,0.884508305170438,13.301690546146904,13.378713770612297,9.908814566302757,True,1.0758370161056519,1.332999587059021,0.8987522018702585,0.7586796671519562,7.790126367114483,7.790978186850893,3.97851798561608,5.587735583761404,5.511564179032422,0.9394906759262085,1.060728669166565,0.03938786558841645,onnx:artifacts/model_combat32_simple.onnx,combat_real/0051,combat_real,5142,7.97,0,False,2.878095599997323,0.7195238999993308
3.3638498783111572,3.686763048171997,0.9949218412893176,0.9757758434342642,23.054981063440138,23.035658083182618,19.726461554275335,True,1.514829397201538,1.978898525238037,0.9806706727715765,0.934136253100094,18.30174569521743,18.306302050675406,18.08721433651506,4.729356032507212,4.7532353682227075,1.8490204811096191,1.70786452293396,0.014251168517741108,onnx:artifacts/model_combat32_simple.onnx,combat_real/0052,combat_real,5142,18.39,0,False,2.7168880999670364,0.6792220249917591
3.027289390563965,3.2769577503204346,0.9694023841290208,0.9293850626959889,18.18932046087132,18.19137091407081,20.776322036121,True,1.748313546180725,2.0068516731262207,0.9269495194165555,0.8719085069820396,14.669923168415703,14.680079883207664,20.95678525084794,3.511291030863145,3.519397292455615,1.2789758443832397,1.2701060771942139,0.042452864712465344,onnx:artifacts/model_combat32_simple.onnx,combat_real/0053,combat_real,1320,19.73,0,True,2.7490620000171475,0.6872655000042869
1.7328274250030518,2.323491334915161,0.8880769951585575,0.7545684639833168,11.2185267195662,11.316024031170562,8.205905101172188,True,1.1784864664077759,1.4284751415252686,0.7384659082213865,0.5938947451574673,3.5979946832028533,3.417615209361144,2.396890412925002,7.898408821809418,7.620532036363346,0.5543409585952759,0.8950161933898926,0.14961108693717107,onnx:artifacts/model_combat32_simple.onnx,combat_real/0054,combat_real,4077,3.86,0,False,2.695469099970069,0.6738672749925172
2.9722371101379395,3.4756815433502197,0.9763569400191885,0.9192781198975779,19.221271052193394,19.160544483760322,15.921582488690564,True,1.704443097114563,2.3530113697052,0.9403030864336318,0.8291505528489413,15.615026680981023,15.622064061141625,14.994676213757128,3.538480422618697,3.6062443712123713,1.2677940130233765,1.1226701736450195,0.03605385358555668,onnx:artifacts/model_combat32_simple.onnx,combat_real/0055,combat_real,8455,16.99,0,False,2.7995785999810323,0.6998946499952581
2.4647107124328613,3.413170337677002,0.9730529237218196,0.8900513949283276,15.581681215123776,15.694233994499546,11.926904453459363,True,2.194248914718628,3.0069069862365723,0.9660411008159354,0.8566755641443212,14.026380557186044,14.021771757552786,10.197352567467505,1.6724622369467603,1.5553006579377318,0.2704617977142334,0.4062633514404297,0.007011822905884202,onnx:artifacts/model_combat32_simple.onnx,combat_real/0056,combat_real,1188,14.02,0,False,2.8087573999655433,0.7021893499913858
1.7058608531951904,2.157485008239746,0.9140709061316545,0.821058392395377,11.178407919075411,11.36319600353116,10.573632381881698,True,1.1080670356750488,1.6108932495117188,0.8277638036719227,0.6146831315776856,3.300923066627183,3.2475520210677344,5.660871274235772,8.115643982463425,7.877484852448228,0.5977938175201416,0.5465917587280273,0.08630710245973183,onnx:artifacts/model_combat32_simple.onnx,combat_real/0057,combat_real,121,9.42,0,True,2.81769560003886,0.704423900009715
1.8104653358459473,2.6093358993530273,0.8903103467745894,0.7418541405447586,10.388689499068471,10.579994083503436,9.962419882189979,True,1.1424471139907837,1.5312035083770752,0.7506661138567458,0.6103521825877833,5.050172838161053,4.723044863134696,7.636799131927157,5.85694922036874,5.338516660907418,0.6680182218551636,1.0781323909759521,0.13964423291784367,onnx:artifacts/model_combat32_simple.onnx,combat_real/0058,combat_real,1995,13.53,0,True,2.671263700001873,0.6678159250004683
2.488710880279541,3.0978198051452637,0.8926391783199186,0.7900543644870279,14.839477328127064,14.85032317686536,11.044799508810208,True,1.4793707132339478,2.104558229446411,0.8498586957228627,0.7093269180214706,-0.015978962302827096,-0.01400780113410241,-1.5608488053747467,14.864330977999462,14.85545629042989,1.0093401670455933,0.9932615756988525,0.04278048259705591,onnx:artifacts/model_combat32_simple.onnx,combat_real/0059,combat_real,1995,17.71,0,True,2.7543495999998413,0.6885873999999603
1.6995737552642822,2.382749557495117,0.8332553668181569,0.7108853851873064,9.152910667042741,9.605916425633788,6.994593043075357,True,1.0726633071899414,1.287856101989746,0.67786105839765,0.4938995759828066,4.664173968593076,4.657106832893599,1.8371059256406879,4.948809592740189,4.4887366984496655,0.6269104480743408,1.094893455505371,0.15539430842050694,onnx:artifacts/model_combat32_simple.onnx,combat_real/0060,combat_real,4992,11.36,0,True,2.6756074999575503,0.6689018749893876
1.1516064405441284,1.3470419645309448,0.5510469701439578,0.3335778606263742,0.19976591912028935,3.1111542870431097,1.8234128709904431,True,1.0339049100875854,1.1537703275680542,0.48493153337101563,0.271382055331044,-5.683244263956092,-5.478069045223606,-6.127329350333252,8.589223332266716,5.883010183076381,0.11770153045654297,0.19327163696289062,0.06611543677294213,onnx:artifacts/model_combat32_simple.onnx,combat_real/0061,combat_real,3575,2.37,0,True,2.889008600031957,0.7222521500079893
1.2057936191558838,1.659278392791748,0.7908966595770273,0.5216265195423571,7.189879766397045,7.886312217346,3.2607174094052485,True,1.033148169517517,1.22710382938385,0.7330543781855295,0.4264824384101532,0.38911526346470765,0.35276249756812483,-3.3473506818100938,7.533549719777875,6.800764502932338,0.1726454496383667,0.43217456340789795,0.05784228139149772,onnx:artifacts/model_combat32_simple.onnx,combat_real/0062,combat_real,4992,5.11,0,True,2.8831391999847256,0.7207847999961814
1.3958263397216797,1.8381810188293457,0.7474528785687611,0.5593551993510145,6.081060598079043,7.030743410708911,3.77336590809817,True,1.0429619550704956,1.2236239910125732,0.6307539721235552,0.3343308815144177,-5.572665316278462,-5.650153213644698,-5.38932261491091,12.680896624353608,11.653725914357505,0.3528643846511841,0.6145570278167725,0.11669890644520586,onnx:artifacts/model_combat32_simple.onnx,combat_real/0063,combat_real,5683,3.97,0,True,2.654140600003302,0.6635351500008255
1.7178586721420288,2.084074020385742,0.8435961018740897,0.7474949638611298,16.10168167550085,16.104999425856818,14.348413910256602,True,1.0787633657455444,1.2263035774230957,0.7604119724938474,0.6124910935055036,9.510539199064876,9.530051368999699,9.208151257049684,6.574948056857119,6.591142476435973,0.6390953063964844,0.8577704429626465,0.08318412938024233,onnx:artifacts/model_combat32_simple.onnx,combat_real/0064,combat_real,8555,9.92,0,False,2.828932199976407,0.7072330499941017
1.3299956321716309,1.9678597450256348,0.8329923032913965,0.5684318838972632,7.95288004422903,7.430065112663458,4.158743719579116,True,1.1102133989334106,1.6005713939666748,0.7539044274165455,0.4593431989797571,1.2509176017807313,0.6568590218788224,-2.587568045795052,6.773206090784636,6.701962442448298,0.21978223323822021,0.36728835105895996,0.079087875874851,onnx:artifacts/model_combat32_simple.onnx,combat_real/0065,combat_real,5105,6.55,0,True,2.8679039999842644,0.7169759999960661
2.269012212753296,2.829632043838501,0.9177609518497162,0.7921910391533579,10.512469016869106,10.854762561969748,6.922784781834687,True,1.238497018814087,1.9400427341461182,0.8669377271755545,0.6971354952981591,-7.188276260606159,-7.254597575978316,-5.3636538756913765,18.109360137948066,17.700745277475264,1.030515193939209,0.8895893096923828,0.05082322467416167,onnx:artifacts/model_combat32_simple.onnx,combat_real/0066,combat_real,3575,2.28,0,True,2.7397893999586813,0.6849473499896703
1.3676202297210693,2.1427125930786133,0.7131827470281061,0.3907102963380271,5.368023836850281,5.809774919518238,3.6087500416985154,True,1.0332891941070557,1.3459534645080566,0.4723355401551301,0.2476635725317312,-4.629523609261758,-4.470319960862621,-5.588473062339025,10.28009488038086,9.997547446112039,0.33433103561401367,0.7967591285705566,0.24084720687297606,onnx:artifacts/model_combat32_simple.onnx,combat_real/0067,combat_real,5105,0.04,0,True,2.758891200006474,0.6897228000016185
1.2639319896697998,1.8227750062942505,0.7389838352191708,0.5451351098287365,2.932883620278975,4.717595981799896,3.7105709275595897,True,1.064476490020752,1.2429282665252686,0.5869530658595841,0.3646882763779796,-8.183166784624502,-8.609150199952184,-2.0840841801796763,13.32674618175208,11.116050404903477,0.19945549964904785,0.5798467397689819,0.1520307693595867,onnx:artifacts/model_combat32_simple.onnx,combat_real/0068,combat_real,2300,6.46,0,True,2.8069209000095725,0.7017302250023931
1.3556851148605347,1.9042541980743408,0.7150365344029491,0.5346639725152316,7.966460965879061,8.496266284738734,6.444646372446594,True,1.0275287628173828,1.221907615661621,0.5680178298165447,0.379081089535866,-1.6893522100232348,-1.6621685907306685,-3.1043808274344777,10.158434875469403,9.655813175902296,0.32815635204315186,0.6823465824127197,0.14701870458640443,onnx:artifacts/model_combat32_simple.onnx,combat_real/0069,combat_real,1188,4.24,0,True,2.744349099986721,0.6860872749966802
1.2409083843231201,1.5581598281860352,0.7442727557682804,0.6167680460225158,5.493062415587828,6.566281990846536,4.7901215816911,True,1.060559630393982,1.4226287603378296,0.5607320240309311,0.4479799234624317,-1.1041119194492444,-1.2158952258372384,-1.67965730791064,7.782177216683775,6.597174335037073,0.18034875392913818,0.13553106784820557,0.1835407317373493,onnx:artifacts/model_combat32_simple.onnx,combat_real/0070,combat_real,1580,3.68,0,True,3.3378589000203647,0.8344647250050912
1.5441778898239136,2.0615272521972656,0.8030032232806134,0.5575035781597185,7.816588707099921,8.393430002628408,6.000154679507659,True,1.0933319330215454,1.4571583271026611,0.6878702035560806,0.41635435184708947,3.42819672684227,3.4011493872248715,0.03775784074418999,4.992280615403537,4.388391980257651,0.45084595680236816,0.6043689250946045,0.11513301972453271,onnx:artifacts/model_combat32_simple.onnx,combat_real/0071,combat_real,61,3.4,0,False,2.782245000009425,0.6955612500023562
1.706763505935669,2.3224189281463623,0.8127087340352045,0.6539791079060311,4.996883287799695,6.124144438634437,4.9724894580017605,True,1.3145012855529785,1.931824803352356,0.7191783942105822,0.5994078613085236,3.339603824213284,3.895416251476633,2.1570594244282657,2.2287281871578037,1.6572794635864105,0.39226222038269043,0.39059412479400635,0.09353033982462233,onnx:artifacts/model_combat32_simple.onnx,combat_real/0072,combat_real,5105,11.75,0,True,3.143034400010947,0.7857586000027368
2.076481580734253,2.8924577236175537,0.9203769644157348,0.8556858350586023,16.180221759205438,16.13487765581894,12.227645952771942,True,1.1482268571853638,1.610485553741455,0.8544651866102106,0.7506518988220371,-0.19880379618127153,-0.19748062772042835,-0.4259916830506472,16.332358283539367,16.379025555386708,0.9282547235488892,1.2819721698760986,0.06591177780552415,onnx:artifacts/model_combat32_simple.onnx,combat_real/0073,combat_real,5639,0.13,0,False,3.1708447000128217,0.7927111750032054
1.9411277770996094,2.3009378910064697,0.8478141205900628,0.7350529169252976,10.901831901672274,11.133413804074637,10.530100239715619,True,1.1369202136993408,1.3498375415802002,0.6607749751361099,0.5705294134189295,2.428622552217018,2.393768525074609,6.031750493100685,8.739645279000028,8.473209349455257,0.8042075634002686,0.9511003494262695,0.18703914545395284,onnx:artifacts/model_combat32_simple.onnx,combat_real/0074,combat_real,672,2.43,0,False,2.610440800024662,0.6526102000061655
2.0301058292388916,2.6152985095977783,0.9626429580018179,0.9127626687461168,14.981725980722626,15.032103777149693,12.091005898271378,True,1.2185298204421997,1.547800064086914,0.9462041081701588,0.8020430909455101,10.516810375169916,10.50458512766516,6.564356938158289,4.5275186494845325,4.46491560555271,0.8115760087966919,1.0674984455108643,0.016438849831659108,onnx:artifacts/model_combat32_simple.onnx,combat_real/0075,combat_real,6829,10.77,0,False,3.067859500006307,0.7669648750015767
1.615535855293274,3.010697603225708,0.8802569411229435,0.7030042246143119,12.367046628689796,12.604711219499992,9.158083167025687,True,1.1905477046966553,1.7546100616455078,0.7668530807033641,0.5961292348313165,3.8816673582720873,3.8590514799561215,5.249739699441676,8.74565973954387,8.485379270417708,0.42498815059661865,1.2560875415802002,0.1134038604195794,onnx:artifacts/model_combat32_simple.onnx,combat_real/0076,combat_real,1089,4.09,0,False,2.779475099989213,0.6948687749973033
1.6324796676635742,2.1400063037872314,0.7418430038293865,0.6069536228781188,8.288112292290284,7.704194725577736,3.599456184468723,True,1.127328872680664,1.3904290199279785,0.6260676895237022,0.501994490143435,2.946562788153881,1.730079860372005,-1.161477123828232,5.974114865205731,5.341549504136403,0.5051507949829102,0.7495772838592529,0.11577531430568433,onnx:artifacts/model_combat32_simple.onnx,combat_real/0077,combat_real,1089,9.81,0,True,2.7432369000162,0.68580922500405
1.216406226158142,1.6478168964385986,0.8095052129190663,0.6080659951975269,6.820170045285718,7.590225224187664,5.587056105477212,True,1.0795209407806396,1.308894157409668,0.6447935356070701,0.47885607413804865,-1.3272788030480505,-1.2977022456576286,-0.5061242484708907,8.887927469845293,8.147448848333768,0.13688528537750244,0.33892273902893066,0.1647116773119962,onnx:artifacts/model_combat32_simple.onnx,combat_real/0078,combat_real,6930,1.54,0,True,2.685714600025676,0.671428650006419
1.1325767040252686,1.3796160221099854,0.631886712104647,0.4550203772600953,0.8885953764485017,3.1862210749482243,2.744681060681902,True,1.051877737045288,1.2849332094192505,0.5894839833277746,0.4261954964077767,-9.00659153308158,-8.919738826388052,-4.782269240278859,12.105959901336277,9.89518690953008,0.08069896697998047,0.09468281269073486,0.042402728776872345,onnx:artifacts/model_combat32_simple.onnx,combat_real/0079,combat_real,8463,4.13,0,True,2.8889726999914274,0.7222431749978568
1.3987276554107666,2.2405900955200195,0.7713715055798852,0.4936034780639391,12.091925190805814,12.017804859712617,7.228486708433959,True,1.2226780652999878,1.6671545505523682,0.7207638952709479,0.4995544679240179,6.150786787705819,6.271561113551153,2.3285767393158543,5.746243746161465,5.941138403099995,0.1760495901107788,0.5734355449676514,0.050607610308937345,onnx:artifacts/model_combat32_simple.onnx,combat_real/0080,combat_real,908,12.51,0,True,2.8009578000055626,0.7002394500013907
1.300600528717041,1.6757476329803467,0.8057238800263119,0.5946029340561967,8.76801243020383,9.184212160010947,5.529506397957896,True,1.0586705207824707,1.2222782373428345,0.7292458999495385,0.42547501639427787,1.480616262193051,1.487914633901775,-0.5610906550725031,7.696297526109172,7.28739616801078,0.2419300079345703,0.4534693956375122,0.07647798007677342,onnx:artifacts/model_combat32_simple.onnx,combat_real/0081,combat_real,7021,2.38,0,False,2.589762300020084,0.647440575005021
2.137254238128662,2.799292802810669,0.9015628445612315,0.7697102961338629,6.226908442276187,7.122351383653607,5.074542550534722,True,1.2650755643844604,1.6705951690673828,0.8213894243919682,0.598947402931695,4.231547388910107,4.750591203545486,1.6726032671561428,2.3717601801081205,1.9953610533660804,0.8721786737442017,1.1286976337432861,0.08017342016926332,onnx:artifacts/model_combat32_simple.onnx,combat_real/0082,combat_real,121,17.28,0,True,2.897611299995333,0.7244028249988332
2.0824854373931885,2.8930864334106445,0.9204919804693589,0.822109753101681,13.19723064655502,13.310998334691515,9.416688581977711,True,1.422762393951416,2.073073625564575,0.865047650494258,0.7203429842647547,9.947819855216334,9.921313419368845,6.068507305688985,3.38968491532267,3.2494107913386863,0.6597230434417725,0.8200128078460693,0.05544432997510085,onnx:artifacts/model_combat32_simple.onnx,combat_real/0083,combat_real,908,17.95,0,True,2.806295400019735,0.7015738500049338
2.5005338191986084,2.9622700214385986,0.9560325326296563,0.8900276307083752,16.34285282717784,16.40185468032033,12.9207890734504,True,1.3757411241531372,1.7874925136566162,0.875712920682804,0.8077194601315121,12.087456828205266,12.077203957348173,9.045711861717422,4.324650722972157,4.255395998972574,1.1247926950454712,1.1747775077819824,0.08031961194685222,onnx:artifacts/model_combat32_simple.onnx,combat_real/0084,combat_real,1284,15.77,0,True,2.817602099967189,0.7044005249917973
1.7592061758041382,2.385404109954834,0.8692888825901072,0.7242993086763279,4.675408245715337,5.875819935620594,4.33656685701368,True,1.2795732021331787,1.8683850765228271,0.8173434359860401,0.6077940575146069,0.9079783863224586,0.6799737172187397,-1.60174943107105,5.195846218401854,3.7674298593928786,0.4796329736709595,0.5170190334320068,0.05194544660406708,onnx:artifacts/model_combat32_simple.onnx,combat_real/0085,combat_real,4992,14.17,0,True,2.760779000003822,0.6901947500009555
1.2945388555526733,1.8403217792510986,0.7447177690791791,0.3966784630271945,7.316076483318367,8.004070458931768,3.527894904570455,True,1.0304359197616577,1.2691398859024048,0.5688065447310696,0.29181544048474867,-4.054632923818287,-4.0157363260844985,-4.740996086731878,12.019806785016266,11.370709407136655,0.2641029357910156,0.5711818933486938,0.17591122434810946,onnx:artifacts/model_combat32_simple.onnx,combat_real/0086,combat_real,237,4.6,0,True,2.6895938999950886,0.6723984749987721
2.5840554237365723,3.147270441055298,0.9568117443794569,0.9097280387231778,18.219788361148833,18.171913701897257,16.15103140928127,True,1.09894859790802,1.224298357963562,0.8270511356894841,0.743408802617688,7.5245643417029076,7.542521846206045,10.225784784160876,10.629391855691212,10.695224019445925,1.4851068258285522,1.9229720830917358,0.12976060868997286,onnx:artifacts/model_combat32_simple.onnx,combat_real/0087,combat_real,4992,7.83,0,False,2.6708262999891303,0.6677065749972826
2.044842481613159,2.643847942352295,0.9238903511720588,0.8550956689286199,15.331475673120043,15.396935657586784,13.50731906029741,True,1.3309762477874756,1.7157007455825806,0.8781760356242271,0.7947350938789847,11.58734097102718,11.599225456099859,9.380394531391882,3.7977102014869253,3.744134702092863,0.7138662338256836,0.9281471967697144,0.045714315547831674,onnx:artifacts/model_combat32_simple.onnx,combat_real/0088,combat_real,3575,12.01,0,False,2.6356983999721706,0.6589245999930426
3.1956119537353516,3.7945220470428467,0.995600633553578,0.9795060462887558,15.671124304513757,15.68532481663901,24.08334057169781,True,2.7426984310150146,2.8995537757873535,0.9931655839190007,0.9766329038540332,17.74802991486122,17.75473648372452,27.401266816171805,-2.069411667085511,-2.0769056103474632,0.4529135227203369,0.8949682712554932,0.002435049634577302,onnx:artifacts/model_combat32_simple.onnx,combat_real/0089,combat_real,6930,17.75,0,False,2.7580218000221066,0.6895054500055267
1.5791237354278564,2.14469051361084,0.8348842119378008,0.6749601712107348,12.222575438329816,12.402552726536376,7.521395017190116,True,1.0897040367126465,1.4859848022460938,0.7830843397891943,0.5872190008416854,6.062271362090988,6.029463862110046,0.5116424771673629,6.37308886442633,6.160304076238828,0.48941969871520996,0.6587057113647461,0.051799872148606485,onnx:artifacts/model_combat32_simple.onnx,combat_real/0090,combat_real,1089,6.55,0,False,2.6727979999850504,0.6681994999962626
1.1242854595184326,1.4695746898651123,0.7073746360058786,0.37780447345999424,2.7671495248446303,3.8517013450944897,3.67997955118522,True,1.0564484596252441,1.2421520948410034,0.5493454719944801,0.24141256812113693,-3.227942075483906,-0.72418936165565,-1.053849594055152,4.5758907067501395,5.995091600328536,0.06783699989318848,0.2274225950241089,0.15802916401139844,onnx:artifacts/model_combat32_simple.onnx,combat_real/0091,combat_real,4077,11.3,0,True,2.9497570999665186,0.7374392749916296
2.5869593620300293,3.298518657684326,0.905552821204451,0.8665731565855924,19.812481154449422,19.525673321941834,13.109895930418638,True,1.8115043640136719,2.7239840030670166,0.9052790188074155,0.8388021975564659,18.19334255393903,18.19523552237205,15.14063065837683,1.3304377995697827,1.619138600510393,0.7754549980163574,0.5745346546173096,0.00027380239703556075,onnx:artifacts/model_combat32_simple.onnx,combat_real/0092,combat_real,1188,18.2,0,False,2.92996649997076,0.73249162499269
2.45334529876709,2.989955425262451,0.915260096974152,0.8224868428438534,14.800820457559357,14.813618896289542,10.627040415365794,True,1.3409610986709595,2.342026948928833,0.8617616017699654,0.7064571479265342,9.658769960841285,9.619424142935495,7.513950541004767,5.194194753354047,5.142050496718072,1.1123842000961304,0.6479284763336182,0.05349849520418659,onnx:artifacts/model_combat32_simple.onnx,combat_real/0093,combat_real,3729,13.64,0,True,2.7934863000409678,0.6983715750102419
2.7956762313842773,3.40915846824646,0.915653577907111,0.7999005819633112,16.338654351469756,16.26961371660413,12.598521405537205,True,1.914103388786316,2.7180309295654297,0.8291791583165271,0.7483354286917073,15.608520497354819,15.619250252478745,13.13920281372407,0.6503634641253857,0.7301338541149374,0.8815728425979614,0.6911275386810303,0.08647441959058388,onnx:artifacts/model_combat32_simple.onnx,combat_real/0094,combat_real,7127,15.67,0,False,2.670901200035587,0.6677253000088967
1.2779850959777832,1.7156001329421997,0.8053312303921722,0.67389141265595,6.106693369471305,6.944044303082853,5.301910754314605,True,1.0363800525665283,1.2064744234085083,0.6337280467115906,0.36259560352466175,-2.936830958302467,-2.9853404083961004,-3.2249361221560444,9.929384711478953,9.043524327773772,0.24160504341125488,0.5091257095336914,0.1716031836805817,onnx:artifacts/model_combat32_simple.onnx,combat_real/0095,combat_real,121,4.75,0,True,2.8717781999730505,0.7179445499932626
2.934328556060791,3.640254020690918,0.9350684204259179,0.8679956956526543,13.070316967564937,13.171316459813667,11.869481524965131,True,1.7534830570220947,2.688302755355835,0.9042946731293146,0.8034780775092266,10.571373002903929,10.61207925494567,11.061117515190164,2.5592372048679977,2.4989439646610077,1.1808454990386963,0.951951265335083,0.030773747296603315,onnx:artifacts/model_combat32_simple.onnx,combat_real/0096,combat_real,1221,18.1,0,True,2.770843899983447,0.6927109749958618
2.450730800628662,2.952996253967285,0.965655799488812,0.8882979994020015,14.58013211458167,14.680506778909447,11.293600992389663,True,1.663297176361084,2.2142653465270996,0.9448437702086956,0.8139294600767232,11.831887887874847,11.863346395340917,8.874918919507625,2.8171603835685293,2.748244226706822,0.7874336242675781,0.7387309074401855,0.020812029280116384,onnx:artifacts/model_combat32_simple.onnx,combat_real/0097,combat_real,1320,12.03,0,False,2.8091150000109337,0.7022787500027334
1.9083349704742432,2.6810734272003174,0.8439601887771382,0.62842996608537,9.841853693703419,10.180000163220079,5.742140569628057,True,1.2417858839035034,1.8035202026367188,0.6934317748080635,0.45872992989330796,4.781557758915586,4.848703364561092,0.6130324644232746,5.331296798658987,5.060295934787833,0.6665490865707397,0.8775532245635986,0.15052841396907468,onnx:artifacts/model_combat32_simple.onnx,combat_real/0098,combat_real,908,14.08,0,True,2.7917413000250235,0.6979353250062559
1.8938539028167725,2.6041412353515625,0.9184116232777828,0.8093848298808073,12.984337604324779,13.099421963419285,10.309656538699471,True,1.2119114398956299,1.4863332509994507,0.8178229877567225,0.6571797416323533,6.169069841172561,6.133727545452827,5.959926453726916,6.965694417966458,6.815267763152217,0.6819424629211426,1.1178079843521118,0.10058863552106034,onnx:artifacts/model_combat32_simple.onnx,combat_real/0099,combat_real,4446,6.98,0,False,2.714589799987152,0.678647449996788
1.7842313051223755,2.4698309898376465,0.8397209391318944,0.6822873253915301,11.901958806562662,12.150638924990666,8.473370692476523,True,1.1353518962860107,1.5098915100097656,0.6607186515155515,0.4638132594416876,6.56227679482752,6.544134470374109,1.9710623801533518,5.606504454616557,5.3396820117351425,0.6488794088363647,0.9599394798278809,0.17900228761634285,onnx:artifacts/model_combat32_simple.onnx,combat_real/0100,combat_real,4507,14.92,0,True,2.8008413999923505,0.7002103499980876
1.598182201385498,2.027057647705078,0.8594760765092178,0.6684153446719915,11.463113188637939,11.643753655448387,6.978825180428376,True,1.0775377750396729,1.4200539588928223,0.8015643605489885,0.557888359649246,6.086607980794556,6.107682910917251,1.010843723688369,5.536070744531137,5.376505207843383,0.5206444263458252,0.6070036888122559,0.05791171596022926,onnx:artifacts/model_combat32_simple.onnx,combat_real/0101,combat_real,5142,10.11,0,True,2.5883801000309177,0.6470950250077294
1.4303293228149414,2.7804322242736816,0.8336014826043878,0.6758003211231118,8.320848154118634,8.903504170794319,4.031237823867235,True,1.1953125,2.0170934200286865,0.7765266878503524,0.6207866886810521,4.1365699372033395,4.160920235137626,-0.38183961333219435,4.742583935656693,4.184278216915295,0.2350168228149414,0.7633388042449951,0.05707479475403543,onnx:artifacts/model_combat32_simple.onnx,combat_real/0102,combat_real,6930,17.89,0,True,2.8241502000018954,0.7060375500004739
2.1279165744781494,2.671466112136841,0.9450628367734343,0.8378507230847791,11.732323920597409,11.838519144031814,8.725771834331855,True,1.315250277519226,1.8216547966003418,0.889689666651,0.6452882359365552,4.955384335916241,4.982404168225654,0.4994354481391114,6.85611497580616,6.776939584681168,0.8126662969589233,0.849811315536499,0.055373170122434257,onnx:artifacts/model_combat32_simple.onnx,combat_real/0103,combat_real,7127,4.98,0,False,2.7076900000101887,0.6769225000025472
1.878185510635376,2.5098447799682617,0.8169132796977743,0.6570421546655333,10.945450094623892,11.220349805046904,6.976697762313296,True,1.1386083364486694,1.2539381980895996,0.6318988630248903,0.5481952047534063,3.189585809638765,3.159812168569156,1.0807320434895336,8.060537636477749,7.755864284985127,0.7395771741867065,1.255906581878662,0.18501441667288399,onnx:artifacts/model_combat32_simple.onnx,combat_real/0104,combat_real,908,10.97,0,True,2.8692671000026166,0.7173167750006542
1.8680295944213867,2.482741594314575,0.8238949572604887,0.6733780601612043,8.318510130754142,8.897723925074114,5.504284190188928,True,1.1850090026855469,1.3859798908233643,0.7681307029856087,0.6075082751772846,2.6024117833195657,2.389288733590407,1.8825583477200811,6.5084351914837075,5.716098347434576,0.6830205917358398,1.096761703491211,0.055764254274879965,onnx:artifacts/model_combat32_simple.onnx,combat_real/0105,combat_real,672,6.95,0,True,2.773809899983462,0.6934524749958655
3.4989097118377686,3.6109046936035156,0.9328245235721699,0.9040826228172057,19.12810869892177,19.086779593771592,16.69490913451475,True,3.4975194931030273,3.6053218841552734,0.9375335333490329,0.9035632319269747,15.924037707305123,15.930516214788259,15.358068115831777,3.1562633789833328,3.204070991616648,0.001390218734741211,0.0055828094482421875,-0.004709009776862949,onnx:artifacts/model_combat32_simple.onnx,combat_real/0106,combat_real,7127,15.96,0,False,2.6585421999916434,0.6646355499979109
1.5219428539276123,1.9330157041549683,0.8615421226038645,0.6625796564340148,11.126853261883552,11.398434302761109,7.8930600576129155,True,1.1015560626983643,1.3177237510681152,0.7983862221413143,0.5338411989306113,2.111736877470859,2.0959923358281527,2.0716640964880764,9.302441966932957,9.015116384412693,0.42038679122924805,0.615291953086853,0.06315590046255026,onnx:artifacts/model_combat32_simple.onnx,combat_real/0107,combat_real,4970,3.0,0,False,2.9328093000221997,0.7332023250055499
1.4498724937438965,2.0968244075775146,0.8159177948918458,0.6607567054779847,8.772528147293302,9.288611146530002,6.222776685724071,True,1.0672528743743896,1.4591224193572998,0.7009753027911445,0.479708092544457,3.9532090642465283,3.7977737635125006,0.04744749198851878,5.490837383017501,4.819319083046774,0.38261961936950684,0.6377019882202148,0.11494249210070129,onnx:artifacts/model_combat32_simple.onnx,combat_real/0108,combat_real,8230,12.21,0,True,2.997818300034851,0.7494545750087127
2.411303997039795,2.9060983657836914,0.9424922257691484,0.8780211682608483,16.53233834984414,16.610908262849986,13.58291602197008,True,1.2861316204071045,1.7027580738067627,0.8827998058771271,0.7590808399316761,9.009065020540469,9.0135207746096,7.479414527759568,7.597387488240386,7.52327332930367,1.1251723766326904,1.2033402919769287,0.05969241989202123,onnx:artifacts/model_combat32_simple.onnx,combat_real/0109,combat_real,121,16.1,0,True,2.7892454999964684,0.6973113749991171
1.4043877124786377,1.9362077713012695,0.8283280945807742,0.7030350946686639,7.859389249950533,8.457613088845198,6.992202742747611,True,1.0810362100601196,1.355077862739563,0.7288995852049202,0.5635424945169578,2.6615273878870402,2.728804417179074,0.10850381029227801,5.728808671666124,5.197861862063493,0.32335150241851807,0.5811299085617065,0.09942850937585401,onnx:artifacts/model_combat32_simple.onnx,combat_real/0110,combat_real,1221,2.73,0,False,2.809685599990189,0.7024213999975473
1.6024812459945679,2.218167304992676,0.8464093657380334,0.6888630676790404,11.09539679349343,11.38589115108666,6.314996734143374,True,1.0954227447509766,1.5447025299072266,0.7780516161969517,0.5126066221347713,4.908209065974655,4.893346044807466,-0.2874519423119833,6.492545106279194,6.187187727518775,0.5070585012435913,0.6734647750854492,0.06835774954108165,onnx:artifacts/model_combat32_simple.onnx,combat_real/0111,combat_real,1580,5.36,0,False,2.800416099955328,0.700104024988832
1.9324250221252441,2.4622316360473633,0.87956042736476,0.7115296159876009,14.83267642428493,14.81383604859213,9.95085459048848,True,1.293330430984497,1.8134381771087646,0.8560161093458764,0.6179385709706776,11.314045802208579,11.376068319967082,5.368747021659156,3.4377677286250474,3.5186306220763512,0.6390945911407471,0.6487934589385986,0.02354431801888368,onnx:artifacts/model_combat32_simple.onnx,combat_real/0112,combat_real,4077,11.38,0,False,2.7562487000250258,0.6890621750062564
3.008801221847534,3.3876829147338867,0.9860108201300127,0.9416657415805479,21.196066336120076,20.96943047939839,16.831469479372082,True,2.1622860431671143,2.6120028495788574,0.9728560034176744,0.9084497476159342,19.0435123651636,18.951352545825195,15.980239755208963,2.0180779335731955,2.1525539709564754,0.8465151786804199,0.7756800651550293,0.013154816712338313,onnx:artifacts/model_combat32_simple.onnx,combat_real/0113,combat_real,4446,19.22,0,False,2.7334672000142746,0.6833668000035686
1.1827861070632935,1.5591373443603516,0.7450948558205,0.47858433335774775,4.022240472143683,5.440668876030845,3.725806173462828,True,1.0442421436309814,1.2766339778900146,0.5571815630284968,0.33121512562260863,-2.1374128061770308,-2.006060419326396,-3.2412092479446897,7.44672929535724,6.1596532783207145,0.138543963432312,0.2825033664703369,0.1879132927920032,onnx:artifacts/model_combat32_simple.onnx,combat_real/0114,combat_real,4077,7.94,0,True,2.8310967999859713,0.7077741999964928
1.5043115615844727,2.0296823978424072,0.7984780264676691,0.6058051345334935,7.9100145382597775,8.337756963037302,6.4797029742401655,True,1.0629419088363647,1.31349515914917,0.6778260233106206,0.4289511217503133,3.3760270383995303,3.2924751052417767,1.093140790597522,5.045281857795525,4.533987499860247,0.4413696527481079,0.7161872386932373,0.12065200315704849,onnx:artifacts/model_combat32_simple.onnx,combat_real/0115,combat_real,61,11.95,0,True,2.712335099990014,0.6780837749975035
2.346026659011841,2.957510471343994,0.941790871506696,0.8261364328264413,13.641456734368143,13.822549019668529,10.8130514384199,True,1.5785306692123413,2.0137722492218018,0.8863683002852836,0.7458123387167505,11.426760786583909,11.291157270126948,8.000783776140254,2.53139174954158,2.214695947784234,0.7674959897994995,0.9437382221221924,0.055422571221412475,onnx:artifacts/model_combat32_simple.onnx,combat_real/0116,combat_real,1284,13.75,0,True,2.7253669000347145,0.6813417250086786
1.741889476776123,2.1915879249572754,0.8548656811650268,0.7020102582921021,12.216197919862841,12.417222154601195,8.82765539268696,True,1.0798392295837402,1.3875830173492432,0.8019136036631908,0.5100952885486633,3.528595585609759,3.4897303468019953,-0.11935175962512687,8.9274918077992,8.687602334253082,0.6620502471923828,0.8040049076080322,0.05295207750183606,onnx:artifacts/model_combat32_simple.onnx,combat_real/0117,combat_real,7021,5.21,0,False,2.8456503999768756,0.7114125999942189
2.701442003250122,3.0894834995269775,0.9495313618280529,0.8960699349933764,19.90408492305032,19.74768801951167,16.04102053061646,True,1.3593955039978027,1.8328795433044434,0.9207189505057016,0.8366927018314544,16.76540599777026,16.77573924865381,12.637441185018833,2.9719487708578605,3.138678925280061,1.3420464992523193,1.2566039562225342,0.02881241132235124,onnx:artifacts/model_combat32_simple.onnx,combat_real/0118,combat_real,1320,16.87,0,False,2.8055217000073753,0.7013804250018438
1.08561372756958,1.28122079372406,0.6048064779667186,0.3894216869855583,-4.511575223948777,-5.2074572618195,-4.610722326204627,True,1.0434635877609253,1.0937632322311401,0.3613813424468946,0.33925772797190984,-7.4228751458359135,-10.916622863259974,-6.616842115633984,5.709165601440474,2.911299921887136,0.042150139808654785,0.18745756149291992,0.24342513551982398,onnx:artifacts/model_combat32_simple.onnx,combat_real/0119,combat_real,6930,7.62,0,True,2.8670403000433,0.716760075010825
2.0994033813476562,2.471160650253296,0.8223656013524971,0.6803282094561988,11.87515698211978,12.13975692957781,12.803481133281236,True,1.1739063262939453,1.8050144910812378,0.7612270662191832,0.5967023206254635,1.8435409919470143,1.815553947404346,8.245300280538192,10.324202982173464,10.031615990172766,0.9254970550537109,0.6661461591720581,0.06113853513331391,onnx:artifacts/model_combat32_simple.onnx,combat_real/0120,combat_real,1580,2.5,0,False,2.7789618999813683,0.6947404749953421
2.3451881408691406,3.2143983840942383,0.9346708340202772,0.832013659899055,14.994658121698626,15.077647929146575,9.783616257198963,True,1.4449371099472046,2.1749367713928223,0.8806459397687386,0.7181483806159418,8.713703516839473,8.715321947503465,3.9377616011725043,6.36232598164311,6.2809546048591525,0.900251030921936,1.039461612701416,0.05402489425153856,onnx:artifacts/model_combat32_simple.onnx,combat_real/0121,combat_real,237,8.85,0,False,2.7136510999989696,0.6784127749997424
2.2724497318267822,3.0503151416778564,0.9641375544407358,0.9185278240483057,11.538884011929355,11.78754423486772,9.489496786630164,True,2.031339406967163,2.6560041904449463,0.9834546491400101,0.9358090434778051,6.813991129249861,6.808654809995787,4.893750321479581,4.978889424871934,4.724892882679494,0.24111032485961914,0.39431095123291016,-0.01931709469927434,onnx:artifacts/model_combat32_simple.onnx,combat_real/0122,combat_real,6829,14.9,0,True,2.72006700001657,0.6800167500041425
1.456307291984558,1.8170008659362793,0.7629442194506234,0.5334773539232911,9.23516856602628,8.117298516978252,5.390109839310299,True,1.089841604232788,1.407778024673462,0.5787632440482052,0.4020997445931709,4.194065627377343,3.599788920807694,0.8440092086036584,4.517509596170559,5.041102938648937,0.36646568775177,0.4092228412628174,0.18418097540241818,onnx:artifacts/model_combat32_simple.onnx,combat_real/0123,combat_real,1320,9.9,0,True,2.773593300022185,0.6933983250055462
1.6435468196868896,2.280034065246582,0.8085021107329156,0.6027330139876538,9.21695950711143,9.64817598879694,5.974408836758541,True,1.1162997484207153,1.5306475162506104,0.720662005982492,0.4216303311712014,3.5904978072738833,3.667797463553808,-0.24665600067283572,5.980378525243132,5.626461699837546,0.5272470712661743,0.7493865489959717,0.08784010475042359,onnx:artifacts/model_combat32_simple.onnx,combat_real/0124,combat_real,4077,3.97,0,False,2.9371231999830343,0.7342807999957586
2.119000196456909,2.9283864498138428,0.9574527306674715,0.8601399354319739,9.99413661102738,10.393008311583587,7.886213111869532,True,1.4083102941513062,2.0409867763519287,0.9349323819300208,0.7940823854310524,7.478778703031522,7.530628205818422,4.0299996269510086,2.8623801057651654,2.515357907995859,0.710689902305603,0.8873996734619141,0.02252034873745068,onnx:artifacts/model_combat32_simple.onnx,combat_real/0125,combat_real,6829,16.43,0,True,2.742725900025107,0.6856814750062767
1.2362357378005981,1.5349080562591553,0.7619699326591376,0.45931018100056786,5.78372941568893,6.772884209027708,4.058639534625467,True,1.0610792636871338,1.3060176372528076,0.6876504054587295,0.39282004957903355,0.8425766797174064,0.6560182437926982,-1.2686653446953846,6.11686596523501,4.9411527359715235,0.17515647411346436,0.22889041900634766,0.07431952720040813,onnx:artifacts/model_combat32_simple.onnx,combat_real/0126,combat_real,7176,4.8,0,True,2.8081414999905974,0.7020353749976493
1.821667194366455,2.1894452571868896,0.8177359248449023,0.706825899360265,10.995781849800952,11.226180821931461,8.685814693638884,True,1.1447060108184814,1.5491241216659546,0.7233630790688185,0.576005147026775,7.059891228257602,7.045252073880283,4.455847131744718,4.180928748051178,3.9358906215433507,0.6769611835479736,0.6403211355209351,0.09437284577608385,onnx:artifacts/model_combat32_simple.onnx,combat_real/0127,combat_real,672,11.86,0,True,2.8229867999907583,0.7057466999976896
1.6035206317901611,2.2900032997131348,0.861830949310717,0.7411739584750732,8.154405738244964,8.68675841653689,6.754026414232486,True,1.079218864440918,1.4183924198150635,0.7730426196163714,0.5840418469449811,1.8106079439610339,1.751918799689246,0.5997576370575619,6.934839616847643,6.3437977942839305,0.5243017673492432,0.8716108798980713,0.08878832969434558,onnx:artifacts/model_combat32_simple.onnx,combat_real/0128,combat_real,4992,10.8,0,True,2.6399986000033095,0.6599996500008274
1.584949016571045,2.0980489253997803,0.8556173232493146,0.6619488728588122,7.756872145461236,8.171593005577568,6.590611855044473,True,1.0691313743591309,1.3686277866363525,0.7451721137322734,0.5025685236424463,-4.755135355009188,-4.59395497560132,-2.5283740968144004,12.765547981178887,12.512007500470425,0.5158176422119141,0.7294211387634277,0.11044520951704118,onnx:artifacts/model_combat32_simple.onnx,combat_real/0129,combat_real,4446,2.75,0,True,2.673433699994348,0.668358424998587
1.0766745805740356,1.2357553243637085,0.6335250323263691,0.4314382130128476,3.0337907422003423,4.067682856140787,4.003719035474812,True,1.1180267333984375,1.3805474042892456,0.4772172889383944,0.3047622990393258,-2.537442424977275,0.04125915727940222,-1.2907381604523707,4.026423698861385,5.571233167177617,-0.041352152824401855,-0.1447920799255371,0.15630774338797476,onnx:artifacts/model_combat32_simple.onnx,combat_real/0130,combat_real,8555,5.08,0,True,2.8207941000000574,0.7051985250000143
3.6257009506225586,4.116423606872559,0.9843847083354276,0.9471211048543458,15.585217950053343,15.67330714119633,13.194596613846404,True,2.971550941467285,3.8851873874664307,0.980110539393347,0.9189506306833188,14.834946955237138,14.864786491305535,11.198704011318485,0.8085206498907951,0.750270994816205,0.6541500091552734,0.23123621940612793,0.004274168942080547,onnx:artifacts/model_combat32_simple.onnx,combat_real/0131,combat_real,2094,14.86,0,False,2.718246999953408,0.679561749988352
2.7134695053100586,3.2390778064727783,0.9579753487069681,0.8459021625716953,21.44887826183494,21.29408478597498,16.305761475480622,True,1.7629024982452393,2.2447807788848877,0.9446797744758154,0.8049879641774961,18.772137001872043,18.765286748889164,13.325315982634088,2.528798037085817,2.6767412599628955,0.9505670070648193,0.9942970275878906,0.013295574231152685,onnx:artifacts/model_combat32_simple.onnx,combat_real/0132,combat_real,61,18.77,0,False,2.792786200006958,0.6981965500017395
1.3711166381835938,1.988578200340271,0.8905465218198667,0.7456862195193231,3.557124297062023,5.124608626129835,4.223477060085357,True,1.0957506895065308,1.374868392944336,0.7624933520597875,0.5588704365494676,-0.5874543607964106,-0.3996926113599975,-0.72342443305242,5.524301237489833,4.144578657858434,0.275365948677063,0.6137098073959351,0.1280531697600792,onnx:artifacts/model_combat32_simple.onnx,combat_real/0133,combat_real,61,4.14,0,True,2.776145300013013,0.6940363250032533
2.0426928997039795,2.498626947402954,0.8739997828055761,0.7550837779788826,13.014066095027381,13.043372852084623,10.688750065389982,True,1.1461191177368164,1.491686463356018,0.7943017265960495,0.6574139258434482,6.627290490799849,6.5038212698776565,4.433304797985121,6.5395515822069665,6.386775604227532,0.8965737819671631,1.006940484046936,0.07969805620952664,onnx:artifacts/model_combat32_simple.onnx,combat_real/0134,combat_real,3570,12.39,0,True,2.657733800006099,0.6644334500015248
3.3999531269073486,3.9331514835357666,0.984537102219342,0.9275402263651221,23.802784632153827,23.655204913886298,21.633800367042284,True,1.824081301689148,2.269979476928711,0.913937720113531,0.8520986602066453,19.539440026026384,19.542736108814797,21.30192683467365,4.112468805071501,4.263344606127443,1.5758718252182007,1.6631720066070557,0.07059938210581096,onnx:artifacts/model_combat32_simple.onnx,combat_real/0135,combat_real,6930,19.62,0,False,2.974986599991098,0.7437466499977745
1.512670874595642,1.970173954963684,0.8006127954271032,0.7035869468320625,9.694609580501316,9.986081131031815,8.059951334131783,True,1.049924373626709,1.243085265159607,0.69657193736957,0.49348062166245465,3.04471511813017,3.0363923208301498,0.17464151249105198,6.949688810201666,6.649894462371146,0.4627465009689331,0.7270886898040771,0.10404085805753316,onnx:artifacts/model_combat32_simple.onnx,combat_real/0136,combat_real,3575,7.26,0,True,2.769899000006262,0.6924747500015656
1.8679958581924438,2.6304116249084473,0.8297555199905694,0.6964338472383299,12.93476815258675,13.08215232115072,8.85312833013458,True,1.232153296470642,1.7656991481781006,0.7622103914310245,0.5975383905361721,6.965723987236512,6.941119343535479,4.139157621359117,6.14103297761524,5.969044165350239,0.6358425617218018,0.8647124767303467,0.06754512855954486,onnx:artifacts/model_combat32_simple.onnx,combat_real/0137,combat_real,8455,13.03,0,True,2.9009897999931127,0.7252474499982782
2.316931962966919,3.0653653144836426,0.9535225502022182,0.9022692272777325,14.93705011137971,15.049541164323264,15.364035617181687,True,1.1899833679199219,1.8692690134048462,0.9150212596735321,0.7942705516467212,7.853778152330159,7.864152235867802,12.242096349020555,7.1853889284554615,7.083271959049551,1.126948595046997,1.1960963010787964,0.038501290528686116,onnx:artifacts/model_combat32_simple.onnx,combat_real/0138,combat_real,4992,8.52,0,False,2.8784891000250354,0.7196222750062589
2.2480626106262207,2.908172607421875,0.8886355261218744,0.7446436964822202,12.17536106542093,12.337221722592684,7.535377995025943,True,1.385157585144043,1.9421272277832031,0.8195569324432641,0.5857072690647357,10.65343066522145,10.678177423743726,5.10451614677908,1.6590442988489578,1.52193040019948,0.8629050254821777,0.9660453796386719,0.06907859367861025,onnx:artifacts/model_combat32_simple.onnx,combat_real/0139,combat_real,1284,15.91,0,True,2.7474189999629743,0.6868547499907436
1.4967037439346313,2.236661195755005,0.8354142373289758,0.7078159554321432,16.563055680258024,16.264870446960785,12.599713791690233,True,1.0450160503387451,1.1855995655059814,0.6642962808584826,0.5983216960171229,0.84795276342681,0.8565639618447967,3.816354213035797,15.408306485115988,15.715102916831214,0.45168769359588623,1.0510616302490234,0.17111795647049322,onnx:artifacts/model_combat32_simple.onnx,combat_real/0140,combat_real,5639,7.05,0,True,2.826522000017576,0.706630500004394
1.958510398864746,2.657850503921509,0.8741387571995634,0.7513875191083688,10.479421825778854,10.762314819676762,7.682527019559471,True,1.265663981437683,2.018136501312256,0.8270623615923683,0.6386498562420769,5.9276348077155685,6.109745563599599,3.157365962674313,4.652569256077163,4.551787018063285,0.692846417427063,0.6397140026092529,0.04707639560719501,onnx:artifacts/model_combat32_simple.onnx,combat_real/0141,combat_real,8455,12.24,0,True,2.7061344999819994,0.6765336249954998
2.571229934692383,3.2271084785461426,0.9536926694807196,0.9129251822421258,19.391103998111305,19.378473347048143,16.2482910185868,True,1.6630442142486572,2.0532257556915283,0.9453370200597497,0.8745502224577015,17.76614096620699,17.76450059790504,13.969794619449784,1.6139727491431017,1.624963031904315,0.9081857204437256,1.1738827228546143,0.00835564942096989,onnx:artifacts/model_combat32_simple.onnx,combat_real/0142,combat_real,237,18.23,0,False,2.7213662999565713,0.6803415749891428
2.021618366241455,2.5996885299682617,0.8694437919674627,0.7498380909887035,12.581991368567833,12.705253169702416,12.10672110219736,True,1.1725866794586182,1.3003251552581787,0.7637256003144439,0.6478503395826597,0.5893734450518194,0.7508714749048035,7.450436080406347,11.954381694797613,11.992617923516013,0.8490316867828369,1.299363374710083,0.10571819165301877,onnx:artifacts/model_combat32_simple.onnx,combat_real/0143,combat_real,8230,0.69,0,False,2.761054599948693,0.6902636499871733
1.4327239990234375,1.79811429977417,0.8117767351115754,0.6238062544966548,6.611752669382857,7.418014956272671,5.3857972990059135,True,1.092307448387146,1.4235206842422485,0.7529626887408903,0.4604356479800964,0.904368889339578,0.9867132892041512,-0.053044999708798196,6.43130166706852,5.707383780043279,0.3404165506362915,0.3745936155319214,0.0588140463706851,onnx:artifacts/model_combat32_simple.onnx,combat_real/0144,combat_real,8455,2.32,0,False,2.8689661999815144,0.7172415499953786
2.161377429962158,2.806882858276367,0.9477446780089892,0.8745173323071102,17.19334771404507,17.243259569014022,15.1802639567214,True,1.1007157564163208,1.4451241493225098,0.8426402312116256,0.6781080939989478,11.2204983374828,11.227967964504446,12.722943654070209,6.015291604509576,5.972849376562271,1.0606616735458374,1.3617587089538574,0.10510444679736364,onnx:artifacts/model_combat32_simple.onnx,combat_real/0145,combat_real,4992,11.58,0,False,2.8273365999921225,0.7068341499980306
1.3200790882110596,1.8286564350128174,0.6975046749916067,0.48076989843585405,4.090262584027193,5.42708907238198,3.686856945859273,True,1.0618634223937988,1.323557734489441,0.5440681959955821,0.3275126855081665,-2.0219883741870053,-1.3987249274740066,-4.66180134754548,6.825813999855987,6.112250958214198,0.25821566581726074,0.5050987005233765,0.15343647899602464,onnx:artifacts/model_combat32_simple.onnx,combat_real/0146,combat_real,3575,13.88,0,True,2.8180276000057347,0.7045069000014337
1.4362083673477173,2.0655758380889893,0.844581826919633,0.6952192482263266,8.321971013471206,8.551162033080711,6.885117074451441,True,1.0832465887069702,1.35072922706604,0.7735787411725946,0.5810014842545956,4.783878297290144,5.197174883755187,2.794452030812132,3.3539871493255244,3.538092716181062,0.35296177864074707,0.7148466110229492,0.0710030857470384,onnx:artifacts/model_combat32_simple.onnx,combat_real/0147,combat_real,6930,14.37,0,True,2.64773339999374,0.661933349998435
2.2627947330474854,2.9448392391204834,0.946936241110269,0.8717290267977699,16.096828380966166,16.14035166736239,12.47221937380611,True,1.3148996829986572,2.120513677597046,0.9256458876581379,0.7955937399310294,11.93879778498789,11.902443992848376,7.93594654973755,4.2379076745140125,4.158030595978275,0.9478950500488281,0.8243255615234375,0.02129035345213104,onnx:artifacts/model_combat32_simple.onnx,combat_real/0148,combat_real,1995,19.3,0,True,2.676057900011074,0.6690144750027684
1.9587125778198242,2.702401638031006,0.8920113715077942,0.8117057892098217,11.167514494084545,11.403133337248551,11.099535313178869,True,1.1763752698898315,1.5691595077514648,0.8251371492422978,0.7349004101668627,-2.9597519769755287,-2.8381776962133842,7.717611123148426,14.241311033461935,14.127266471060073,0.7823373079299927,1.133242130279541,0.06687422226549644,onnx:artifacts/model_combat32_simple.onnx,combat_real/0149,combat_real,121,9.37,0,True,2.701495099987369,0.6753737749968423
